id,坡度均值,坡度标准差,坡向,粗糙度,平面曲率均值,平面曲率标准差,,剖面曲率均值,剖面曲率标准差,,到河流距离,到断层距离,土地覆盖,岩性,高程,植被,lon,lat
0,25.596548080444336,11.60979175567627,251.38526916503906,12.50423812866211,0.0012339184759184718,0.004769955296069384,,0.006041912827640772,0.020712217316031456,,441.0051139733433,6545.448055363183,2,SC4,50.945247650146484,茅栗、白栎灌丛,108.6888254,29.53620006
1,14.431137084960938,9.184996604919434,323.1526527404785,8.09678840637207,0.003861990524455905,0.0029926570132374763,,0.017359236255288124,0.03193220496177673,,662.8157152873179,6707.115917980781,2,SC4,8.25798511505127,茅栗、白栎灌丛,108.6884236,29.53835799
2,15.306295394897461,13.647570610046387,14.310641288757324,7.209352493286133,0.0011734084691852331,0.0030401910189539194,,0.011251420713961124,0.056300364434719086,,490.0194342237752,6325.332039775347,7,SC4,47.403167724609375,茅栗、白栎灌丛,108.6925242,29.537574
3,33.118492126464844,15.670916557312012,229.5402069091797,17.95347023010254,0.005837231874465942,0.009572990238666534,,-0.04658328,0.17571058869361877,,663.9434188535962,6831.451400124391,2,SC4,30.517749786376953,茅栗、白栎灌丛,108.686996,29.53848714
4,6.913498878479004,9.447224617004395,246.82554626464844,3.0367188453674316,0.001423184061422944,0.004360240884125233,,0.004077870398759842,0.029557686299085617,,510.2782595023037,6126.945646997497,7,SC4,17.23219108581543,茅栗、白栎灌丛,108.6953138,29.53806788
5,22.29405403137207,10.954833984375,338.29375648498535,10.880559921264648,0.0013357882853597403,0.009045525453984737,,-0.000116028,0.018533291295170784,,515.4742069513782,6436.7237523333815,2,SC4,51.250579833984375,茅栗、白栎灌丛,108.6904305,29.53657525
6,20.557666778564453,11.405529975891113,283.0558624267578,9.915702819824219,0.000520541740115732,0.004630871582776308,,0.015774305909872055,0.03166889399290085,,573.5199180157476,5759.238831174952,7,SC4,18.3804988861084,茅栗、白栎灌丛,108.6992095,29.53723931
7,18.68540382385254,12.531503677368164,349.7040271759033,9.334975242614746,0.0006809596088714898,0.006230916362255812,,0.0032767602242529392,0.049907077103853226,,364.27183053924443,6661.656351689564,2,SC4,49.033573150634766,茅栗、白栎灌丛,108.6871154,29.53578421
8,19.338382720947266,7.84296178817749,218.73959350585938,9.02185344696045,0.0025600953958928585,0.003432667115703225,,0.012388617731630802,0.024113411083817482,,476.77612414996617,5924.209253627791,7,SC4,19.37964630126953,茅栗、白栎灌丛,108.6971984,29.53725079
9,25.78165626525879,7.848595142364502,262.177001953125,12.295214653015137,-0.000371114,0.006569647695869207,,-0.000297762,0.014016359113156796,,476.57947261401546,7105.748562260112,2,SC4,48.1977424621582,茅栗、白栎灌丛,108.6822471,29.53645898
10,4.8529791831970215,3.220043420791626,304.1373481750488,2.7812459468841553,-0.000573516,0.00096198043320328,,0.0327068455517292,0.03742450103163719,,381.91697613389414,5925.309460142526,7,SC4,2.0889477729797363,茅栗、白栎灌丛,108.6966587,29.53653102
11,23.19365119934082,10.518356323242188,178.07666015625,11.870502471923828,0.003144259797409177,0.0065515730530023575,,-0.013339316,0.04278302192687988,,606.1987370860234,5549.36356070404,2,SC4,21.40117073059082,茅栗、白栎灌丛,108.7014805,29.53683124
12,26.0758113861084,8.315935134887695,223.546630859375,12.6149263381958,0.0011635316768661141,0.006579323206096888,,-0.001892536,0.008841773495078087,,567.5514799344895,7155.912934861698,2,SC4,21.058320999145508,茅栗、白栎灌丛,108.6821947,29.53727823
13,13.475626945495605,7.476277828216553,235.09102630615234,6.171879768371582,0.0005061645642854273,0.003824448911473155,,0.0025605703704059124,0.01788932830095291,,409.05729398339713,5527.80066710455,2,SC4,39.92290115356445,茅栗、白栎灌丛,108.7005792,29.5352373
14,28.875659942626953,3.314966917037964,237.3914031982422,13.203686714172363,0.011131093837320805,0.005908099934458733,,-0.005373792,0.007881712168455124,,538.1179265417768,7193.631210671823,2,SC4,9.45623779296875,茅栗、白栎灌丛,108.6815174,29.5369391
15,22.755475997924805,9.324515342712402,292.93627166748047,10.811017036437988,0.0011189484503120184,0.004915938712656498,,0.0005621440941467881,0.030733512714505196,,281.0385148968765,6915.619689313444,2,SC4,35.19501876831055,茅栗、白栎灌丛,108.683297,29.53461359
16,10.125849723815918,9.307398796081543,309.47863006591797,4.645106792449951,0.0002805521071422845,0.0029781453777104616,,0.002084367210045457,0.026835383847355843,,334.8662293872422,6194.206159658389,7,SC4,29.184764862060547,茅栗、白栎灌丛,108.6932007,29.53630359
17,23.571325302124023,6.881353855133057,164.00294494628906,11.440827369689941,0.0030574065167456865,0.007142383139580488,,-0.007318505,0.013575766235589981,,542.8722579977857,5590.126365136232,2,SC4,18.244077682495117,茅栗、白栎灌丛,108.700735,29.53649411
18,24.44630241394043,11.870895385742188,197.29415893554688,12.287805557250977,0.0020267025101929903,0.008200117386877537,,0.02113843336701393,0.07321441173553467,,483.6768163926098,5653.822172255777,2,SC4,29.165307998657227,茅栗、白栎灌丛,108.6997665,29.5362359
19,19.81414031982422,9.592265129089355,224.2246094,9.473989486694336,0.0025441942270845175,0.005809955298900604,,-0.017955519,0.14181597530841827,,466.50795103208577,7266.205129007835,7,SC4,27.55636978149414,茅栗、白栎灌丛,108.6797963,29.5356321
20,3.8069324493408203,2.6087398529052734,86.35649871826172,1.8532739877700806,-0.000211993,0.0014525923179462552,,-0.000712784,0.035234540700912476,,216.8567433793934,6019.8415920288735,7,SC4,4.123561859130859,茅栗、白栎灌丛,108.694717,29.53545787
21,11.041550636291504,5.287572383880615,239.4653778076172,4.94912576675415,0.0006030357326380908,0.0025344891473650932,,0.016209879890084267,0.004906113259494305,,436.2459612341694,5808.718765732401,7,SC4,4.7308807373046875,茅栗、白栎灌丛,108.6979682,29.5363699
22,6.8105363845825195,5.900826454162598,208.84996032714844,3.193284511566162,9.422667790204287e-05,0.0017190754879266024,,0.01818286068737507,0.029371269047260284,,372.28369068157906,5840.811262546596,7,SC4,5.80330228805542,茅栗、白栎灌丛,108.6973428,29.53605178
23,4.903927803039551,3.1921236515045166,181.8583526611328,2.738589286804199,-0.00053298,0.0011724944924935699,,0.020641429349780083,0.05752456560730934,,395.14305821171035,5764.22728898944,7,SC4,2.5934176445007324,茅栗、白栎灌丛,108.6981242,29.53583827
24,17.048416137695312,10.12273120880127,282.1033172607422,8.057112693786621,-0.000403515,0.004613477736711502,,0.005828137509524822,0.024711236357688904,,415.86852772868843,5310.07825795019,2,SC4,29.614233016967773,茅栗、白栎灌丛,108.702496,29.53421347
25,4.262622356414795,2.5462393760681152,19.905248641967773,1.932510495185852,-7.34E-05,0.0012576490407809615,,0.0008777563343755901,0.03383224830031395,,176.6107981325849,5890.031018103925,7,SC4,5.186286926269531,茅栗、白栎灌丛,108.6958369,29.53481596
26,9.250707626342773,8.315518379211426,177.2564697265625,4.222802639007568,0.00022797755082137883,0.0021643415093421936,,0.012785890139639378,0.05736081302165985,,302.0628178304759,5721.566523637109,7,SC4,9.581149101257324,茅栗、白栎灌丛,108.6980143,29.53497345
27,19.75963020324707,6.034730434417725,210.15867614746094,9.184747695922852,-2.39E-05,0.004936109762638807,,0.0022859424352645874,0.01552773080766201,,424.1817870532736,5572.162305589012,2,SC4,18.311599731445312,茅栗、白栎灌丛,108.7002389,29.53551472
28,22.081220626831055,9.077012062072754,310.3852653503418,10.616381645202637,-0.000694248,0.006545030977576971,,0.0036288276314735413,0.033172607421875,,339.8139990148188,4999.583633838505,2,SC4,32.0879020690918,茅栗、白栎灌丛,108.7054526,29.53305836
29,22.906007766723633,8.059228897094727,211.60626220703125,10.697454452514648,-0.000508055,0.004802257753908634,,-0.002389556,0.01755286008119583,,357.91877503638733,4884.035955547433,2,SC4,39.75553512573242,茅栗、白栎灌丛,108.7070774,29.5333459
30,22.3989315032959,12.919594764709473,233.16959381103516,11.141571998596191,0.0010815708665177226,0.008470765314996243,,0.002345298882573843,0.020443378016352654,,331.3521291376156,6835.684228744342,2,SC4,48.302425384521484,茅栗、白栎灌丛,108.6843711,29.53480189
31,4.795936584472656,3.1344594955444336,7.9934468269348145,2.267763614654541,-0.000681737,0.0015970937674865127,,0.0068146525882184505,0.030164463445544243,,250.2942902112298,6152.9499441796825,7,SC4,3.0128209590911865,茅栗、白栎灌丛,108.693021,29.53536679
32,17.86598777770996,10.352317810058594,344.65353870391846,8.646526336669922,0.0006737088551744819,0.004815742373466492,,-0.004297231,0.028054827824234962,,348.139104285864,4585.80202176896,2,SC4,36.80989074707031,茅栗、白栎灌丛,108.7096055,29.53181005
33,11.1383638381958,4.979245185852051,278.05171966552734,4.864784240722656,-0.00054726,0.003140147076919675,,-0.00047172,0.01840658113360405,,419.46816271646355,4527.653895936894,2,SC4,30.038118362426758,茅栗、白栎灌丛,108.7103887,29.53190771
34,9.266644477844238,5.421363353729248,79.2886734008789,4.589666843414307,0.0006048345821909606,0.004025720059871674,,0.010890931822359562,0.023855622857809067,,231.3145892713461,6157.388036373654,7,SC4,9.105997085571289,茅栗、白栎灌丛,108.6923099,29.53446823
35,11.765891075134277,6.6075286865234375,26.288330078125,5.846758842468262,-0.000610553,0.003444726811721921,,0.024076584726572037,0.027240393683314323,,278.24386704877514,6217.135113833647,7,SC4,6.736278533935547,茅栗、白栎灌丛,108.6917702,29.53473049
36,21.05504035949707,9.134977340698242,327.376766204834,10.477835655212402,0.003250131383538246,0.005409544333815575,,-0.005762605,0.015796585008502007,,571.5818113970385,4679.043045926006,2,SC4,19.35235595703125,茅栗、白栎灌丛,108.7102094,29.53419715
37,19.885055541992188,8.360573768615723,206.18008422851562,9.171167373657227,0.0005310725537128747,0.005691260099411011,,0.00360385375097394,0.01725747622549534,,308.32950405157806,7038.119777866748,2,SC4,34.902923583984375,茅栗、白栎灌丛,108.6820377,29.53491457
38,7.538064956665039,5.464944362640381,287.81311798095703,3.497462749481201,0.0003893596294801682,0.0023662042804062366,,0.0030472208745777607,0.03142351657152176,,70.14306700635582,5985.159717509949,7,SC4,7.545098781585693,茅栗、白栎灌丛,108.6936347,29.53339607
39,19.80219078063965,5.104145050048828,270.9087142944336,8.99255657196045,-0.000950224,0.0035698546562343836,,-7.60E-05,0.012376422062516212,,497.185353934482,7430.026392323998,2,SC4,20.870765686035156,茅栗、白栎灌丛,108.6765467,29.53364838
40,17.287809371948242,6.791835308074951,255.95890045166016,8.116466522216797,0.0015906922053545713,0.004231363534927368,,0.00013836332072969526,0.0184013694524765,,435.2423318225106,7366.918804355324,2,SC4,24.815828323364258,茅栗、白栎灌丛,108.6771981,29.53349753
41,20.085956573486328,10.606295585632324,27.575632095336914,9.734743118286133,-0.000393854,0.005129732191562653,,0.024108370766043663,0.07623545080423355,,419.67984721545923,7288.150262743638,2,SC4,23.839275360107422,茅栗、白栎灌丛,108.6788759,29.53462714
42,19.430273056030273,8.125606536865234,209.55581665039062,9.241143226623535,0.0008952590869739652,0.005476123653352261,,0.0066498080268502235,0.032657820731401443,,469.710563306309,4304.280354614077,7,SC4,21.93286895751953,茅栗、白栎灌丛,108.713149,29.53194282
43,16.041318893432617,11.78388786315918,4.35181999206543,8.279298782348633,0.00048424297710880637,0.005300705786794424,,0.023653356358408928,0.04361184313893318,,260.0234517825803,7140.436712092752,7,SC4,20.67145347595215,茅栗、白栎灌丛,108.6798777,29.53347695
44,6.372796058654785,3.190526247024536,15.435077667236328,3.2563602924346924,-0.000904758,0.0019545077811926603,,0.01627996750175953,0.05400710925459862,,100.57121024214365,5733.160380671858,7,SC4,2.982961654663086,茅栗、白栎灌丛,108.6967661,29.53346016
45,6.925431251525879,3.2891080379486084,212.04147338867188,3.2932775020599365,0.0010241619311273098,0.0015207789838314056,,-0.005636921,0.02757580205798149,,98.69042547195492,5672.526924119541,7,SC4,4.201979637145996,茅栗、白栎灌丛,108.6973424,29.5332332
46,12.95703411102295,8.39925479888916,179.09474182128906,5.755463600158691,0.0027771044988185167,0.005736221559345722,,-0.008837261,0.04806923866271973,,308.0633388665009,5508.893405290953,7,SC4,30.80071449279785,茅栗、白栎灌丛,108.7001902,29.53438864
47,23.322261810302734,10.910318374633789,160.26620483398438,11.100993156433105,0.0016242644051089883,0.0056234137155115604,,0.0059332093223929405,0.03639639541506767,,340.42151730822746,5198.682407479289,2,SC4,28.732946395874023,茅栗、白栎灌丛,108.7033301,29.53348906
48,21.465373992919922,5.4188666343688965,254.64653778076172,9.919410705566406,0.0012667650589719415,0.0058741262182593346,,-0.004574873,0.009269442409276962,,552.9981709566791,7485.548610313804,2,SC4,13.980951309204102,茅栗、白栎灌丛,108.6760894,29.53395775
49,17.722761154174805,11.38842487335205,279.20306396484375,8.509532928466797,0.0017546212766319513,0.00577534781768918,,0.013159002177417278,0.03280908614397049,,245.43718762529153,7176.963893149876,7,SC4,23.733137130737305,茅栗、白栎灌丛,108.6788568,29.53258294
50,12.86821174621582,6.218142032623291,235.63084411621094,5.9231109619140625,0.0013248613104224205,0.004014915786683559,,0.008635161444544792,0.03474383056163788,,84.03810205927151,5480.306163979154,7,SC4,12.451658248901367,茅栗、白栎灌丛,108.6992008,29.53255646
51,16.371057510375977,7.089540481567383,296.0676078796387,8.234779357910156,0.0013532047159969807,0.006066681817173958,,-0.023635672,0.09344018995761871,,520.9194436520074,4219.2008783931715,2,SC4,11.872476577758789,茅栗、白栎灌丛,108.7148744,29.53287788
52,16.642623901367188,6.800236701965332,332.0884590148926,7.508641719818115,0.0003449861833360046,0.004360005259513855,,0.0009326740400865674,0.020443297922611237,,395.17576916388026,4144.864922252445,2,SC4,13.373930931091309,茅栗、白栎灌丛,108.7149418,29.53172555
53,23.42378044128418,5.398637294769287,254.0688247680664,10.792089462280273,0.0022244113497436047,0.004979260265827179,,-0.002055158,0.01106900442391634,,564.721277133429,7497.822117133497,7,SC4,16.461393356323242,茅栗、白栎灌丛,108.6757731,29.53369807
54,17.110416412353516,11.062434196472168,272.4532928466797,7.8627214431762695,0.0013112265150994062,0.005126421805471182,,0.034452877938747406,0.04176301509141922,,505.03207986730524,7431.382792827141,7,SC4,18.02519989013672,茅栗、白栎灌丛,108.6760054,29.53284796
55,7.51408576965332,5.264866352081299,269.0094223022461,3.8477540016174316,0.00023026805138215423,0.0025245987344533205,,0.019181961193680763,0.04241199046373367,,29.294929721570025,5676.169881018848,7,SC4,4.280137062072754,茅栗、白栎灌丛,108.6969141,29.53270825
56,6.004125118255615,3.5649607181549072,210.69384765625,2.6283748149871826,0.00035694739199243486,0.002302509266883135,,0.00872101727873087,0.04354223981499672,,86.10047455376842,6922.351999217189,7,SC4,2.6786911487579346,茅栗、白栎灌丛,108.6820326,29.53280873
57,12.68854808807373,11.225343704223633,283.6460494995117,6.0469136238098145,0.0007154288468882442,0.004133876878768206,,0.012360190972685814,0.036785151809453964,,104.97692949703152,6560.308133051443,7,SC4,27.81627082824707,茅栗、白栎灌丛,108.6867254,29.5333993
58,6.914605140686035,7.179440975189209,264.4100875854492,3.254187822341919,0.00011988850747002289,0.001695883460342884,,0.02237008512020111,0.07864448428153992,,127.47722940113556,6971.051412729747,7,SC4,4.175893783569336,茅栗、白栎灌丛,108.6815792,29.53300027
59,3.3588271141052246,1.6055701971054077,79.44181823730469,1.5885438919067383,-0.000301397,0.001350075239315629,,0.015992335975170135,0.04331779107451439,,96.64150992842173,6953.576731585445,7,SC4,1.6491762399673462,茅栗、白栎灌丛,108.681567,29.53266505
60,4.164480209350586,2.5951640605926514,263.15624237060547,2.048370361328125,-0.000528156,0.0019223701674491167,,0.0035463282838463783,0.043570421636104584,,72.24805557806962,6800.348124055082,7,SC4,2.622185230255127,茅栗、白栎灌丛,108.6832652,29.53247626
61,15.273314476013184,11.758225440979004,95.28766632080078,7.201895713806152,0.001246729982085526,0.005049914121627808,,0.01882038824260235,0.03076259233057499,,81.45968162277696,5849.970445284303,7,SC4,19.647960662841797,茅栗、白栎灌丛,108.6942437,29.53194479
62,25.85210609436035,10.914602279663086,27.75188446044922,12.772171020507812,-0.000540472,0.009161720983684063,,0.004698989912867546,0.026266135275363922,,533.3205737859884,7502.434927026845,7,SC4,44.0477180480957,茅栗、白栎灌丛,108.6742648,29.53148273
63,3.311298370361328,1.433344841003418,117.00138092041016,1.5629768371582031,-4.84E-05,0.001071452395990491,,-0.006462421,0.04451799392700195,,68.75089237302373,6957.410768453081,7,SC4,1.8535802364349365,茅栗、白栎灌丛,108.6811907,29.53216098
64,18.17211151123047,14.506400108337402,331.8076877593994,9.058323860168457,0.000604284810833633,0.00659536849707365,,0.00977801252156496,0.03373241052031517,,179.30573962028183,7102.514083527998,7,SC4,37.17160415649414,茅栗、白栎灌丛,108.6778556,29.52970771
65,20.658782958984375,10.71646785736084,73.8821792602539,9.82261848449707,0.001159505918622017,0.005167447961866856,,0.011239426210522652,0.03238729014992714,,379.6329004334228,7287.33741622955,7,SC4,38.065452575683594,茅栗、白栎灌丛,108.6766491,29.53121842
66,21.998830795288086,9.388711929321289,184.8689422607422,10.465373039245605,0.0012113628908991814,0.005189882591366768,,0.004580342676490545,0.029106728732585907,,296.1557839280023,3917.5747241718277,7,SC4,29.12151336669922,茅栗、白栎灌丛,108.7170756,29.53083831
67,16.108905792236328,8.997949600219727,130.8380584716797,7.437533855438232,0.0004803962947335094,0.004022560548037291,,0.009686211124062538,0.029195476323366165,,123.38469157242343,6784.636685207381,2,SC4,37.812347412109375,茅栗、白栎灌丛,108.680931,29.52863406
68,15.453021049499512,8.62193775177002,92.2315444946289,7.165924072265625,0.001212109113112092,0.003987219650298357,,0.008815300650894642,0.0348350889980793,,162.9176315644602,6318.701497377538,7,SC4,27.727584838867188,茅栗、白栎灌丛,108.6878779,29.53077747
69,11.46478271484375,8.982521057128906,22.76155662536621,5.392213821411133,0.0011836971389129758,0.004465085454285145,,0.014724045060575008,0.040455322712659836,,80.64158882030905,5541.591250413818,7,SC4,15.807543754577637,茅栗、白栎灌丛,108.6976675,29.53148526
70,19.09800910949707,7.982991695404053,244.78922271728516,7.657689094543457,0.002035764278843999,0.0020798579789698124,,0.018728235736489296,0.018779942765831947,,39.67034164887442,5269.906521648623,7,SC4,11.823088645935059,茅栗、白栎灌丛,108.7005508,29.53087996
71,18.241470336914062,10.450514793395996,324.3141212463379,9.010636329650879,0.0015082936733961105,0.005109541118144989,,0.021413544192910194,0.0700208842754364,,211.68078237281458,4025.8172665189772,2,SC4,19.257965087890625,茅栗、白栎灌丛,108.7151768,29.53005383
72,18.29334259033203,8.982254981994629,270.3537063598633,8.633684158325195,0.0017865330446511507,0.00540816318243742,,0.006405327003449202,0.035705503076314926,,132.84986301051666,5059.263858275307,2,SC4,28.749879837036133,茅栗、白栎灌丛,108.7035646,29.53147533
73,26.187808990478516,7.308229446411133,354.47686672210693,11.749090194702148,0.0004227258905302733,0.0043288301676511765,,0.003062419593334198,0.01982175000011921,,343.32590383456176,3709.667810361123,2,SC4,16.745502471923828,茅栗、白栎灌丛,108.7191542,29.5302
74,14.878694534301758,10.841753005981445,323.3798065185547,7.132009983062744,0.0014254279667511582,0.005002566613256931,,0.016788557171821594,0.0907926857471466,,178.60266250869535,5552.247559213901,7,SC4,19.477567672729492,茅栗、白栎灌丛,108.6969907,29.53072537
75,9.608491897583008,8.170957565307617,325.2964859008789,4.357916355133057,-0.000259827,0.0016608439618721604,,0.025677112862467766,0.05829227715730667,,32.616575316017325,5347.263230981145,7,SC4,5.537203788757324,茅栗、白栎灌丛,108.6996099,29.53088829
76,4.86084508895874,3.151543378829956,35.05107116699219,2.433746576309204,-0.000338617,0.0009394445223733783,,0.027774646878242493,0.06320477277040482,,74.22621340918197,5357.603212414433,7,SC4,3.0925934314727783,茅栗、白栎灌丛,108.6992936,29.53062867
77,11.31252384185791,8.968350410461426,88.55616760253906,5.358036518096924,0.000940885569434613,0.0027135589625686407,,0.017733000218868256,0.06005043163895607,,243.13899544495777,5428.287532300203,7,SC4,15.071614265441895,茅栗、白栎灌丛,108.6977766,29.52970456
78,10.291218757629395,8.400995254516602,75.99394226074219,4.825219631195068,4.9959788157138973e-05,0.0025598800275474787,,0.012201862409710884,0.054649967700242996,,69.01270318002196,4867.971618756158,7,SC4,20.965389251708984,茅栗、白栎灌丛,108.7041659,29.52909467
79,19.96762466430664,6.68918514251709,273.6056823730469,7.678922653198242,-0.001074809,0.00502872746437788,,0.011707616038620472,0.0213474128395319,,267.53111496841365,5706.770131226887,2,SC4,13.688575744628906,茅栗、白栎灌丛,108.6948595,29.53032583
80,19.41928482055664,9.140728950500488,249.83743286132812,9.111520767211914,0.0011634674156084657,0.004021030385047197,,0.013593534007668495,0.12050507217645645,,161.44065900312168,4556.6872819073715,7,SC4,31.919397354125977,茅栗、白栎灌丛,108.7085119,29.52982686
81,11.6853609085083,7.55681848526001,288.8085250854492,5.598880767822266,-0.001092026,0.0028717597015202045,,0.030599433928728104,0.04379292204976082,,65.05143753229325,4831.272149745584,7,SC4,7.570737361907959,茅栗、白栎灌丛,108.7054156,29.53018948
82,21.2947998046875,10.796142578125,185.51637268066406,10.788138389587402,-0.000217929,0.007445446215569973,,0.0026877897325903177,0.031057344749569893,,323.7207329542969,3605.640260138287,2,SC4,23.17987823486328,茅栗、白栎灌丛,108.7202003,29.52988895
83,13.773943901062012,10.115546226501465,54.461666107177734,6.582219123840332,-0.000608388,0.003089671256020665,,0.024985553696751595,0.046059075742959976,,58.250959642015566,5258.663476656657,7,SC4,11.810409545898438,茅栗、白栎灌丛,108.700028,29.52997658
84,8.610596656799316,5.636518955230713,84.91509246826172,4.024343967437744,-0.000601452,0.0012552672997117043,,0.04101482406258583,0.031441137194633484,,6.1224559467644175,5140.672712547638,7,SC4,4.594385623931885,茅栗、白栎灌丛,108.7014153,29.52989843
85,14.188885688781738,8.624707221984863,293.8833999633789,6.5412445068359375,0.0006497655995190144,0.002837373409420252,,0.02576593868434429,0.0478188693523407,,276.8743195799742,5637.879383243571,2,SC4,12.458269119262695,茅栗、白栎灌丛,108.695595,29.53019482
86,19.698585510253906,10.446512222290039,350.72537899017334,9.753615379333496,0.0005303598591126502,0.006571254692971706,,0.020387237891554832,0.09089381992816925,,423.51819367070016,4402.820271681095,2,SC4,27.045000076293945,茅栗、白栎灌丛,108.711766,29.53170123
87,19.54363250732422,9.687236785888672,218.5227813720703,9.448688507080078,-0.000765031,0.005983767099678516,,0.001284587662667036,0.015185772441327572,,236.89807988265986,3610.040263949972,2,SC4,30.914859771728516,茅栗、白栎灌丛,108.7195495,29.52907274
88,13.913330078125,6.871317386627197,128.3990020751953,6.388107776641846,0.0017297203885391355,0.0031043910421431065,,0.00348918535746634,0.029019443318247795,,148.77025914944997,5163.499676099571,2,SC4,12.744827270507812,茅栗、白栎灌丛,108.7003219,29.52876888
89,13.94028377532959,8.34104061126709,299.9661521911621,6.6638336181640625,-0.00173302,0.0033375374041497707,,0.019069697707891464,0.02214958891272545,,186.49994551584163,4213.063870389278,7,SC4,6.853293418884277,茅栗、白栎灌丛,108.7124474,29.52945612
90,9.502408027648926,6.559306621551514,285.4111862182617,4.408181190490723,-0.000940492,0.00251707062125206,,0.011009961366653442,0.02178039401769638,,100.5280277968493,4202.303347838681,7,SC4,5.549403667449951,茅栗、白栎灌丛,108.7120636,29.52875103
91,11.28648567199707,9.177753448486328,192.8187255859375,5.306154727935791,0.0009842783911153674,0.00467273686081171,,0.018380094319581985,0.027953166514635086,,146.15361255102331,4133.77932547319,7,SC4,11.013330459594727,茅栗、白栎灌丛,108.712904,29.52875309
92,18.412330627441406,14.8743314743042,341.5467643737793,9.610373497009277,0.000517485139425844,0.005654436070472002,,0.010814913548529148,0.038029205054044724,,287.0884260339659,5760.611831670367,2,SC4,32.59731674194336,茅栗、白栎灌丛,108.6938852,29.52981856
93,5.843522548675537,3.967832088470459,39.065181732177734,2.7275500297546387,9.509093797532842e-05,0.0021986362989991903,,0.01694808341562748,0.07206249237060547,,6.055484559726255,4811.1803799191375,7,SC4,4.251496315002441,茅栗、白栎灌丛,108.7050796,29.52939354
94,3.7881686687469482,1.9008790254592896,321.99658584594727,1.6818405389785767,0.0004869964614044875,0.001450063195079565,,-0.008801436,0.010445702821016312,,94.78488429372474,4740.464987977814,7,SC4,1.9370065927505493,茅栗、白栎灌丛,108.7053895,29.52863327
95,30.262645721435547,7.857773780822754,221.10858154296875,13.326698303222656,0.002931018825620413,0.0036250015255063772,,0.011736336164176464,0.023299330845475197,,75.22166618109702,3824.8584865248667,7,SC4,22.835058212280273,茅栗、白栎灌丛,108.7167199,29.52879969
96,27.72748374938965,14.25271987915039,270.4636459350586,14.303370475769043,0.0009788009338080883,0.0056632994674146175,,0.007437680847942829,0.046861786395311356,,26.29277476018981,3189.0345604291374,2,SC4,51.40129470825195,茅栗、白栎灌丛,108.723315,29.52717379
97,20.63387680053711,11.365620613098145,56.935386657714844,9.405677795410156,0.0013704600278288126,0.007660689763724804,,-0.015791683,0.016570359468460083,,512.5323466226515,7559.482275753407,2,SC4,20.006900787353516,茅栗、白栎灌丛,108.6726822,29.5301044
98,15.204036712646484,6.620445251464844,44.87628173828125,7.338512897491455,0.0008623520843684673,0.00394624937325716,,0.004166083876043558,0.02479468658566475,,137.5195246223069,5225.423259901916,2,SC4,12.25253677368164,茅栗、白栎灌丛,108.6998542,29.52917019
99,14.21033000946045,11.906522750854492,285.89900970458984,6.925445556640625,0.0020104425493627787,0.004294602200388908,,0.00946950726211071,0.03188337758183479,,92.22392160299567,4025.2666281136685,7,SC4,16.481491088867188,茅栗、白栎灌丛,108.7138829,29.52827511
100,14.030709266662598,9.987886428833008,240.04251098632812,6.977839469909668,0.0005342513904906809,0.0030948081985116005,,0.046011604368686676,0.0494924820959568,,35.421751256844466,3886.308513570648,7,SC4,8.02065658569336,茅栗、白栎灌丛,108.7157904,29.52855727
101,24.387676239013672,7.940522193908691,334.7449474334717,11.619757652282715,0.0005794227472506464,0.007161919958889484,,0.0011449132580310106,0.012657529674470425,,258.1094166387976,7334.026257298326,2,SC4,44.02669143676758,茅栗、白栎灌丛,108.6738927,29.52786326
102,24.21072769165039,7.104581356048584,270.81458282470703,10.986069679260254,0.0018408703617751598,0.007308721076697111,,-0.000580755,0.013672815635800362,,221.10535292475197,7279.550812933641,2,SC4,37.44340896606445,茅栗、白栎灌丛,108.6747623,29.52820136
103,15.226181030273438,7.342075824737549,257.60047149658203,7.842080593109131,0.0020222009625285864,0.006258050911128521,,0.027216125279664993,0.05476631596684456,,290.48828905489097,6286.332404449593,2,SC4,17.145050048828125,茅栗、白栎灌丛,108.6874781,29.52958168
104,11.025772094726562,8.543131828308105,337.032564163208,5.010252952575684,0.0006853828090243042,0.0029158012475818396,,0.015667811036109924,0.034516576677560806,,102.04375646662812,4796.61094760214,7,SC4,9.040757179260254,茅栗、白栎灌丛,108.7046478,29.52855899
105,2.468092441558838,0.8012800812721252,311.8703956604004,1.1957120895385742,0.0003309903549961746,0.001080945716239512,,-0.000982367,0.018637074157595634,,93.62724242155227,4716.046987966301,7,SC4,1.0246917009353638,茅栗、白栎灌丛,108.7057722,29.52874786
106,12.891860008239746,6.124154090881348,81.10649108886719,6.356273651123047,0.0009354742360301316,0.005313458852469921,,0.025900496169924736,0.03835839778184891,,30.344993158477447,3812.9797727668147,7,SC4,8.73427677154541,茅栗、白栎灌丛,108.7162277,29.52792763
107,21.36402130126953,7.798148155212402,325.3240280151367,10.123444557189941,-0.000673802,0.0075212703086435795,,-0.001684668,0.016356997191905975,,377.01253568244255,7474.59872431294,2,SC4,44.88978576660156,茅栗、白栎灌丛,108.6719901,29.52751089
108,27.88731575012207,9.710744857788086,255.9734344482422,13.25028133392334,0.0029160859994590282,0.007688279263675213,,-0.004129639,0.03713085129857063,,292.43475498797204,7382.826277943788,2,SC4,42.34169387817383,茅栗、白栎灌丛,108.6730068,29.52739735
109,2.121654987335205,0.9951350092887878,256.73255920410156,1.0741130113601685,0.0002888248418457806,0.0008282108465209603,,-0.017418362,0.03147165849804878,,102.66814344402127,4641.096312729354,7,SC4,0.7653985619544983,茅栗、白栎灌丛,108.7063027,29.52821854
110,22.410367965698242,9.407657623291016,215.70523071289062,10.481926918029785,0.00012588201207108796,0.0045473878271877766,,0.01167392823845148,0.014231960289180279,,63.13170263484998,3743.316845201191,2,SC4,17.747596740722656,茅栗、白栎灌丛,108.7173135,29.5282462
111,17.84161376953125,15.396625518798828,239.89228057861328,9.365059852600098,0.0019984254613518715,0.006355903577059507,,0.01664390042424202,0.022433042526245117,,7.412828054364006,3654.528753054329,7,SC4,22.182472229003906,茅栗、白栎灌丛,108.7177246,29.527322
112,24.830516815185547,7.602574825286865,163.2167510986328,11.347952842712402,0.0030646314844489098,0.006230051629245281,,-0.005266748,0.02724223956465721,,156.68364015900428,3568.9000502313766,2,SC4,36.939208984375,茅栗、白栎灌丛,108.7194993,29.52831534
113,15.610626220703125,7.604024887084961,320.9636459350586,7.158639907836914,0.0008513002539984882,0.0029677299316972494,,-0.008877189,0.06311812251806259,,196.16406297869017,4834.420263201374,2,SC4,19.606637954711914,茅栗、白栎灌丛,108.7037652,29.52798479
114,35.34440612792969,13.184652328491211,259.5384826660156,18.88861846923828,0.0026429828722029924,0.007803791202604771,,0.005892360117286444,0.026475699618458748,,32.80709416376928,3474.7947382443845,2,SC4,35.98042297363281,茅栗、白栎灌丛,108.7198672,29.52724303
115,26.42768096923828,14.801651000976562,355.80271434783936,14.370274543762207,-0.002894017,0.007641020696610212,,-0.004123488,0.027163125574588776,,283.76604612262156,6456.9658913390185,2,SC4,28.361997604370117,茅栗、白栎灌丛,108.6848949,29.52873711
116,4.163498878479004,2.5407094955444336,292.3553466796875,1.8604241609573364,-0.000721792,0.000795301515609026,,0.01997777633368969,0.032300885766744614,,186.52355538287884,4694.329639549446,7,SC4,2.641413450241089,茅栗、白栎灌丛,108.7053275,29.527776
117,3.2244744300842285,1.857933521270752,252.44749450683594,1.5161316394805908,-0.000134895,0.0009437101543880999,,0.006614719517529011,0.03863903135061264,,147.76459400926726,4650.826422299535,7,SC4,2.283512592315674,茅栗、白栎灌丛,108.7059455,29.52789297
118,3.9493014812469482,1.7002665996551514,195.32728576660156,1.8414379358291626,-0.00053576,0.0009986048098653555,,0.02696591056883335,0.034816376864910126,,153.4579780641427,4607.584347452115,7,SC4,2.1630029678344727,茅栗、白栎灌丛,108.7061331,29.52742543
119,14.052620887756348,8.479273796081543,78.55574035644531,6.6039814949035645,0.0002786993863992393,0.0024364462587982416,,0.0835728794336319,0.306351900100708,,49.69430516689764,4297.952906092898,7,SC4,11.203198432922363,茅栗、白栎灌丛,108.7099608,29.52747658
120,6.241065979003906,5.444255828857422,269.3086471557617,3.0251712799072266,-0.000822296,0.0015208430122584105,,0.09849666804075241,0.3836921453475952,,0.9972982179216858,4172.8804062544295,7,SC4,3.2736475467681885,茅栗、白栎灌丛,108.7117754,29.5278643
121,23.1306095123291,10.695168495178223,96.48506164550781,11.02645206451416,0.00034879735903814435,0.0040265717543661594,,0.01564759947359562,0.05271535366773605,,42.118173925434476,3994.6801019170143,7,SC4,33.455535888671875,茅栗、白栎灌丛,108.713154,29.52676612
122,8.503091812133789,6.2396464347839355,18.293983459472656,4.171926021575928,-4.44E-05,0.003250339301303029,,0.015204849652945995,0.04159380495548248,,259.0437425642379,4748.972911806875,7,SC4,19.05889320373535,茅栗、白栎灌丛,108.7042319,29.52718917
123,5.151065349578857,2.582505226135254,182.01747131347656,2.4957711696624756,0.00021988495427649468,0.00124380795750767,,-0.015554138,0.06964866071939468,,90.92232888308767,4518.1724884561545,7,SC4,3.6187570095062256,茅栗、白栎灌丛,108.7071523,29.5273224
124,7.593971252441406,4.082643985748291,75.23081970214844,3.546834707260132,-0.00095006,0.0021855556406080723,,-0.004919502,0.12730246782302856,,18.24064225585204,4438.774280419566,7,SC4,5.709479331970215,茅栗、白栎灌丛,108.7083933,29.52769039
125,10.694510459899902,6.46692419052124,96.56161499023438,4.927949905395508,0.0015904499450698495,0.0033617066219449043,,-0.011567478,0.07817762345075607,,147.6643694980855,4401.7444166900295,7,SC4,11.954346656799316,茅栗、白栎灌丛,108.7080187,29.52655808
126,16.55769920349121,5.637650489807129,161.98834228515625,7.647191524505615,0.0021139164455235004,0.005637267138808966,,0.004990872461348772,0.024232380092144012,,155.7240808092281,4283.370852587199,2,SC4,18.704364776611328,茅栗、白栎灌丛,108.7094642,29.52655317
127,21.692428588867188,11.58100700378418,61.3299446105957,10.722607612609863,0.0010236495872959495,0.007011975161731243,,0.009642798453569412,0.05951850861310959,,233.89237199120367,3725.6888911700353,2,SC4,37.12604522705078,茅栗、白栎灌丛,108.7157601,29.52582673
128,4.638152122497559,2.309800386428833,14.158934593200684,2.2479376792907715,-0.003423043,0.004291241057217121,,0.008620780892670155,0.03377588465809822,,20.189098360957228,3582.9654303681314,7,SC4,3.007107973098755,茅栗、白栎灌丛,108.7181792,29.52674556
129,15.78662395477295,10.203368186950684,331.3016128540039,7.149021625518799,0.0006416421965695918,0.002546527422964573,,0.023312557488679886,0.014471510425209999,,46.83193820539578,7107.5554694353095,7,SC4,8.549657821655273,茅栗、白栎灌丛,108.6761053,29.52713123
130,4.939650535583496,2.144911527633667,175.03753662109375,2.440509796142578,-0.000196208,0.0014674280537292361,,0.014795088209211826,0.03273334354162216,,163.606851894933,4546.459736833234,7,SC4,3.8222899436950684,茅栗、白栎灌丛,108.7065244,29.52693728
131,11.516541481018066,8.39732551574707,163.0068817138672,5.501411437988281,0.00030068735941313207,0.0032878308556973934,,0.00550417834892869,0.04692290723323822,,212.8199283528202,4472.870575453737,7,SC4,14.36064338684082,茅栗、白栎灌丛,108.7068746,29.52618414
132,8.211670875549316,10.770193099975586,72.15792083740234,4.929986000061035,-0.001011977,0.0031534619629383087,,0.033711619675159454,0.06723150610923767,,73.80347500080264,3585.6970824495534,7,SC4,4.852167129516602,茅栗、白栎灌丛,108.7178579,29.5263519
133,19.57240867614746,10.136327743530273,112.99353790283203,9.379034996032715,0.001091455458663404,0.005491511896252632,,0.0070640831254422665,0.025907743722200394,,296.719313,3439.993799531838,2,SC4,47.41826248168945,茅栗、白栎灌丛,108.7180307,29.52414903
134,13.052889823913574,7.909426689147949,70.19801330566406,6.455034255981445,0.00012069987860741094,0.004837308544665575,,0.029047662392258644,0.02965722233057022,,58.348874263241875,3422.5583435997223,7,SC4,9.378626823425293,茅栗、白栎灌丛,108.7198073,29.52628656
135,8.217181205749512,6.6534647941589355,82.63842010498047,3.7928099632263184,-0.000858509,0.0013016336597502232,,0.02390747331082821,0.020588789135217667,,14.570053607592932,7057.290263103559,7,SC4,3.2455170154571533,茅栗、白栎灌丛,108.6767664,29.52722797
136,4.136408805847168,1.8419182300567627,136.79373168945312,1.8730883598327637,-0.000603905,0.0012132254196330905,,0.012619760818779469,0.028464745730161667,,37.051814965414124,7039.511440923343,7,SC4,2.716541051864624,茅栗、白栎灌丛,108.6763859,29.5263258
137,26.673160552978516,11.755059242248535,14.480669975280762,13.169846534729004,0.0027173610869795084,0.005950650665909052,,0.0013550674775615335,0.028319744393229485,,233.7718151993138,2758.665524944494,2,SC4,50.015281677246094,茅栗、白栎灌丛,108.7255604,29.52303967
138,12.120894432067871,8.812485694885254,358.22180438041687,6.424609661102295,0.000930057663936168,0.004071952775120735,,-0.02891954,0.12488111853599548,,335.5476908951437,6581.228817485651,2,SC4,10.944422721862793,茅栗、白栎灌丛,108.6823754,29.52714919
139,19.813549041748047,7.85853910446167,47.41054916381836,9.340387344360352,0.00023560300178360194,0.0046779015101492405,,-0.006542314,0.03818344697356224,,350.79159113981734,3325.4330019437043,2,SC4,49.219276428222656,茅栗、白栎灌丛,108.7188491,29.52335032
140,18.30253791809082,12.125432014465332,60.88166809082031,8.806227684020996,-0.002293072,0.0032629871275275946,,0.03422178328037262,0.059003300964832306,,22.077297477851438,3299.715259117403,7,SC4,11.62310791015625,茅栗、白栎灌丛,108.7209039,29.52572969
141,28.448896408081055,8.100571632385254,118.27153778076172,13.74130630493164,8.439699740847573e-05,0.008601651526987553,,-0.002717796,0.0177440382540226,,273.20294410579766,3212.9255839687185,2,SC4,47.60401153564453,茅栗、白栎灌丛,108.7202951,29.52344419
142,24.810365676879883,11.980356216430664,79.92893981933594,12.150762557983398,0.0006348652532324195,0.004582731053233147,,0.019817404448986053,0.051883988082408905,,56.72874092582677,3041.7260086806314,2,SC4,51.76218795776367,茅栗、白栎灌丛,108.7233311,29.52472978
143,18.719743728637695,10.83071517944336,168.8863525390625,8.904864311218262,0.0006451462395489216,0.005118763539940119,,0.002820294350385666,0.023473380133509636,,297.9697705375967,6747.272494971432,2,SC4,32.77085876464844,茅栗、白栎灌丛,108.6792099,29.52533377
144,19.811275482177734,6.94815731048584,183.18968200683594,9.046158790588379,0.001847403938882053,0.0035303968470543623,,0.003144186222925782,0.015164428390562534,,257.4696724681199,4135.813290706846,2,SC4,26.543399810791016,茅栗、白栎灌丛,108.7103929,29.5253528
145,7.429465293884277,4.780036926269531,315.6290817260742,3.3811256885528564,-0.000655212,0.001863214187324047,,0.047040317207574844,0.07826896756887436,,20.139013124403238,7106.382447917097,7,SC4,4.717606067657471,茅栗、白栎灌丛,108.6755012,29.52618924
146,17.825647354125977,7.56642484664917,291.91719818115234,7.61799955368042,-4.69E-05,0.004882789216935635,,0.008795695379376411,0.019727017730474472,,272.497503676868,3841.37592562173,2,SC4,14.816235542297363,茅栗、白栎灌丛,108.7135083,29.52468408
147,25.656021118164062,10.495216369628906,285.12781524658203,12.096939086914062,0.0021292357705533504,0.008456503972411156,,0.002835213439539075,0.040372658520936966,,384.1359184826552,7512.350609662652,2,SC4,42.77096176147461,茅栗、白栎灌丛,108.6709393,29.52659333
148,30.27838897705078,11.465649604797363,249.01029205322266,15.238035202026367,0.0006581765483133495,0.007561229635030031,,0.0012223126832395792,0.02365506999194622,,440.03606215374384,7686.916588764666,2,SC4,34.64470291137695,茅栗、白栎灌丛,108.6678442,29.52503892
149,20.82710075378418,7.8059868812561035,311.1119689941406,9.42637825012207,0.0017780576599761844,0.005040429066866636,,0.006790742743760347,0.010459674522280693,,138.6863365817112,7237.648439173474,2,SC4,18.656404495239258,茅栗、白栎灌丛,108.6739683,29.52623167
150,11.014058113098145,6.584355354309082,333.8074607849121,5.125549793243408,-0.000943094,0.0025001387111842632,,0.055242106318473816,0.11162450909614563,,52.791337659308425,7151.726915556063,7,SC4,6.134230136871338,茅栗、白栎灌丛,108.6747026,29.52579377
151,14.809344291687012,13.18319034576416,123.52616119384766,7.230449676513672,0.0008253014530055225,0.004411724861711264,,0.01994396187365055,0.05681757256388664,,112.90760391500712,6983.6933801527675,7,SC4,19.346782684326172,茅栗、白栎灌丛,108.6762127,29.52505018
152,23.382770538330078,13.281322479248047,72.72364807128906,11.569160461425781,0.002117830328643322,0.0047506834380328655,,0.007582869380712509,0.026107430458068848,,273.35805452442133,6811.290420153378,2,SC4,31.68813705444336,茅栗、白栎灌丛,108.678072,29.52475956
153,18.0672550201416,6.917417526245117,124.73678588867188,8.43543529510498,0.001963747665286064,0.0032702188473194838,,-0.001476659,0.02048303559422493,,302.1483384816068,3688.504436592918,2,SC4,11.896892547607422,茅栗、白栎灌丛,108.7156628,29.52507119
154,22.673879623413086,11.931830406188965,8.619651794433594,11.406790733337402,-0.000779158,0.006436668336391449,,0.005901644472032785,0.029077179729938507,,318.31265090640534,7477.998638387919,2,SC4,45.55706787109375,茅栗、白栎灌丛,108.6707547,29.52568923
155,10.983222007751465,8.379792213439941,4.0001606941223145,5.666904449462891,0.0005297600873745978,0.0057046362198889256,,0.0011679024901241064,0.03308502212166786,,46.9677545518509,7163.6564532722805,7,SC4,5.913052082061768,茅栗、白栎灌丛,108.6740252,29.52497737
156,9.732091903686523,6.347558498382568,5.306857109069824,4.454030513763428,-0.000387769,0.0039406027644872665,,0.013914116658270359,0.024431291967630386,,43.13507836273656,7155.474448910369,7,SC4,6.577780723571777,茅栗、白栎灌丛,108.6742361,29.52515049
157,14.25562572479248,6.787264823913574,331.4601249694824,6.741243839263916,0.00016037863679230213,0.004586490802466869,,-0.005174762,0.021349286660552025,,306.1283705244687,3936.741914017608,2,SC4,9.785280227661133,茅栗、白栎灌丛,108.7121079,29.52436534
158,17.3973331451416,6.3488545417785645,145.59754943847656,7.962412357330322,0.002116298070177436,0.0037128061521798372,,-0.013807212,0.04483097046613693,,378.5161774230822,3630.079498097497,2,SC4,14.591421127319336,茅栗、白栎灌丛,108.7157867,29.52426242
159,15.024750709533691,7.139184951782227,156.64276123046875,6.826491355895996,-0.000201676,0.0026889904402196407,,-0.00091496,0.020752180367708206,,436.51660118065,3652.3466332888224,2,SC4,18.309925079345703,茅栗、白栎灌丛,108.7150017,29.52356168
160,20.535076141357422,10.742416381835938,15.029518127441406,10.117517471313477,0.0009733152692206204,0.004451159853488207,,0.0005364762619137764,0.04501385986804962,,367.00542576045854,3509.259749977312,2,SC4,30.609172821044922,茅栗、白栎灌丛,108.7169112,29.52377759
161,16.639217376708984,6.96287727355957,68.94725799560547,7.543438911437988,0.002137610921636224,0.003584065707400441,,-0.020663619,0.0536617748439312,,379.40248706942305,3576.531021818338,2,SC4,9.383041381835938,茅栗、白栎灌丛,108.7162367,29.52398138
162,13.860966682434082,4.782740116119385,330.6444282531738,6.797077178955078,-0.001678868,0.002044245135039091,,0.010456738993525505,0.015668483451008797,,339.58584778507606,3847.4451644405617,2,SC4,10.84280776977539,茅栗、白栎灌丛,108.7129387,29.52400656
163,5.283071041107178,2.2073230743408203,76.29170989990234,2.3728647232055664,-0.00069125,0.0014734701253473759,,0.02745917998254299,0.01816270872950554,,21.02036982266895,7146.777105556067,7,SC4,2.001621961593628,茅栗、白栎灌丛,108.6739052,29.52448854
164,6.93087911605835,4.898488998413086,113.64889526367188,3.236531972885132,9.05431152204983e-05,0.0032156365923583508,,0.01634892448782921,0.028210941702127457,,7.214130233960436,7127.513996279444,7,SC4,3.9025933742523193,茅栗、白栎灌丛,108.6742167,29.52461415
165,24.351179122924805,13.387627601623535,160.64889526367188,12.24702262878418,0.0015690637519583106,0.006980553735047579,,0.009487065486609936,0.032227303832769394,,235.77106837033858,2602.040688682074,2,SC4,49.7696418762207,茅栗、白栎灌丛,108.7277206,29.52337161
166,28.790388107299805,9.921913146972656,292.92698669433594,14.556645393371582,0.0006637527258135378,0.007586141116917133,,0.002960387384518981,0.017267653718590736,,473.0579578884049,7894.472665856797,2,SC4,45.44331359863281,茅栗、白栎灌丛,108.6647047,29.52401478
167,20.08896255493164,11.534209251403809,326.0490417480469,9.519341468811035,0.0015166783705353737,0.006481008138507605,,0.008858826942741871,0.02036667987704277,,156.28507311500599,7365.275823700032,2,SC4,38.438621520996094,茅栗、白栎灌丛,108.6709376,29.52392486
168,3.943514108657837,1.5605134963989258,162.64517211914062,1.9340181350708008,0.00019299416453577578,0.0010874532163143158,,0.00671406788751483,0.027669478207826614,,75.40831736088302,7041.934300864327,7,SC4,2.30301570892334,茅栗、白栎灌丛,108.6750431,29.52432283
169,12.669594764709473,7.622540473937988,222.33139038085938,5.854383945465088,0.0007325669866986573,0.004617161583155394,,-0.029213743,0.09432638436555862,,305.92956442714006,2414.077917420773,2,SC4,6.946415901184082,茅栗、白栎灌丛,108.7297008,29.52293271
170,18.760692596435547,10.388607025146484,125.64252471923828,8.731405258178711,0.00123853690456599,0.0064525599591434,,0.010607259348034859,0.025111710652709007,,100.961283534129,7114.411284245623,7,SC4,30.35904312133789,茅栗、白栎灌丛,108.6728549,29.52230076
171,26.539369583129883,10.366762161254883,13.927767753601074,13.08065128326416,0.002676344010978937,0.006761098280549049,,0.002793259685859084,0.026721952483057976,,242.67952564667786,6962.326565953773,2,SC4,31.067401885986328,茅栗、白栎灌丛,108.6742252,29.5216333
172,21.46254539489746,12.762289047241211,176.88441467285156,10.80129337310791,0.0013464025687426329,0.006027190946042538,,0.006101157050579786,0.028635840862989426,,280.4437364652683,6832.622515715829,2,SC4,32.60002517700195,茅栗、白栎灌丛,108.6769685,29.52346419
173,23.626352310180664,9.26964282989502,234.32887268066406,11.128236770629883,5.259619501885027e-05,0.005766768474131823,,0.0038363866042345762,0.019223980605602264,,435.2835456382368,2409.3282249821873,2,SC4,42.71799850463867,茅栗、白栎灌丛,108.7287446,29.52154582
174,31.01906394958496,10.88454818725586,270.77416229248047,16.037012100219727,0.0006848713965155184,0.009513666853308678,,0.008570880629122257,0.03182845190167427,,358.43241995571464,2871.3700598021237,2,SC4,31.584474563598633,茅栗、白栎灌丛,108.7233699,29.52193103
175,23.492555618286133,9.95802116394043,276.42089080810547,11.625179290771484,0.00043910584645345807,0.005791778210550547,,-0.008632965,0.021929187700152397,,376.5706263006863,3098.9848767624662,2,SC4,13.47839069366455,茅栗、白栎灌丛,108.7208954,29.52235772
176,11.919651985168457,9.630678176879883,124.7727279663086,5.731764793395996,-0.000357442,0.0036676335148513317,,0.021427230909466743,0.024711068719625473,,136.43708972954082,6992.8335326431325,7,SC4,8.71607780456543,茅栗、白栎灌丛,108.6750976,29.523516
177,20.927600860595703,11.218342781066895,127.83915710449219,10.044575691223145,-0.000770364,0.0072505539283156395,,0.013439693488180637,0.040272485464811325,,361.04646961373425,6851.123743362905,2,SC4,35.75990676879883,茅栗、白栎灌丛,108.6750117,29.52081676
178,28.404129028320312,10.599428176879883,247.61526489257812,14.091609001159668,-0.001098516,0.005717576947063208,,0.0004592204641085118,0.02253771387040615,,399.0787455680711,8196.961365173816,2,SC4,52.722129821777344,茅栗、白栎灌丛,108.6602227,29.52266427
179,26.410409927368164,8.75814437866211,352.918821811676,12.57916259765625,0.0025079906918108463,0.0081658149138093,,0.008999548852443695,0.018481489270925522,,402.14127639941574,7703.907804167638,2,SC4,23.589853286743164,茅栗、白栎灌丛,108.6671138,29.52423339
180,23.175783157348633,11.010761260986328,11.180850982666016,11.205079078674316,0.004184397868812084,0.004632076248526573,,0.025947585701942444,0.02156626246869564,,175.41113512923937,7509.324061632718,2,SC4,14.41662311553955,茅栗、白栎灌丛,108.668254,29.52244476
181,19.35153579711914,7.885611534118652,261.2187728881836,9.633285522460938,-0.000899929,0.003285141196101904,,0.0284574031829834,0.048158299177885056,,280.3082000657047,7582.677972085392,2,SC4,13.2420015335083,茅栗、白栎灌丛,108.6680366,29.52344283
182,25.151552200317383,9.03808307647705,255.70240783691406,11.992478370666504,0.0023633006494492292,0.00689248600974679,,0.011585576459765434,0.024608878418803215,,216.60463694287122,7491.731256495432,2,SC4,33.9177360534668,茅栗、白栎灌丛,108.6690317,29.52331143
183,21.576271057128906,9.729001998901367,198.55349731445312,10.693090438842773,-0.001533602,0.006561060436069965,,-0.016041303,0.02786879986524582,,609.3707757863046,8573.6643937365,2,SC4,27.91810417175293,茅栗、白栎灌丛,108.6562804,29.52348191
184,19.885473251342773,5.31281852722168,34.87327575683594,9.119776725769043,0.00043931201798841357,0.006057976745069027,,0.0044494858011603355,0.008405645377933979,,441.62184681176035,3110.920179597005,2,SC4,19.96755599975586,茅栗、白栎灌丛,108.7203708,29.52184013
185,19.987844467163086,7.787453651428223,36.84210968017578,9.52712631225586,-0.000363842,0.006924788001924753,,0.00300401309505105,0.012209190987050533,,475.567228001051,3062.0880025091838,2,SC4,24.074718475341797,茅栗、白栎灌丛,108.7207043,29.52147868
186,21.908838272094727,12.189512252807617,146.0400848388672,11.463091850280762,-0.00343792,0.005422534421086311,,0.03525107726454735,0.0535527803003788,,691.3926503998068,8690.185857722963,2,SC4,13.17979621887207,茅栗、白栎灌丛,108.6547576,29.52327217
187,29.07832145690918,12.057186126708984,49.83261489868164,15.228676795959473,0.00036202280898578465,0.008196726441383362,,-0.004830387,0.03291206434369087,,370.96883767336465,7848.689709043332,2,SC4,44.436946868896484,茅栗、白栎灌丛,108.6645776,29.52299114
188,20.414403915405273,11.244829177856445,111.1934585571289,9.957053184509277,0.0017455529887229204,0.006955562625080347,,0.0023892030585557222,0.02365126647055149,,359.897006184631,6771.067348155734,2,SC4,22.74243927001953,茅栗、白栎灌丛,108.6769181,29.52227173
189,23.547203063964844,10.301617622375488,50.459964752197266,11.521949768066406,0.0003876329574268311,0.00647409912198782,,5.531383794732392e-05,0.02528565563261509,,514.842134753041,2905.972629219984,2,SC4,42.024532318115234,茅栗、白栎灌丛,108.722064,29.52072458
190,23.203500747680664,9.397775650024414,353.32261419296265,11.054408073425293,-0.003639093,0.005564510356634855,,0.008807595819234848,0.011675451882183552,,430.29106212923307,2994.81492615825,2,SC4,13.276618957519531,茅栗、白栎灌丛,108.7216762,29.52168153
191,31.74112319946289,9.988726615905762,85.3712158203125,15.064337730407715,0.0026507091242820024,0.005618589464575052,,0.002653667237609625,0.013113519176840782,,671.8147944290915,8686.421279250348,2,SC4,34.64691162109375,茅栗、白栎灌丛,108.6541867,29.52233342
192,35.884315490722656,8.330709457397461,116.13951873779297,18.18299102783203,-0.002484054,0.00939102377742529,,-0.008588504,0.02051667496562004,,569.6572960111334,8562.503944906277,2,SC4,34.866451263427734,茅栗、白栎灌丛,108.6559412,29.52276235
193,29.955472946166992,10.273076057434082,352.20462369918823,14.688921928405762,0.00014172603550832719,0.010535323061048985,,0.0031481427140533924,0.020177699625492096,,323.18776891545247,8274.113211046415,2,SC4,53.225032806396484,茅栗、白栎灌丛,108.6587005,29.52174182
194,23.277023315429688,9.000601768493652,144.42291259765625,11.434934616088867,0.0015434955712407827,0.005929484963417053,,-0.002018051,0.01594105176627636,,593.148836955031,3337.3682261960557,2,SC4,22.075037002563477,茅栗、白栎灌丛,108.7173746,29.52153361
195,22.9071102142334,10.278072357177734,135.94171142578125,11.10895824432373,0.001169809722341597,0.0057090395130217075,,-0.008927458,0.015269432216882706,,608.5586451176077,3296.5973450743104,2,SC4,18.35069465637207,茅栗、白栎灌丛,108.7176713,29.52125687
196,30.474958419799805,9.616936683654785,134.84237670898438,15.623201370239258,-0.001395577,0.011638317257165909,,-0.024470415,0.08717603236436844,,588.6183471919041,8601.283452252716,2,SC4,39.1627197265625,茅栗、白栎灌丛,108.6550711,29.52213863
197,22.567659378051758,10.1485595703125,283.59920501708984,10.657736778259277,0.0011127956677228212,0.006094059441238642,,0.004595047794282436,0.01622304506599903,,178.12649227637144,7906.7141771120705,2,SC4,46.05929946899414,茅栗、白栎灌丛,108.6625865,29.52100701
198,19.547544479370117,8.490105628967285,123.59529876708984,9.48466968536377,0.0008852496393956244,0.0049680983647704124,,-0.020110117,0.043944351375103,,594.0906520636993,3271.0423562333467,2,SC4,12.593436241149902,茅栗、白栎灌丛,108.7179779,29.52124828
199,17.53655433654785,9.289494514465332,134.17169189453125,8.6160249710083,0.000993523863144219,0.004460167605429888,,-0.023559464,0.043071337044239044,,620.0790337430119,3255.826476515988,2,SC4,11.230389595031738,茅栗、白栎灌丛,108.7179681,29.52098012
200,33.47650146484375,15.68185043334961,106.51362609863281,18.266996383666992,0.001328282873146236,0.010083428584039211,,0.00689845671877265,0.03657258674502373,,577.2832606245679,2487.7518463047486,2,SC4,46.625640869140625,茅栗、白栎灌丛,108.726733,29.52010803
201,32.97643280029297,11.560264587402344,334.7699089050293,17.01605224609375,0.0019538174383342266,0.009473973885178566,,0.008675319142639637,0.019763045012950897,,492.6580755133473,2616.1427648423255,2,SC4,25.37702751159668,茅栗、白栎灌丛,108.7255775,29.52067732
202,27.74215316772461,10.820948600769043,114.34585571289062,14.604392051696777,-0.001023778,0.01129909511655569,,-0.001352538,0.03343890979886055,,809.7267509651164,8824.990457498683,2,SC4,17.496292114257812,茅栗、白栎灌丛,108.6529024,29.522887
203,30.330577850341797,10.307755470275879,122.0908432006836,15.453182220458984,-0.00248021,0.006794325076043606,,-0.000251516,0.05897684395313263,,727.8847744244033,8762.040418187291,2,SC4,46.801334381103516,茅栗、白栎灌丛,108.6525702,29.52123918
204,29.78679084777832,6.878755569458008,130.84649658203125,14.831212997436523,-0.001221024,0.007422871887683868,,0.003538167802616954,0.014347119256854057,,624.7896494117674,8629.407163100268,2,SC4,26.214082717895508,茅栗、白栎灌丛,108.6551215,29.52272526
205,23.539945602416992,10.599958419799805,288.0612487792969,11.403884887695312,-0.000832721,0.006225442048162222,,0.010648876428604126,0.034533947706222534,,171.07569546386244,7733.1574291276065,2,SC4,36.09282684326172,茅栗、白栎灌丛,108.66472,29.52111397
206,4.41347599029541,1.7932676076889038,325.76436614990234,2.4842491149902344,-0.001090528,0.0022841549944132566,,0.03064580075442791,0.0467093251645565,,48.92430554745652,7342.129230260439,7,SC4,2.4366378784179688,茅栗、白栎灌丛,108.6699809,29.52204689
207,13.95364761352539,8.965958595275879,258.1472473144531,6.942525386810303,0.0001205116932396777,0.005300477612763643,,-0.034724746,0.14532239735126495,,627.7202485919827,3100.377222508471,2,SC4,10.149775505065918,茅栗、白栎灌丛,108.7193968,29.52033165
208,38.601619720458984,15.367420196533203,27.610931396484375,21.664758682250977,0.0035701002925634384,0.008495703339576721,,0.018318502232432365,0.02364080585539341,,886.6612263090004,8917.346192951327,2,SC4,23.498342514038086,茅栗、白栎灌丛,108.6515861,29.5225541
209,32.83483123779297,14.110615730285645,7.715700626373291,18.64942741394043,9.571041300659999e-05,0.012156173586845398,,0.013272061012685299,0.08422087132930756,,922.0340788798349,8955.873336602202,2,SC4,39.52871322631836,茅栗、白栎灌丛,108.6509633,29.52230279
210,34.873924255371094,8.487502098083496,21.38213348388672,17.58448600769043,-0.001472949,0.007342934142798185,,-0.004145129,0.013393501751124859,,913.6869615966411,8940.933711635604,2,SC4,52.13904571533203,茅栗、白栎灌丛,108.6503977,29.52116921
211,23.231691360473633,9.256052017211914,303.51081466674805,11.153643608093262,0.0018816731171682477,0.006546607706695795,,0.007616512943059206,0.029325760900974274,,130.01064256303087,7575.572021812299,2,SC4,34.289634704589844,茅栗、白栎灌丛,108.6667718,29.52138577
212,8.97376823425293,3.93687105178833,94.37039184570312,4.03298282623291,-0.00034204,0.0013602374820038676,,0.026862744241952896,0.029124388471245766,,0.6766791162024653,7288.768923541916,7,SC4,4.486947059631348,茅栗、白栎灌丛,108.6704311,29.521766
213,23.729196548461914,9.908761024475098,29.587827682495117,11.561868667602539,0.0006825948366895318,0.0051550958305597305,,0.0012930796947330236,0.030767828226089478,,817.6787456169295,2222.0905885355705,2,SC4,34.012508392333984,茅栗、白栎灌丛,108.7285079,29.51808797
214,20.715896606445312,9.691204071044922,176.85231018066406,9.941749572753906,0.0038147096056491137,0.006084805820137262,,0.01598704420030117,0.038724713027477264,,737.4637686331511,2206.5819633674605,2,SC4,22.213253021240234,茅栗、白栎灌丛,108.7292545,29.51884933
215,23.111515045166016,8.568072319030762,247.03297424316406,11.170965194702148,0.0017933591734617949,0.006646572612226009,,0.016868358477950096,0.10655952990055084,,561.2353206609079,2229.11710098031,2,SC4,27.539464950561523,茅栗、白栎灌丛,108.7303119,29.52067221
216,25.39302635192871,10.153899192810059,101.45439910888672,12.338144302368164,9.519862214801833e-05,0.004313948098570108,,-0.000220486,0.021570222452282906,,700.6673551658279,2154.587091530691,2,SC4,27.35337257385254,茅栗、白栎灌丛,108.7302536,29.51934495
217,31.8178768157959,9.010589599609375,280.87796783447266,15.399909973144531,0.0020782293286174536,0.011927688494324684,,-0.007215461,0.02241424471139908,,323.68579357889024,8335.293960119112,2,SC4,52.51511001586914,茅栗、白栎灌丛,108.6574131,29.5208878
218,5.3643341064453125,1.9540343284606934,348.75383377075195,2.539876937866211,-0.000295139,0.0026131500490009785,,0.02082938142120838,0.04283032566308975,,49.504974804975184,7398.008064404393,7,SC4,2.3052568435668945,茅栗、白栎灌丛,108.6689479,29.52148487
219,7.56235933303833,3.9499082565307617,13.047741889953613,3.438386917114258,-0.001023106,0.0031878023874014616,,0.02837175503373146,0.03677625581622124,,49.18828293199289,7367.528734892376,7,SC4,2.9915266036987305,茅栗、白栎灌丛,108.6695113,29.52179142
220,19.305627822875977,13.884936332702637,123.00655364990234,9.616811752319336,0.001714217010885477,0.007688384968787432,,0.029318396002054214,0.03385227173566818,,12.43033998874432,7337.657460341908,7,SC4,15.607762336730957,茅栗、白栎灌丛,108.6693932,29.52106989
221,8.653024673461914,3.083930253982544,106.301025390625,4.044496536254883,-0.000600272,0.0007059216732159257,,0.04053197056055069,0.040387123823165894,,8.72355261997087,7301.041753083138,7,SC4,3.785865306854248,茅栗、白栎灌丛,108.6701148,29.5215063
222,31.20466423034668,10.879480361938477,80.08988952636719,15.166777610778809,0.0013809214578941464,0.007865047082304955,,0.00495145283639431,0.016469411551952362,,177.75708764767492,7151.050473164606,2,SC4,42.32907485961914,茅栗、白栎灌丛,108.6710564,29.52022318
223,26.450519561767578,10.14559268951416,335.08169746398926,12.851349830627441,0.001460615312680602,0.005003845784813166,,-0.002933701,0.03387223184108734,,677.5616617510019,2673.463537525646,2,SC4,44.54938507080078,茅栗、白栎灌丛,108.7236741,29.51903408
224,20.339750289916992,8.429315567016602,306.1133117675781,9.47892951965332,-0.000136604,0.005872259382158518,,0.002299852203577757,0.021303994581103325,,815.0444246692052,2701.1126380544524,2,SC4,43.8112907409668,茅栗、白栎灌丛,108.7224875,29.51787425
225,27.576467514038086,13.632037162780762,228.15428161621094,15.27773666381836,0.001699073240160942,0.009266954846680164,,-0.003723415,0.06685075908899307,,1074.4252993342661,9097.70886237646,2,SC4,20.902982711791992,茅栗、白栎灌丛,108.6487884,29.52155724
226,34.80172348022461,8.352631568908691,157.4973602294922,15.738649368286133,-0.007437375,0.010080731473863125,,-0.00877581,0.02487483061850071,,1013.5038962528424,9020.727400515932,2,SC4,33.93107604980469,茅栗、白栎灌丛,108.6490685,29.52058879
227,29.729503631591797,9.780176162719727,331.6664791107178,14.696330070495605,-0.001985302,0.01169370673596859,,-0.005815061,0.025752464309334755,,439.75550455720474,8473.7809126514,2,SC4,55.44190979003906,茅栗、白栎灌丛,108.6550971,29.51986669
228,30.74049949645996,7.699302673339844,270.3261947631836,14.480335235595703,0.0023355099838227034,0.007420801091939211,,-0.000858777,0.012530447915196419,,319.83997668549273,8353.060247791307,2,SC4,45.158023834228516,茅栗、白栎灌丛,108.6563574,29.51960006
229,12.307875633239746,7.990268230438232,112.88469696044922,6.163127899169922,-0.000473749,0.003437003120779991,,0.04105200991034508,0.056149426847696304,,7.994543768321487,7390.36669522317,7,SC4,5.804566860198975,茅栗、白栎灌丛,108.6685529,29.52074414
230,30.578760147094727,12.166265487670898,160.9371337890625,15.817715644836426,0.0017714500427246094,0.009191627614200115,,0.008474483154714108,0.03167998790740967,,744.3874401739993,2441.3206640140297,2,SC4,41.40250778198242,茅栗、白栎灌丛,108.7260851,29.51844497
231,41.1585693359375,9.077369689941406,209.66339111328125,21.3588809967041,0.008440094999969006,0.00758452620357275,,-0.004564354,0.019308671355247498,,1121.2923453777466,9136.236071559091,2,SC4,25.748863220214844,茅栗、白栎灌丛,108.6481656,29.52130591
232,40.03113555908203,5.368052005767822,112.05509185791016,19.833532333374023,-0.001304336,0.010065668262541294,,0.0011442565592005849,0.007315890863537788,,1080.7750477212985,9078.779800252936,2,SC4,39.06466293334961,茅栗、白栎灌丛,108.6483178,29.52049639
233,29.39373779296875,7.261968612670898,318.30524826049805,14.1121187210083,0.0004123738035559654,0.007317882031202316,,-0.011362297,0.024538962170481682,,477.8094471869954,8493.015215310485,2,SC4,23.506725311279297,茅栗、白栎灌丛,108.6556767,29.52109931
234,15.64143180847168,11.159818649291992,123.09452056884766,7.9440836906433105,0.0012040033470839262,0.006255400367081165,,0.030878977850079536,0.03508186712861061,,2.9292369133945835,7364.113402453279,7,SC4,11.928898811340332,茅栗、白栎灌丛,108.6688594,29.52073567
235,15.837078094482422,11.235795974731445,108.95824432373047,7.548594951629639,0.0026349874678999186,0.006082919426262379,,0.02349766343832016,0.021925702691078186,,15.828495710126925,7420.903916663256,7,SC4,15.38343620300293,茅栗、白栎灌丛,108.6679245,29.52033966
236,21.862293243408203,7.946413516998291,95.99686431884766,10.412764549255371,0.0007168457959778607,0.00677009392529726,,-0.002653487,0.018882310017943382,,239.71011304446287,7194.58647881474,2,SC4,35.78264236450195,茅栗、白栎灌丛,108.6695199,29.51866977
237,30.12777328491211,10.106332778930664,159.57305908203125,14.923906326293945,0.0007980205700732768,0.009897156618535519,,-0.003149963,0.0177835151553154,,241.1843165110724,7140.064199826556,2,SC4,45.95298385620117,茅栗、白栎灌丛,108.6704454,29.51909261
238,25.29081153869629,8.545722961425781,120.32925415039062,12.236113548278809,-0.001643118,0.006549945566803217,,-0.00014215,0.014259361661970615,,282.5757753033774,7019.717481271442,2,SC4,53.032169342041016,茅栗、白栎灌丛,108.6721931,29.51957571
239,27.63054656982422,10.082478523254395,163.04541015625,14.490401268005371,0.0017776588210836053,0.009639023803174496,,-0.003455741,0.024404501542448997,,1175.273758489329,9167.193941336618,2,SC4,23.317333221435547,茅栗、白栎灌丛,108.6473253,29.52058561
240,20.982831954956055,13.818612098693848,82.70374298095703,10.494532585144043,0.002502487041056156,0.004463832825422287,,0.04630167782306671,0.0778389647603035,,45.9662763575117,7531.472335256575,7,SC4,19.48704719543457,茅栗、白栎灌丛,108.6660266,29.51945023
241,9.49329948425293,5.314387321472168,103.69953155517578,4.727439880371094,-0.000303711,0.0023112569469958544,,0.02535308338701725,0.022451523691415787,,23.283404554947197,7479.69165915078,7,SC4,4.1456828117370605,茅栗、白栎灌丛,108.6669909,29.51998196
242,30.638147354125977,10.166114807128906,175.16326904296875,15.479663848876953,-0.000778625,0.009594989940524101,,-0.002361783,0.01815207675099373,,1072.2151391646469,9068.27597469389,2,SC4,55.86750030517578,茅栗、白栎灌丛,108.6475125,29.51907775
243,21.877405166625977,12.124730110168457,174.9603729248047,10.765083312988281,0.0003008832281921059,0.006026250775903463,,0.015389624983072281,0.03327953815460205,,304.19429850064546,7262.096220814229,2,SC4,30.93113899230957,茅栗、白栎灌丛,108.6680256,29.51761525
244,9.68125057220459,6.121613502502441,319.5984115600586,4.790103912353516,-0.000903258,0.003176286118105054,,0.03545261174440384,0.02371492050588131,,61.173723315185484,7976.799280326566,2,SC4,4.861886978149414,茅栗、白栎灌丛,108.6608402,29.51961481
245,17.465429306030273,11.934228897094727,79.98247528076172,8.748356819152832,-0.000263523,0.0023493587505072355,,0.06103784590959549,0.10296611487865448,,0.9872693817738595,7661.757462277507,7,SC4,9.41110897064209,茅栗、白栎灌丛,108.664519,29.51951333
246,29.12923240661621,9.983165740966797,93.0592269897461,14.30636978149414,0.0004954608157277107,0.0066738189198076725,,-0.001025381,0.017490174621343613,,1164.135450546178,9156.591629325083,2,SC4,60.986637115478516,茅栗、白栎灌丛,108.6458236,29.51810295
247,32.027156829833984,9.373836517333984,281.8094024658203,16.336944580078125,-7.76E-05,0.009814041666686535,,2.8705939257633872e-05,0.017666136845946312,,540.8089909947271,8554.200076451489,2,SC4,54.11331558227539,茅栗、白栎灌丛,108.6536712,29.51915012
248,20.09225845336914,13.56930160522461,311.0119094848633,10.404472351074219,0.001808720058761537,0.005775763653218746,,0.03589562326669693,0.04550401121377945,,37.29488579151855,8040.556490098217,2,SC4,18.494997024536133,茅栗、白栎灌丛,108.6599372,29.51939363
249,25.659320831298828,11.238190650939941,93.51787567138672,12.374402046203613,0.001719621941447258,0.0048552630469202995,,0.0046861846931278706,0.026914352551102638,,125.39990540062895,7761.872394415185,2,SC4,61.92082595825195,茅栗、白栎灌丛,108.6624059,29.51810608
250,28.357254028320312,12.203929901123047,143.06105041503906,14.597980499267578,-0.0013274,0.007925543002784252,,0.002961791818961501,0.02595403790473938,,1217.2320926164027,9239.543735831483,2,SC4,65.38720703,茅栗、白栎灌丛,108.6442507,29.51720779
251,34.39102554321289,9.536412239074707,286.89160919189453,17.677135467529297,1.1083427125413436e-05,0.01061652135103941,,-0.000794707,0.014916007407009602,,723.2020437566249,8717.848888484574,2,SC4,63.80409240722656,茅栗、白栎灌丛,108.6510792,29.51816399
252,25.543439865112305,7.8835930824279785,7.316691875457764,12.378355979919434,0.003158674342557788,0.006051828619092703,,-0.004462176,0.017536692321300507,,859.0657676191535,8855.445707197212,2,SC4,20.88523292541504,茅栗、白栎灌丛,108.6504071,29.51963363
253,27.132047653198242,7.491338729858398,352.4655966758728,13.113021850585938,-0.00157582,0.009662830270826817,,0.0032892723102122545,0.022978322580456734,,285.5826276008862,8298.518440950113,2,SC4,34.59305191040039,茅栗、白栎灌丛,108.6572958,29.5200423
254,24.533756256103516,11.935455322265625,126.62141418457031,12.838544845581055,0.0003999269974883646,0.008145586587488651,,0.0006204064120538533,0.03276337310671806,,275.262194034931,7516.793650215335,2,SC4,35.90359115600586,茅栗、白栎灌丛,108.6646197,29.51703917
255,21.391630172729492,8.255061149597168,328.92667388916016,10.368375778198242,-0.002337645,0.004771884065121412,,0.033120255917310715,0.04461091011762619,,74.70174395199697,8079.251713412131,2,SC4,12.002443313598633,茅栗、白栎灌丛,108.6591251,29.51885676
256,15.525520324707031,8.611063003540039,90.57542419433594,7.470431804656982,-0.000664029,0.003314496483653784,,0.0375789999961853,0.03371021896600723,,31.98259062656271,7977.662182466361,2,SC4,7.108329772949219,茅栗、白栎灌丛,108.6602799,29.51877612
257,22.434633255004883,7.872854232788086,16.449527740478516,10.406189918518066,0.0016570931766182184,0.003211183473467827,,0.0023514609783887863,0.017321782186627388,,246.90204484406772,7390.612264668148,2,SC4,25.99424171447754,茅栗、白栎灌丛,108.6665432,29.51768471
258,25.330392837524414,10.637039184570312,119.43225860595703,12.17747974395752,-0.005693304,0.0034749454353004694,,0.023221371695399284,0.043948594480752945,,864.5285529440782,2495.8140067408644,2,SC4,13.534239768981934,茅栗、白栎灌丛,108.7245844,29.51730502
259,26.54371452331543,10.073567390441895,111.60990142822266,12.884102821350098,-0.004617633,0.004890407435595989,,0.020188558846712112,0.04457562789320946,,894.2697526472971,2480.5981107060243,2,SC4,18.217777252197266,茅栗、白栎灌丛,108.7245746,29.51703687
260,29.61922264099121,10.663686752319336,207.97010803222656,14.536081314086914,0.000875499623361975,0.009058798663318157,,-0.001074285,0.019530806690454483,,913.4735788450806,2319.5283176421613,2,SC4,31.182491302490234,茅栗、白栎灌丛,108.7264868,29.51695544
261,18.551084518432617,9.293817520141602,315.85807037353516,9.209318161010742,1.6135256373672746e-05,0.003995649050921202,,0.019458390772342682,0.017960324883461,,80.69255357799335,8104.651386230531,7,SC4,11.572498321533203,茅栗、白栎灌丛,108.6586556,29.51860125
262,21.430435180664062,7.480809688568115,311.48095321655273,10.3101167678833,0.002569432370364666,0.005845111794769764,,0.009137068875133991,0.016293136402964592,,147.0951917229493,8181.082152346395,2,SC4,22.597211837768555,茅栗、白栎灌丛,108.6577342,29.5185819
263,16.512928009033203,8.068790435791016,9.027945518493652,8.241451263427734,-0.00067106,0.00421849125996232,,0.03093709982931614,0.03939562663435936,,51.749424509372965,8052.144136040518,2,SC4,10.476740837097168,茅栗、白栎灌丛,108.6592687,29.51858436
264,31.209033966064453,13.523308753967285,129.88404846191406,16.20452880859375,0.0020428893622010946,0.0084272725507617,,0.008756163530051708,0.02280094102025032,,72.82387815048426,7928.279903038345,2,SC4,44.37661361694336,茅栗、白栎灌丛,108.6601309,29.51765369
265,25.320877075195312,10.726840019226074,50.6182746887207,12.38419246673584,-0.000491208,0.00749258091673255,,-0.003738144,0.026509195566177368,,1364.201126051899,9392.181931421677,2,SC4,51.46034240722656,茅栗、白栎灌丛,108.6425019,29.51730791
266,31.29837417602539,9.903356552124023,229.67628479003906,15.614874839782715,-0.000290064,0.00576313491910696,,-0.00319014,0.015581447631120682,,1595.2694447880478,9622.595545081824,2,SC4,53.40523910522461,茅栗、白栎灌丛,108.6397958,29.51735793
267,20.907886505126953,10.581841468811035,310.1212043762207,10.266985893249512,0.0015497606946155429,0.004846529103815556,,0.037299465388059616,0.03989609330892563,,263.08118947522763,8262.62306713301,2,SC4,11.60672378540039,茅栗、白栎灌丛,108.6563114,29.51789032
268,16.569189071655273,10.187137603759766,64.56063842773438,8.27257251739502,0.0018470395589247346,0.007096762303262949,,0.017714357003569603,0.030046693980693817,,125.93347746027833,8125.994814600739,7,SC4,12.790316581726074,茅栗、白栎灌丛,108.6578211,29.51771567
269,27.220623016357422,9.226974487304688,101.58954620361328,12.22765064239502,0.00015405761951114982,0.0052008056081831455,,0.0026316731236875057,0.01556806918233633,,1000.9893216790814,2290.524520765291,2,SC4,28.338899612426758,茅栗、白栎灌丛,108.726237,29.5161284
270,34.07425308227539,5.908944129943848,303.3128242492676,15.695772171020508,0.0004073378222528845,0.0033356943167746067,,-0.000543764,0.012695172801613808,,1742.0453567753216,9764.12825813532,2,SC4,48.963043212890625,茅栗、白栎灌丛,108.6381086,29.51735064
271,14.908402442932129,7.297177791595459,17.881671905517578,6.899713039398193,-0.000595785,0.003197254380211234,,0.026282887905836105,0.024881666526198387,,193.67919137414646,8193.97699161542,7,SC4,7.796325206756592,茅栗、白栎灌丛,108.6570937,29.51783895
272,17.299686431884766,9.464488983154297,271.09425354003906,8.793862342834473,0.0004437713650986552,0.003178785787895322,,0.00399568909779191,0.01994531974196434,,916.7649195016082,2628.467291952101,2,SC4,22.89600372314453,茅栗、白栎灌丛,108.7226886,29.5169287
273,34.269683837890625,10.080957412719727,22.274417877197266,17.188817977905273,-0.00057177,0.01225478108972311,,-0.000665399,0.020279427990317345,,601.0415683192173,8595.665056042626,2,SC4,55.6205940246582,茅栗、白栎灌丛,108.6527399,29.51848156
274,10.347124099731445,7.24396276473999,67.80213928222656,5.486519813537598,-0.000469944,0.0029416787438094616,,0.023446565493941307,0.027806177735328674,,47.950272370112266,8062.708890887651,7,SC4,5.34696626663208,茅栗、白栎灌丛,108.6586266,29.51779672
275,25.80978775024414,12.626724243164062,185.12152099609375,13.157958984375,0.0022463416680693626,0.005129672586917877,,0.010922676883637905,0.02453709952533245,,120.8490978299412,7874.273776823989,2,SC4,57.62593078613281,茅栗、白栎灌丛,108.6597108,29.51603415
276,26.739089965820312,10.28993034362793,359.47962391376495,12.882726669311523,0.00363039574585855,0.005860526580363512,,0.02000594325363636,0.060987599194049835,,59.998585074789005,8056.469743005579,2,SC4,26.018524169921875,茅栗、白栎灌丛,108.6578945,29.51656724
277,16.607873916625977,11.423352241516113,168.86016845703125,8.136459350585938,0.0010309952776879072,0.004582006484270096,,0.02178492583334446,0.061648543924093246,,1014.8983887796036,2497.5675609600858,2,SC4,14.244061470031738,茅栗、白栎灌丛,108.7236156,29.51599003
278,25.780563354492188,10.898101806640625,326.82227325439453,12.797724723815918,0.003277250798419118,0.009119659662246704,,0.017013197764754295,0.030854560434818268,,434.8688332252168,8415.221928533947,2,SC4,31.95459747314453,茅栗、白栎灌丛,108.6541233,29.51731993
279,16.260042190551758,9.612229347229004,41.745574951171875,8.106740951538086,-0.001988796,0.0029765560757368803,,0.03106328658759594,0.020883329212665558,,302.606512611695,8297.283576868429,2,SC4,6.168683052062988,茅栗、白栎灌丛,108.6555416,29.5173448
280,29.43006134033203,12.150418281555176,102.834228515625,14.737763404846191,0.002211948623880744,0.006267248187214136,,0.00925244577229023,0.026280971243977547,,210.9482507548076,8200.272517490681,2,SC4,30.726600646972656,茅栗、白栎灌丛,108.6563703,29.51684989
281,15.062504768371582,10.670866966247559,184.9056854248047,7.239573001861572,0.002231246093288064,0.004287191201001406,,-0.047824603,0.07547235488891602,,1068.3672372656704,2287.918806827657,2,SC4,11.703536987304688,茅栗、白栎灌丛,108.7257961,29.51548147
282,27.037452697753906,11.448199272155762,232.1385269165039,13.652986526489258,-0.000650737,0.006444595754146576,,0.008207516744732857,0.04984262213110924,,1975.1308394192208,9999.518794353962,2,SC4,61.266605377197266,茅栗、白栎灌丛,108.6347825,29.51654498
283,32.25643539428711,11.5925874710083,17.59705352783203,16.515174865722656,-0.001020835,0.009212116710841656,,0.002910940209403634,0.015676284208893776,,709.5849972564158,8701.492215652066,2,SC4,68.44763946533203,茅栗、白栎灌丛,108.6505423,29.5170487
284,35.23731994628906,8.022900581359863,273.64327239990234,17.390329360961914,-0.003206605,0.011328520253300667,,-0.003096664,0.012279787100851536,,813.8551774547041,8815.060571783994,2,SC4,44.745521545410156,茅栗、白栎灌丛,108.648476,29.51595624
285,23.726757049560547,14.11284351348877,97.64331817626953,12.810881614685059,0.0011437577195465565,0.005234975833445787,,0.01850815862417221,0.04277694225311279,,308.842221872624,8296.719952747182,2,SC4,36.74546813964844,茅栗、白栎灌丛,108.6549509,29.51643371
286,36.426456451416016,14.324806213378906,252.33415985107422,18.48714828491211,0.0035410914570093155,0.008315500803291798,,0.015985354781150818,0.03964827582240105,,2212.9037848785224,10303.375049496564,2,SC4,33.050724029541016,茅栗、白栎灌丛,108.6313613,29.51683562
287,30.171754837036133,11.611771583557129,316.3028450012207,15.575963973999023,0.0030289271380752325,0.009653590619564056,,0.009540312923491001,0.0221449863165617,,609.0687194745377,8588.098576264083,2,SC4,53.73286437988281,茅栗、白栎灌丛,108.6508548,29.51546936
288,29.990224838256836,12.36670970916748,346.02465629577637,15.576146125793457,0.0017575094243511558,0.007353275548666716,,-0.013822001,0.035948898643255234,,122.18182895298037,8118.360709299385,2,SC4,42.45360565185547,茅栗、白栎灌丛,108.6562217,29.51513825
289,34.36921310424805,10.948007583618164,13.049954414367676,17.879222869873047,0.002857506973668933,0.008255853317677975,,0.00171487289480865,0.016278183087706566,,240.65451433301823,7606.057304167706,2,SC4,50.10430145263672,茅栗、白栎灌丛,108.6637255,29.51729373
290,37.34571838378906,9.22415542602539,191.55882263183594,19.659095764160156,-0.003367036,0.012247619219124317,,0.003132057609036565,0.014874582178890705,,1463.739164072211,9485.255012238493,2,SC4,60.587989807128906,茅栗、白栎灌丛,108.6406324,29.51614375
291,32.510616302490234,9.48647403717041,348.31974029541016,16.334095001220703,0.0005634633125737309,0.009861864149570465,,-0.002406487,0.030144700780510902,,889.4741831997134,8913.729881054547,2,SC4,46.11832046508789,茅栗、白栎灌丛,108.6469822,29.51546678
292,28.967878341674805,12.908905029296875,83.52020263671875,14.80431842803955,-0.000113644,0.0074975760653615,,-0.001712562,0.05927749350667,,450.7348548580645,8459.677108075026,2,SC4,63.994346618652344,茅栗、白栎灌丛,108.6512554,29.51375203
293,29.410982131958008,9.816596031188965,33.35231399536133,14.780529975891113,-0.000485527,0.006226500030606985,,0.0007976900669746101,0.018571307882666588,,2126.2925428609474,10503.717075974486,2,SC4,80.70999145507812,茅栗、白栎灌丛,108.6282886,29.51578067
294,30.792848587036133,11.393095016479492,131.22438049316406,15.670441627502441,0.00036938770790584385,0.007093240041285753,,0.006301670800894499,0.020862556993961334,,2041.7299088594434,10163.43070296622,2,SC4,26.614072799682617,茅栗、白栎灌丛,108.6319289,29.51516376
295,28.70893669128418,11.603716850280762,283.5025329589844,14.399585723876953,-0.000476799,0.006190968677401543,,0.013909075409173965,0.02662893757224083,,1769.8958195896514,9772.044660373573,2,SC4,33.33293914794922,茅栗、白栎灌丛,108.6368293,29.51554252
296,34.595394134521484,8.674216270446777,158.7743377685547,17.6478328704834,0.0012408386683091521,0.011265313252806664,,0.002356728306040168,0.018014047294855118,,1566.2184000366767,9556.187136674183,2,SC4,68.35067749023438,茅栗、白栎灌丛,108.6388256,29.51467367
297,35.619136810302734,11.914817810058594,167.38023376464844,18.642623901367188,0.003151753917336464,0.011657681316137314,,-0.007263472,0.019972920417785645,,1434.4064133578747,9448.943902363251,2,SC4,79.4757080078125,茅栗、白栎灌丛,108.6405954,29.5154289
298,27.45001220703125,10.296582221984863,128.82846069335938,13.29747200012207,0.003282412886619568,0.011123297736048698,,-0.013460937,0.015721479430794716,,1303.1484303706925,9328.33448978991,2,SC4,16.85356903076172,茅栗、白栎灌丛,108.6422918,29.5158298
299,28.58867073059082,9.779297828674316,189.5796661376953,14.166013717651367,-0.005143329,0.004694309085607529,,0.010087759234011173,0.0061029414646327496,,1595.1039028062635,9603.149412835417,2,SC4,24.47197914123535,茅栗、白栎灌丛,108.63891,29.51565407
300,26.274328231811523,9.920622825622559,172.68997192382812,12.723731994628906,-0.005003968,0.003985504154115915,,0.01001876499503851,0.007587434258311987,,1613.4769291582506,9615.422355011347,2,SC4,19.570560455322266,茅栗、白栎灌丛,108.6385938,29.51539429
301,30.47511863708496,10.751709938049316,24.42911148071289,15.840289115905762,-0.00037976,0.006908958312124014,,0.0036605733912438154,0.018376514315605164,,2095.9028596972357,10226.303452536442,2,SC4,21.45829963684082,茅栗、白栎灌丛,108.631223,29.51522695
302,30.81916046142578,10.523786544799805,223.68446350097656,15.561094284057617,-0.000124398,0.009319513104856014,,0.003692127065733075,0.02550359256565571,,1294.5389853235492,9275.490781964778,2,SC4,89.92684936523438,茅栗、白栎灌丛,108.6413068,29.51336897
303,27.997676849365234,10.00202465057373,45.10300064086914,13.667360305786133,-6.42E-06,0.008820610120892525,,0.00021099917648825794,0.021847276017069817,,779.5415059971895,8802.975534534979,2,SC4,49.453941345214844,茅栗、白栎灌丛,108.6470014,29.51348788
304,34.12235641479492,8.885663032531738,330.5469665527344,17.432443618774414,-0.000752921,0.01098619494587183,,0.0027920666616410017,0.011987272650003433,,793.1447053443326,8822.136948250312,2,SC4,56.71359634399414,茅栗、白栎灌丛,108.6473146,29.51431308
305,26.881628036499023,10.858616828918457,203.53823852539062,13.512377738952637,-0.000376804,0.007535984739661217,,0.0030588225927203894,0.019521696493029594,,1756.2785349137553,10886.740766953422,2,SC4,54.33253479003906,茅栗、白栎灌丛,108.6232004,29.51496317
306,29.203590393066406,11.880254745483398,45.6832275390625,14.542022705078125,0.0013865305809304118,0.007059235591441393,,0.0022286055609583855,0.03153252601623535,,1805.52208042216,9917.69988497612,2,SC4,33.24541473388672,茅栗、白栎灌丛,108.6341348,29.51407306
307,29.947256088256836,8.446478843688965,345.755090713501,14.399468421936035,-0.007051879,0.006862841080874205,,0.009064490906894207,0.008542987518012524,,673.7266601999216,8694.82161078941,2,SC4,17.34825897216797,茅栗、白栎灌丛,108.6489977,29.5145719
308,41.562808990478516,5.884995937347412,130.4636993408203,20.183244705200195,0.00250563258305192,0.006370998453348875,,-0.000878405,0.007290420588105917,,1530.4942305982058,11190.849020689651,2,SC4,56.58216094970703,茅栗、白栎灌丛,108.6189581,29.51400507
309,28.808786392211914,10.721336364746094,114.64488220214844,15.967694282531738,0.0005858677322976291,0.012097219005227089,,0.004144476260989904,0.017787929624319077,,1481.8609084496861,11206.279284077973,2,SC4,14.135025024414062,茅栗、白栎灌丛,108.6193758,29.51492242
310,30.328678131103516,9.247803688049316,354.0165042877197,14.500164031982422,0.0013154561165720224,0.008988471701741219,,-0.00230069,0.012866816483438015,,2229.5819263762414,10396.951347090786,2,SC4,65.212646484375,茅栗、白栎灌丛,108.6287514,29.51455054
311,28.278118133544922,13.432326316833496,42.08275604248047,14.437586784362793,-0.00256931,0.007459625136107206,,0.0304371677339077,0.060343123972415924,,2044.9540588210061,10189.602015201752,2,SC4,20.724721908569336,茅栗、白栎灌丛,108.6311979,29.51452296
312,24.191999435424805,12.197827339172363,102.212158203125,13.664474487304688,-0.002756208,0.006435491144657135,,0.03249836340546608,0.08340363204479218,,1408.3607669621788,11311.565694699835,2,SC4,21.295276641845703,茅栗、白栎灌丛,108.6180107,29.5147487
313,25.759607315063477,12.694160461425781,125.49024963378906,12.810433387756348,-0.001948393,0.004065146204084158,,0.0001202308849315159,0.03244514763355255,,1585.3492553427934,11186.6185920608,2,SC4,53.25709533691406,茅栗、白栎灌丛,108.6183102,29.51293942
314,32.706661224365234,11.271557807922363,49.19681167602539,17.323017120361328,-0.001178092,0.011056452058255672,,-0.003121737,0.01989009790122509,,2173.307470959174,10348.690002735828,2,SC4,67.75605773925781,茅栗、白栎灌丛,108.6288341,29.5138014
315,27.171710968017578,12.816963195800781,97.11113739013672,13.723770141601562,-0.000801976,0.008506573736667633,,0.03184015303850174,0.05997022986412048,,2022.225661307001,10163.347507297649,2,SC4,17.809335708618164,茅栗、白栎灌丛,108.6315044,29.51451457
316,28.003765106201172,10.095741271972656,356.936550617218,13.752314567565918,0.0015696862246841192,0.007201677188277245,,0.0010065302485600114,0.017358478158712387,,2040.628228912279,10221.050999832874,2,SC4,74.37104034423828,茅栗、白栎灌丛,108.6296819,29.51278016
317,23.481685638427734,10.541136741638184,180.14303588867188,11.621222496032715,0.001660862471908331,0.006762078497558832,,0.000786464661359787,0.05267418920993805,,1887.9878200436274,10032.348851850289,2,SC4,19.8638916015625,茅栗、白栎灌丛,108.632526,29.51369756
318,38.13638687133789,17.153955459594727,11.186361312866211,21.905073165893555,0.008767925202846527,0.016771910712122917,,-0.013540574,0.029614528641104698,,1330.8233583836623,11482.435169757666,2,SC4,85.9385986328125,茅栗、白栎灌丛,108.6155756,29.51413169
319,34.886234283447266,11.185284614562988,58.90310287475586,18.30723762512207,0.0017783131916075945,0.007368507795035839,,0.003349125385284424,0.020087361335754395,,1654.7177817914128,11043.322118208971,2,SC4,39.86650085449219,茅栗、白栎灌丛,108.6205341,29.51373424
320,25.735382080078125,9.825000762939453,204.20315551757812,12.729166984558105,-0.000539858,0.009074403904378414,,0.0010567352874204516,0.03349294513463974,,2121.24093945309,10539.537635491462,2,SC4,38.13005828857422,茅栗、白栎灌丛,108.6255778,29.51229382
321,20.529403686523438,15.178732872009277,188.31634521484375,10.688749313354492,-0.004760033,0.004765789024531841,,0.04609183222055435,0.05034551024436951,,1662.0988551705534,9741.568386035418,7,SC4,14.652997970581055,茅栗、白栎灌丛,108.6360837,29.51385236
322,42.167354583740234,12.080312728881836,187.10867309570312,24.265825271606445,-0.000350371,0.010271730832755566,,-0.004882662,0.015046324580907822,,1352.4555630689113,11673.247149874347,2,SC4,83.4330062866211,茅栗、白栎灌丛,108.6124302,29.51279216
323,13.075153350830078,5.6408820152282715,341.24092292785645,6.102319717407227,0.0014367866097018123,0.0026008461136370897,,-0.007857787,0.02555900625884533,,1541.8094346766966,11356.645744561849,2,SC4,27.889989852905273,茅栗、白栎灌丛,108.6157016,29.5120423
324,33.798187255859375,11.045295715332031,41.201072692871094,18.074689865112305,-0.002706618,0.0059499554336071014,,-0.004490343,0.012679381296038628,,1484.56911054725,11344.216521500863,2,SC4,59.131011962890625,茅栗、白栎灌丛,108.6164624,29.51297793
325,35.847312927246094,11.639870643615723,177.65481567382812,17.596363067626953,0.0007064444944262505,0.009233313612639904,,0.010034960694611073,0.022820407524704933,,1894.319668386979,10804.262416893533,2,SC4,29.01810646057129,茅栗、白栎灌丛,108.6224883,29.51238059
326,20.791040420532227,6.91035270690918,8.0098876953125,9.989232063293457,0.0025053767021745443,0.004939863923937082,,-0.020901339,0.03792846202850342,,1767.4130551165674,9909.658800234607,2,SC4,12.387628555297852,茅栗、白栎灌丛,108.6336024,29.51311494
327,27.641422271728516,11.179052352905273,4.8432936668396,13.573317527770996,-0.000444714,0.005841863341629505,,0.003154912032186985,0.034326910972595215,,1585.9650193182433,9750.431724318065,2,SC4,32.50885772705078,茅栗、白栎灌丛,108.6343763,29.51140816
328,13.251776695251465,5.261370658874512,2.354609966278076,6.023675918579102,0.0003116900334134698,0.0026798751205205917,,-0.010197831,0.01709020510315895,,1782.9177829709888,10971.926891106767,2,SC4,17.594745635986328,茅栗、白栎灌丛,108.6202289,29.5119736
329,22.30707359313965,9.321005821228027,128.67198181152344,10.538432121276855,-0.000107879,0.008117031306028366,,0.01776856742799282,0.030520077794790268,,1845.7678981795764,10012.967788893675,2,SC4,11.971531867980957,茅栗、白栎灌丛,108.6320504,29.5126205
330,26.262956619262695,11.549172401428223,121.7944107055664,13.1117525100708,0.0005026384606026113,0.011455638334155083,,0.008801544085144997,0.03319117799401283,,1834.0525053335805,10011.045414870527,2,SC4,15.648528099060059,茅栗、白栎灌丛,108.631684,29.51202651
331,19.017139434814453,6.285345077514648,159.75189208984375,8.132682800292969,-0.003749509,0.005040094256401062,,-0.002276296,0.01751990057528019,,1698.8641828291668,9865.769423601192,2,SC4,17.99794578552246,茅栗、白栎灌丛,108.6333183,29.51188552
332,20.501304626464844,8.15163516998291,81.87940216064453,9.70885181427002,-0.000993498,0.0073129888623952866,,-0.006190076,0.03234421834349632,,1717.5683767088858,9893.91720590621,2,SC4,21.84273910522461,茅栗、白栎灌丛,108.6327261,29.51149243
333,19.738269805908203,7.99602746963501,70.94452667236328,8.71849250793457,3.820288475253619e-05,0.006477427203208208,,0.002067721914499998,0.028922390192747116,,1450.182080588406,9574.761671498223,2,SC4,16.126569747924805,茅栗、白栎灌丛,108.6367227,29.51180233
334,21.016576766967773,9.854001998901367,197.07850646972656,10.022761344909668,0.0012898630229756236,0.004983971361070871,,0.010602544993162155,0.027692943811416626,,1384.003934979023,9540.730861019641,2,SC4,23.05169677734375,茅栗、白栎灌丛,108.6363545,29.51062358
335,23.98819351196289,9.411286354064941,48.38731384277344,11.425762176513672,-0.002571789,0.007276372984051704,,0.013559629209339619,0.026768142357468605,,1830.3587248738806,10878.149999353665,2,SC4,11.834317207336426,茅栗、白栎灌丛,108.6217013,29.51251966
336,30.223024368286133,11.642973899841309,193.38583374023438,15.647601127624512,0.0015000869752839208,0.009171472862362862,,0.006268423981964588,0.017596689984202385,,1381.2559018025815,11849.408336260763,2,SC4,26.912324905395508,茅栗、白栎灌丛,108.6099161,29.51215025
337,19.136213302612305,10.060603141784668,98.52505493164062,9.334748268127441,0.0031411221716552973,0.0055657075718045235,,-0.021014698,0.1025480180978775,,2221.2085062044484,10473.297915495035,2,SC4,41.4627799987793,茅栗、白栎灌丛,108.6253095,29.51068311
338,30.336013793945312,11.834738731384277,134.58270263671875,15.455048561096191,0.0020469187293201685,0.007108447141945362,,-0.000962155,0.018408363685011864,,1179.710881102263,9158.867914829796,2,SC4,75.69651794433594,茅栗、白栎灌丛,108.6417014,29.5118563
339,30.921812057495117,13.386735916137695,244.6977767944336,16.950302124023438,-0.002284807,0.012005426920950413,,-0.01373795,0.09973908215761185,,1024.206619485812,8978.406352159012,2,SC4,67.98823547363281,茅栗、白栎灌丛,108.6432187,29.51089871
340,26.90753746032715,10.14389419555664,26.775131225585938,13.212326049804688,0.000388535758247599,0.005045986268669367,,0.0018288325518369675,0.019975826144218445,,1878.5483316859338,10062.632131360675,2,SC4,76.49903106689453,茅栗、白栎灌丛,108.6295274,29.50967147
341,29.485925674438477,10.232597351074219,213.15992736816406,14.965545654296875,0.0028748882468789816,0.006675517652183771,,0.012891113758087158,0.03761434182524681,,1228.3992609292482,9319.959070325416,2,SC4,35.76507568359375,茅栗、白栎灌丛,108.6392719,29.51107096
342,43.4475212097168,11.428262710571289,170.15699768066406,25.12363624572754,0.0007328561623580754,0.009624198079109192,,0.008239071816205978,0.0183876845985651,,1407.9713440576663,11734.49656485378,2,SC4,56.214149475097656,茅栗、白栎灌丛,108.6112147,29.51204783
343,14.558682441711426,6.659547805786133,14.56199836730957,6.553213119506836,-0.000291391,0.00373605964705348,,5.171117663849145e-05,0.029826559126377106,,1659.7832436145459,11261.823786738249,2,SC4,31.215227127075195,茅栗、白栎灌丛,108.6161894,29.51106683
344,33.88253402709961,12.31420612335205,220.14198303222656,17.934497833251953,0.0012081845197826624,0.006609597243368626,,0.005024561658501625,0.02546478994190693,,1580.7532673071064,11689.67760353355,2,SC4,103.9630126953125,茅栗、白栎灌丛,108.6106724,29.51040698
345,24.772216796875,13.419668197631836,135.58238220214844,12.436814308166504,7.168871525209397e-05,0.0074450005777180195,,0.011415823362767696,0.027033081278204918,,1920.6212933430152,10797.188529719127,2,SC4,21.016555786132812,茅栗、白栎灌丛,108.6222022,29.5118157
346,29.103363037109375,10.949043273925781,33.139495849609375,14.506542205810547,0.000580548366997391,0.006541977170854807,,0.015719953924417496,0.12875880300998688,,2257.856766532053,10539.690586210187,2,SC4,49.173927307128906,茅栗、白栎灌丛,108.6230808,29.50848606
347,29.713598251342773,10.07053279876709,211.18954467773438,14.824555397033691,0.0008647065842524171,0.009884191676974297,,0.008342099376022816,0.047788381576538086,,2228.5291784352635,10498.640322381552,2,SC4,35.94795608520508,茅栗、白栎灌丛,108.6244784,29.50987445
348,34.2443962097168,13.170055389404297,350.266640663147,18.616296768188477,-0.002668011,0.011665735393762589,,0.007354122586548328,0.020327484235167503,,2023.4519335266234,10211.721267746807,2,SC4,69.46316528320312,茅栗、白栎灌丛,108.6289411,29.51148071
349,33.043521881103516,12.260066986083984,179.8987579345703,16.952495574951172,0.0028102423530071974,0.009429434314370155,,-0.006256821,0.02047664299607277,,1744.5486088478763,9927.569191790913,2,SC4,23.486337661743164,茅栗、白栎灌丛,108.6320846,29.51112393
350,31.47688102722168,18.753870010375977,214.3275146484375,20.261558532714844,-0.002556914,0.015039696358144283,,-0.002388284,0.05144697427749634,,1443.6472795168768,11945.45750041305,2,SC4,46.34516525268555,茅栗、白栎灌丛,108.6083843,29.51155431
351,9.387530326843262,3.791224956512451,318.8752021789551,4.027955055236816,-0.000499223,0.003489631460979581,,0.007112488150596619,0.017769470810890198,,1763.8991392287653,11060.14080088696,2,SC4,4.340489387512207,茅栗、白栎灌丛,108.6186826,29.51121368
352,35.897010803222656,10.91646671295166,53.66460037231445,19.243141174316406,-0.001281593,0.011783015914261341,,0.0007726356270723045,0.022999994456768036,,1985.8468849374706,10172.976531107946,2,SC4,62.149330139160156,茅栗、白栎灌丛,108.6288316,29.51061085
353,26.21297836303711,10.29663372039795,27.82297134399414,13.01851749420166,0.0017352040158584714,0.006442639511078596,,0.0126420883461833,0.03756262734532356,,1170.531325198486,9294.879632735512,2,SC4,23.989826202392578,茅栗、白栎灌丛,108.6390029,29.51020588
354,24.272598266601562,12.21941089630127,70.7234878540039,12.02390193939209,0.0027470628265291452,0.0065499525517225266,,-0.004260001,0.04980212822556496,,1926.2295301683203,10869.2433393309,2,SC4,32.46263885498047,茅栗、白栎灌丛,108.6205062,29.51053421
355,31.535253524780273,9.242411613464355,185.78170776367188,13.48525619506836,-0.000838366,0.005486935842782259,,-0.003286698,0.01301749236881733,,1616.675658532422,9804.439068832624,2,SC4,25.485689163208008,茅栗、白栎灌丛,108.6327118,29.5098479
356,20.772735595703125,10.399490356445312,172.64634704589844,10.021690368652344,-0.001510224,0.003934069070965052,,0.028378944844007492,0.04426328465342522,,1435.9062252276085,9600.044521834565,2,SC4,11.15616226196289,茅栗、白栎灌丛,108.635662,29.51064254
357,27.63629722595215,11.894726753234863,23.84734535217285,13.8914794921875,0.0016504437662661076,0.007001084741204977,,0.005186972673982382,0.030603446066379547,,1434.2841678934128,9617.452825825792,2,SC4,45.11604690551758,茅栗、白栎灌丛,108.6347846,29.5096196
358,27.723377227783203,10.512664794921875,339.9792728424072,15.066020965576172,-0.001519445,0.011702206917107105,,0.011274713091552258,0.02481653541326523,,1506.9470690549576,12015.950692206528,2,SC4,19.345781326293945,茅栗、白栎灌丛,108.6072156,29.51104916
359,23.046695709228516,11.256871223449707,105.5193099975586,11.513254165649414,-0.001710113,0.005647771526128054,,0.01819375529885292,0.04603767395019531,,1739.8679069986047,9927.369237953524,2,SC4,17.94002914428711,茅栗、白栎灌丛,108.6316672,29.51048339
360,23.350879669189453,11.026437759399414,86.88785552978516,11.336311340332031,-0.003208974,0.005194305442273617,,0.019641099497675896,0.04390135034918785,,1725.2616075112412,9913.387562470516,2,SC4,14.933513641357422,茅栗、白栎灌丛,108.6316576,29.51021521
361,35.94973373413086,14.91006088256836,9.064214706420898,20.05077362060547,-0.000551587,0.007736835163086653,,-0.000470979,0.018053648993372917,,2188.180275356387,12032.521473518276,2,SC4,145.3316650390625,茅栗、白栎灌丛,108.6031552,29.50546168
362,30.199132919311523,16.65122413635254,24.941957473754883,16.73330307006836,-0.00306965,0.011700154282152653,,0.02137664146721363,0.03146032243967056,,1522.7270812654049,11961.265144744939,2,SC4,22.069705963134766,茅栗、白栎灌丛,108.6077461,29.51086696
363,27.57678985595703,11.59570598602295,120.34031677246094,13.680060386657715,0.00025813045795075595,0.005528345238417387,,0.0013148111756891012,0.02197645977139473,,2272.5290743159258,11750.749367867029,2,SC4,138.04820251464844,茅栗、白栎灌丛,108.6057144,29.50425179
364,26.028812408447266,8.11610221862793,58.2066650390625,12.26307487487793,0.0005706270458176732,0.003915023524314165,,0.0034721859265118837,0.01608317531645298,,1813.141375643598,11716.691670596641,2,SC4,51.464046478271484,茅栗、白栎灌丛,108.6088823,29.50821681
365,20.820919036865234,9.067081451416016,169.24571228027344,10.022059440612793,-0.00019058,0.006887995637953281,,-0.000124041,0.024420717731118202,,2052.6136932795885,10815.478565641946,2,SC4,26.340576171875,茅栗、白栎灌丛,108.6200759,29.50890243
366,26.433265686035156,9.417097091674805,53.20672607421875,12.890048027038574,-0.001387241,0.009887933731079102,,-0.000766661,0.01468583568930626,,1774.0345724070148,9958.38711388549,2,SC4,41.43983459472656,茅栗、白栎灌丛,108.6304985,29.50926259
367,34.828609466552734,14.452387809753418,230.6005096435547,19.04068946838379,-0.000902154,0.008455483242869377,,-0.001934952,0.020313899964094162,,1857.2583333004902,11195.667266819919,2,SC4,101.74455261230469,茅栗、白栎灌丛,108.6155523,29.50889434
368,15.497575759887695,6.20271110534668,90.44554138183594,6.911732196807861,2.9099390303599648e-05,0.0037886006757616997,,-0.002636472,0.01983014866709709,,2099.3491445371637,10815.990603518445,2,SC4,33.85171127319336,茅栗、白栎灌丛,108.619575,29.50814724
369,24.1107177734375,11.106194496154785,27.39740753173828,11.91260051727295,0.0008564546587876976,0.007550292648375034,,0.006104800384491682,0.024638080969452858,,1688.5573751128372,9870.265713622632,2,SC4,50.43589782714844,茅栗、白栎灌丛,108.63113,29.50862819
370,21.178430557250977,14.823247909545898,67.28950500488281,11.501426696777344,0.0034703270066529512,0.006100566126406193,,-0.021248085,0.03590600937604904,,1959.636611558447,10116.586804133329,2,SC4,14.004637718200684,茅栗、白栎灌丛,108.6279024,29.50817026
371,38.09609603881836,13.587105751037598,163.4408416748047,21.361038208007812,0.0019100563367828727,0.009824560023844242,,0.005520469509065151,0.015058327466249466,,2066.2705309800203,11275.566887277837,2,SC4,72.36065673828125,茅栗、白栎灌丛,108.6128552,29.50627421
372,24.02747917175293,10.562582969665527,65.13200378417969,11.919052124023438,0.0034125351812690496,0.005054986570030451,,-0.012208067,0.023325007408857346,,2316.6699662966557,10571.768931891722,2,SC4,18.983198165893555,茅栗、白栎灌丛,108.6217236,29.50699665
373,21.740022659301758,20.751779556274414,310.90758895874023,13.259637832641602,-0.00071952,0.01219647005200386,,0.08331061899662018,0.29361414909362793,,2224.3444810428514,10322.349908668068,2,SC4,25.536029815673828,茅栗、白栎灌丛,108.6246358,29.5069172
374,27.51170539855957,13.029345512390137,124.65473937988281,14.275351524353027,0.00019309298659209162,0.007975752465426922,,0.0022930982522666454,0.028064444661140442,,2094.7173078393735,11058.346958769456,2,SC4,80.38871002197266,茅栗、白栎灌丛,108.6157309,29.50667596
375,12.33434772491455,6.185426712036133,181.00741577148438,5.97322940826416,0.0011543607106432319,0.0027193089481443167,,-0.025631072,0.036019328981637955,,2342.8975899204383,10608.586904615151,2,SC4,9.720420837402344,茅栗、白栎灌丛,108.6207753,29.50621716
376,32.75601577758789,14.266819953918457,61.578304290771484,17.671724319458008,0.00022228148009162396,0.007537671830505133,,-0.000117591,0.026755640283226967,,2174.246610602088,11386.21474496566,2,SC4,95.71437072753906,茅栗、白栎灌丛,108.6106524,29.50502677
377,33.5625114440918,10.424450874328613,130.31695556640625,17.550832748413086,-0.002351486,0.006611482240259647,,0.005479102022945881,0.021447259932756424,,68.28157189261987,22590.197552620742,2,SO1,37.91545867919922,茅栗、白栎灌丛,108.4775428,29.50798177
378,24.420337677001953,13.786823272705078,55.897193908691406,12.541034698486328,0.0011053618509322405,0.0033041269052773714,,0.004618895705789328,0.03889846056699753,,135.62778858241597,22822.939925294748,2,SO1,42.78600311279297,茅栗、白栎灌丛,108.474466,29.50759232
379,19.36712074279785,10.405388832092285,174.13687133789062,9.876885414123535,0.0008266669465228915,0.00300574186258018,,0.025420477613806725,0.03214067965745926,,39.997270001255735,22806.10181723714,2,SO1,12.772504806518555,茅栗、白栎灌丛,108.4751839,29.5083346
380,27.18929672241211,10.135124206542969,321.2381172180176,13.856095314025879,-0.00086859,0.006407942157238722,,0.01067158579826355,0.02207721211016178,,3.5333675065627306,22716.91404048638,2,SO1,18.151777267456055,茅栗、白栎灌丛,108.4763353,29.50844407
381,33.5400276184082,9.358232498168945,97.5804214477539,17.375770568847656,0.003247432177886367,0.0060966843739151955,,-0.002418274,0.011954906396567822,,94.5869133285587,22470.91899387058,2,SO1,26.4652042388916,茅栗、白栎灌丛,108.4792,29.50829716
382,24.09360122680664,8.610483169555664,42.3553581237793,11.511059761047363,0.00023080622486304492,0.004778208676725626,,-0.002303218,0.018533604219555855,,202.65779202513878,22304.690096420316,2,SO1,47.48616027832031,茅栗、白栎灌丛,108.4800222,29.50659242
383,25.57366371154785,12.519204139709473,77.77613067626953,13.464351654052734,0.002337445504963398,0.005277945194393396,,0.005087143741548061,0.016779160127043724,,63.66288149342614,22958.05219894605,2,SO1,23.103206634521484,茅栗、白栎灌丛,108.473439,29.50846078
384,29.785932540893555,14.014424324035645,205.27999877929688,15.376169204711914,-0.000340541,0.007540977094322443,,0.050968170166015625,0.5733688473701477,,2234.382420749203,12426.467625306328,2,SC4,101.18585968017578,茅栗、白栎灌丛,108.5980913,29.50501589
385,24.74762535095215,8.26729965209961,35.16939163208008,11.940014839172363,0.0007366574718616903,0.005736875347793102,,-0.008209831,0.047247663140296936,,297.7896718315113,23116.985036171725,2,SO1,39.612335205078125,茅栗、白栎灌丛,108.4708764,29.50752916
386,19.628028869628906,8.594629287719727,217.15040588378906,9.26514720916748,0.00037670903839170933,0.004462529439479113,,0.004228508565574884,0.023202432319521904,,54.64185377736116,22174.962593921864,2,SO1,27.896438598632812,茅栗、白栎灌丛,108.4824111,29.50778111
387,26.69133758544922,11.711806297302246,256.7896270751953,13.144957542419434,0.001553924405016005,0.004291863646358252,,0.0067032696679234505,0.024290675297379494,,97.6548423684045,21989.604019335802,2,SO1,37.33213424682617,茅栗、白栎灌丛,108.4842248,29.50717326
388,24.464406967163086,11.353800773620605,246.02873992919922,13.230046272277832,0.001653084997087717,0.007334192283451557,,0.010572979226708412,0.05031749978661537,,2327.5535883369844,12267.107290894604,2,SC4,26.902856826782227,茅栗、白栎灌丛,108.5997363,29.50461587
389,13.625005722045898,6.64424467086792,90.8497085571289,6.874432563781738,0.0008843039395287633,0.004868242423981428,,-0.01488765,0.06944733113050461,,367.73692585094955,23258.90309766137,2,SO1,12.492853164672852,茅栗、白栎灌丛,108.4695242,29.50804704
390,21.028060913085938,4.81964635848999,124.56917572021484,9.543304443359375,-0.000201242,0.0036599684972316027,,-0.000165966,0.007353725843131542,,478.5433600151423,23265.675595205194,2,SO1,22.71600914001465,茅栗、白栎灌丛,108.468838,29.50717538
391,21.12543487548828,7.482078552246094,122.78833770751953,10.279388427734375,-0.000504863,0.0059340293519198895,,0.005625232122838497,0.015917882323265076,,164.75394475757992,22984.841649656333,2,SO1,18.176239013671875,茅栗、白栎灌丛,108.4726165,29.50774063
392,22.184343338012695,7.476588726043701,96.25797271728516,10.2844877243042,0.00021383030980359763,0.0037403537426143885,,-0.00512089,0.031120218336582184,,523.687706821418,22752.54382823669,2,SO1,107.36683654785156,茅栗、白栎灌丛,108.4730243,29.50428933
393,13.212228775024414,5.780907154083252,132.19044494628906,6.501093864440918,-0.001833044,0.003490106901153922,,0.0009723480907268822,0.023225324228405952,,455.1261473546848,23411.650210808588,2,SC4,6.9032769203186035,茅栗、白栎灌丛,108.4674422,29.50770083
394,23.252281188964844,6.233398914337158,113.92179107666016,10.679248809814453,0.0009490022785030305,0.0034571730066090822,,-0.002424405,0.012539995834231377,,628.2759156390802,23266.903847557332,2,SC4,49.20153045654297,茅栗、白栎灌丛,108.4679706,29.5059458
395,25.400531768798828,7.267612934112549,63.23483657836914,11.98270034790039,-0.000376225,0.0034456660505384207,,-0.001430997,0.013401022180914879,,643.6722064013298,22546.73629878512,2,SO1,93.27140808105469,茅栗、白栎灌丛,108.4745302,29.50288218
396,27.97632598876953,10.960522651672363,150.65017700195312,14.14243221282959,0.0031674907077103853,0.006675095297396183,,-0.009575242,0.0328645259141922,,2283.9905921953564,12229.6939331084,2,SC4,22.129776000976562,茅栗、白栎灌丛,108.5997509,29.50398741
397,22.32227897644043,11.221197128295898,125.25108337402344,12.291446685791016,0.0003209661808796227,0.0056931874714791775,,-0.008227702,0.04482289031147957,,568.4311103766127,23536.454760511955,2,SC4,17.567760467529297,茅栗、白栎灌丛,108.4654729,29.50703118
398,24.64305877685547,6.871635437011719,113.84553527832031,11.586633682250977,-0.000783534,0.006111204624176025,,0.00026497006183490157,0.013819877058267593,,519.4799092896267,22427.02307558985,2,SO1,74.59980010986328,茅栗、白栎灌丛,108.4765405,29.50369947
399,32.663909912109375,6.148813247680664,103.29098510742188,15.873664855957031,-0.004653862,0.002484214259311557,,-7.78E-05,0.008922233246266842,,112.56552647721999,22634.57386193461,2,SO1,27.23238182067871,茅栗、白栎灌丛,108.4765937,29.5073849
400,30.435016632080078,6.5295233726501465,105.88653564453125,14.471199035644531,-0.003773391,0.0024798044469207525,,-0.003530665,0.006650503259152174,,141.92817019965372,22619.90806259853,2,SO1,24.933950424194336,茅栗、白栎灌丛,108.4765845,29.50711666
401,21.02846908569336,8.667752265930176,305.8493766784668,10.5358304977417,0.00042019906686618924,0.006446400657296181,,0.05438172072172165,0.18974801898002625,,2303.0594303712573,12142.707356897048,2,SC4,13.953149795532227,茅栗、白栎灌丛,108.6004578,29.50349438
402,26.617305755615234,1.8014930486679077,123.01274871826172,12.168349266052246,-0.000394151,0.0022505694068968296,,0.00334211066365242,0.004696877673268318,,514.9293817449345,23343.570821955735,2,SC4,10.900388717651367,茅栗、白栎灌丛,108.4678915,29.50716493
403,21.85674476623535,8.849630355834961,121.62582397460938,10.539385795593262,0.0010819812305271626,0.0057690939866006374,,-0.00131212,0.02493036910891533,,354.0836909856444,22394.220269195695,2,SO1,42.86363983154297,茅栗、白栎灌丛,108.4781025,29.50538132
404,24.328994750976562,6.4366607666015625,94.92316436767578,11.031908988952637,-0.001222761,0.0045210691168904305,,-1.01E-05,0.009904897771775723,,368.9412498943008,22446.622167869282,2,SO1,50.0797004699707,茅栗、白栎灌丛,108.4772546,29.5050698
405,34.742271423339844,13.542508125305176,195.11880493164062,18.094514846801758,-0.001533238,0.007920904085040092,,0.01084107905626297,0.04046492278575897,,2143.5151154163304,12258.966075887261,2,SC4,35.77184295654297,茅栗、白栎灌丛,108.5987511,29.50305741
406,23.408679962158203,5.805044174194336,56.19227600097656,10.61397647857666,0.0008179846918210387,0.007343886885792017,,-0.001591428,0.010635060258209705,,586.1441597107914,23047.30470666871,2,SO1,59.81616973876953,茅栗、白栎灌丛,108.4698236,29.50479927
407,24.839019775390625,3.8149702548980713,69.70404052734375,11.333170890808105,-0.00390652,0.0041059465147554874,,0.002429319778457284,0.00453225476667285,,296.1507654656776,22978.866945196565,2,SO1,18.739553451538086,茅栗、白栎灌丛,108.4719672,29.50670049
408,27.32333755493164,7.096721172332764,62.64945602416992,12.9069185256958,0.000705922779161483,0.004855151753872633,,-0.002649399,0.011693292297422886,,656.7165891218253,22802.152666464583,2,SO1,84.49028015136719,茅栗、白栎灌丛,108.4717493,29.50331334
409,20.32106590270996,9.890297889709473,29.807268142700195,9.755908012390137,-0.002630959,0.0028891803231090307,,0.021279720589518547,0.041677672415971756,,67.32539198197807,22098.7453906175,2,SO1,14.683562278747559,茅栗、白栎灌丛,108.4823914,29.5064276
410,28.811832427978516,8.044839859008789,72.76184844970703,13.767247200012207,0.0011741302441805601,0.0027289155405014753,,0.004988752771168947,0.016745150089263916,,175.58307569343154,21979.131228211318,2,SO1,58.16914367675781,茅栗、白栎灌丛,108.4828545,29.50501558
411,32.41697692871094,15.25903606414795,254.1746368408203,17.518362045288086,-0.000717201,0.006119886413216591,,0.0215443205088377,0.14717495441436768,,3.8877572912447667,21575.154128217364,2,SO1,45.26409912109375,茅栗、白栎灌丛,108.4885244,29.50616623
412,40.98595428466797,9.375216484069824,186.43128967285156,22.1196346282959,-0.003460752,0.003310383064672351,,-0.003718175,0.009522022679448128,,2125.448763607678,12355.280163050857,2,SC4,47.859642028808594,茅栗、白栎灌丛,108.5979767,29.5036153
413,13.891746520996094,4.081986427307129,321.94345474243164,6.159348487854004,-0.000240109,0.001532103749923408,,-0.013270102,0.05026444047689438,,2435.484905847236,11469.714545235138,7,SC4,14.490086555480957,茅栗、白栎灌丛,108.6079682,29.50261561
414,28.204029083251953,10.355828285217285,145.52960205078125,14.065123558044434,0.00023695526761002839,0.005608381703495979,,0.0018294486217200756,0.025294452905654907,,748.3302589177307,23469.442510670724,2,SC4,67.85625457763672,茅栗、白栎灌丛,108.4651543,29.50540643
415,28.048067092895508,4.605138301849365,96.00513458251953,13.228985786437988,0.0009970440296456218,0.006380552891641855,,0.002120216144248843,0.00732042733579874,,533.1282182727923,22961.9326568509,2,SO1,65.55611419677734,茅栗、白栎灌丛,108.4708525,29.50479852
416,22.021841049194336,7.542144298553467,79.39341735839844,10.273116111755371,0.0005414441111497581,0.0045186253264546394,,-0.002717568,0.032253529876470566,,605.1326206910242,22057.69040856641,2,SO1,74.9578857421875,茅栗、白栎灌丛,108.4798724,29.50208202
417,24.07274627685547,14.255619049072266,119.55935668945312,11.997615814208984,-0.001146941,0.002847329480573535,,-0.041049808,0.15886631608009338,,1820.352579000204,12556.688664823689,2,SC4,36.092044830322266,茅栗、白栎灌丛,108.5948382,29.50259664
418,44.52152633666992,6.252353191375732,178.79592895507812,24.38645362854004,-0.005986147,0.003345045493915677,,-0.001081413,0.008833831176161766,,2083.4519637216467,12366.498256610144,2,SC4,51.33332824707031,茅栗、白栎灌丛,108.5976607,29.50335541
419,27.24823570251465,14.035157203674316,357.6763868331909,14.003371238708496,-0.000479665,0.01119840145111084,,0.005040575750172138,0.03115691803395748,,2374.9376008954155,11261.288687684702,2,SC4,73.58407592773438,茅栗、白栎灌丛,108.6109102,29.50322929
420,21.844247817993164,11.239404678344727,54.632022857666016,10.643769264221191,0.0019240424735471606,0.003703587455675006,,-0.010413877,0.036001771688461304,,256.21795686571176,22734.892906301287,2,SO1,17.63716697692871,茅栗、白栎灌丛,108.4747197,29.50642716
421,26.52607536315918,10.226572036743164,129.70101928710938,13.171602249145508,-0.000352507,0.006561015732586384,,0.00520026171579957,0.02812834270298481,,216.5411747547111,21786.61947375217,2,SO1,44.82256317138672,茅栗、白栎灌丛,108.4845914,29.50417269
422,17.717138290405273,13.340221405029297,146.4190216064453,10.568986892700195,-0.001537096,0.008732648566365242,,0.05876941233873367,0.15478375554084778,,1777.1563390036415,12666.729486416014,2,SC4,12.819927215576172,茅栗、白栎灌丛,108.5937907,29.50299997
423,31.98674201965332,15.375572204589844,144.4179229736328,17.51555824279785,-0.000210596,0.0056623658165335655,,-0.002380176,0.01632017455995083,,1914.0365381574993,12326.58967659435,2,SC4,99.62800598144531,茅栗、白栎灌丛,108.5969798,29.50168307
424,24.209529876708984,4.878558158874512,112.7342758178711,11.061334609985352,0.0013093098532408476,0.0024743417743593454,,0.0011761784553527832,0.005143909715116024,,636.157427298996,23380.441123168894,2,SC4,33.74726486206055,茅栗、白栎灌丛,108.4667216,29.50611895
425,19.776500701904297,11.259108543395996,125.22760772705078,8.796086311340332,0.0015456689288839698,0.006516446825116873,,0.019972428679466248,0.17056746780872345,,2324.554295006843,12057.344033784537,2,SC4,12.831897735595703,茅栗、白栎灌丛,108.6011499,29.50300819
426,20.714689254760742,7.446563720703125,215.97593688964844,9.677302360534668,0.0001094995386665687,0.0071241226978600025,,0.012630892917513847,0.03793201595544815,,2220.1982691257313,12019.003457677396,2,SC4,15.805981636047363,茅栗、白栎灌丛,108.6008676,29.50193656
427,22.64777183532715,9.756905555725098,310.04679107666016,10.643942832946777,0.0008516398374922574,0.0024377109948545694,,0.024057013913989067,0.046715155243873596,,792.6628043259627,23722.55966201968,2,SC4,14.31787109,茅栗、白栎灌丛,108.4625982,29.50612174
428,31.679582595825195,13.535167694091797,254.85860443115234,16.805980682373047,-0.000787935,0.005183628760278225,,0.004682842642068863,0.028651731088757515,,86.49375644636969,20936.614146717406,2,SO1,53.38270568847656,茅栗、白栎灌丛,108.4952674,29.50478566
429,31.266626358032227,11.515710830688477,131.22227478027344,15.333517074584961,0.0012152292765676975,0.007689889520406723,,-0.007250939,0.028169790282845497,,1648.445176119596,12633.323629264394,2,SC4,52.02627944946289,茅栗、白栎灌丛,108.5933243,29.50174904
430,24.29349708557129,12.668045997619629,120.21288299560547,12.159847259521484,0.002532191574573517,0.004091962240636349,,0.02102511189877987,0.12101512402296066,,1704.743946034323,12517.144342229389,2,SC4,51.923831939697266,茅栗、白栎灌丛,108.5944654,29.50137383
431,17.96564292907715,8.58849048614502,200.4873809814453,8.614672660827637,-0.000133244,0.005689593032002449,,0.015006431378424168,0.030032411217689514,,2183.3920003982626,12141.33752378461,2,SC4,10.699624061584473,茅栗、白栎灌丛,108.599778,29.50249268
432,24.909202575683594,8.897998809814453,55.88286209106445,12.07033634185791,0.0017945580184459686,0.007238248363137245,,-0.000325187,0.02737453579902649,,2068.4187704569067,12061.132737340406,2,SC4,26.16681480407715,茅栗、白栎灌丛,108.5997133,29.50100735
433,31.533279418945312,14.010982513427734,115.86079406738281,17.304248809814453,-0.000881552,0.0074600232765078545,,0.008693532086908817,0.014907989650964737,,1740.27043519789,12618.423308874102,2,SC4,29.266815185546875,茅栗、白栎灌丛,108.5939442,29.5023822
434,15.372831344604492,2.835218667984009,356.29318475723267,6.7729573249816895,0.0006390035850927234,0.0029783188365399837,,-0.000834922,0.008104288019239902,,2511.6352614333923,11505.140134172749,7,SC4,18.85696029663086,茅栗、白栎灌丛,108.6070892,29.50196622
435,20.496004104614258,9.307906150817871,359.7855221927166,9.788864135742188,-3.99E-06,0.006064815446734428,,0.0012320795794948936,0.019959164783358574,,2565.912017934697,11485.177684676939,2,SC4,31.257658004760742,茅栗、白栎灌丛,108.6066118,29.50093307
436,30.284717559814453,8.66340446472168,325.17502212524414,14.693435668945312,-0.000316244,0.00424219761043787,,0.0033354845363646746,0.018926238641142845,,1208.3141361082826,23878.738675999084,2,SC4,58.51679992675781,茅栗、白栎灌丛,108.45855,29.50348149
437,26.03238296508789,10.324688911437988,154.41729736328125,12.670453071594238,0.0011378348572179675,0.0038054806645959616,,0.006958756595849991,0.046814948320388794,,1157.377173109596,23580.50633677069,2,SC4,63.07081985473633,茅栗、白栎灌丛,108.4618979,29.50264118
438,28.09988021850586,12.810343742370605,130.57040405273438,14.191039085388184,-0.001236363,0.0025258311070501804,,0.048703573644161224,0.11008249223232269,,875.8009229342812,23693.345156823412,2,SC4,22.506195068359375,茅栗、白栎灌丛,108.4624079,29.50533918
439,27.163333892822266,9.229840278625488,275.5730667114258,13.322879791259766,-0.000737288,0.005218517035245895,,0.009588328190147877,0.044749513268470764,,92.133832841957,20406.800715941958,2,SO1,42.61556625366211,茅栗、白栎灌丛,108.5012486,29.50419683
440,24.638708114624023,6.87856912612915,160.8863067626953,11.472289085388184,0.00047953668399713933,0.0035818712785840034,,-0.005728847,0.013574214652180672,,253.7965579561515,20078.137346622563,2,SO1,45.44292449951172,茅栗、白栎灌丛,108.5047322,29.50350482
441,25.40140151977539,8.793683052062988,190.2913360595703,11.864575386047363,0.00040362883009947836,0.006197749171406031,,0.0006590969860553741,0.02485000528395176,,863.8312233542665,23090.913013468602,2,SC4,83.0123291015625,茅栗、白栎灌丛,108.4679705,29.5028852
442,26.08112907409668,12.209986686706543,11.73463249206543,13.865360260009766,0.0007074574241414666,0.007996863685548306,,-0.005652213,0.015187002718448639,,239.9429834791162,19855.236998808767,2,SO1,48.792510986328125,茅栗、白栎灌丛,108.5075978,29.5037602
443,31.703540802001953,9.357109069824219,19.24032211303711,16.038375854492188,0.0004426601517479867,0.004958911333233118,,0.002890085568651557,0.016015559434890747,,175.57629884057005,19648.802232408732,2,SO1,63.713714599609375,茅栗、白栎灌丛,108.5093699,29.50272604
444,24.891469955444336,13.756370544433594,157.28529357910156,14.041328430175781,0.0007813037955202162,0.009033026173710823,,-0.009447229,0.04666907712817192,,1597.2054096095337,12730.473788684661,2,SC4,19.60270118713379,茅栗、白栎灌丛,108.5923195,29.50198992
445,45.28816223144531,5.336994171142578,133.97203063964844,24.61695098876953,0.007347441278398037,0.004968408960849047,,-0.001101791,0.009034678339958191,,1677.2037908701889,12628.49286524626,2,SC4,22.76679229736328,茅栗、白栎灌丛,108.5935197,29.50194626
446,24.369070053100586,6.078324794769287,17.33785629272461,11.431960105895996,0.0010663566645234823,0.005714403931051493,,-0.000140644,0.014778421260416508,,508.7198892759296,22169.00145102339,2,SO1,67.45117188,茅栗、白栎灌丛,108.4794183,29.50336262
447,25.808053970336914,11.159974098205566,24.248992919921875,12.933303833007812,-0.003104035,0.005572204943746328,,0.02315644361078739,0.03255175054073334,,31.465025043559326,21219.519284564823,2,SO1,14.155252456665039,茅栗、白栎灌丛,108.4915246,29.50430854
448,27.43204689025879,9.639134407043457,76.2945785522461,13.289117813110352,0.0008355433819815516,0.0038033134769648314,,0.0004607589798979461,0.015854956582188606,,226.97719694219452,21513.30608017103,2,SO1,70.7230453491211,茅栗、白栎灌丛,108.4876004,29.50375907
449,30.25750732421875,10.663710594177246,91.65145874023438,15.143583297729492,0.0011223641922697425,0.004461384378373623,,0.0032678889110684395,0.02433778904378414,,224.67403975406665,20937.522700508736,2,SO1,85.23503112792969,茅栗、白栎灌丛,108.4935235,29.50228771
450,24.125362396240234,7.1534929275512695,113.34705352783203,11.292787551879883,-0.000857888,0.0037399493157863617,,0.00012019263522233814,0.009768849238753319,,428.7829360985308,20990.393629991744,2,SO1,84.44950103759766,茅栗、白栎灌丛,108.491392,29.50013429
451,21.732105255126953,10.37362003326416,11.92896842956543,10.452402114868164,-0.000713382,0.004331944044679403,,-0.002757943,0.01988719217479229,,323.67556806819056,19614.869328288776,2,SO1,68.89497375488281,茅栗、白栎灌丛,108.5086591,29.50111191
452,39.41248321533203,9.450289726257324,94.17350006103516,21.107906341552734,-0.002982275,0.008700462058186531,,0.002916138619184494,0.014092971570789814,,53.58679327772365,19379.80498393636,2,SO1,52.457733154296875,茅栗、白栎灌丛,108.5125106,29.50257661
453,15.766797065734863,6.800920486450195,199.6699981689453,6.981571197509766,0.0041955020278692245,0.0020576815586537123,,-0.027284671,0.04971309378743172,,1417.8605387389089,12808.753595401678,2,SC4,14.102505683898926,茅栗、白栎灌丛,108.5907376,29.50107296
454,28.185876846313477,11.758420944213867,167.4881134033203,13.369251251220703,0.0023462704848498106,0.005402783397585154,,0.013976880349218845,0.015289828181266785,,1548.2383760871592,12704.459000935229,2,SC4,19.764291763305664,茅栗、白栎灌丛,108.5922449,29.50143105
455,19.40077018737793,8.157455444335938,187.0908660888672,10.436971664428711,-0.00207569,0.007228129543364048,,-0.004934624,0.036412522196769714,,1502.3039701687887,12722.537595293375,2,SC4,10.08935260772705,茅栗、白栎灌丛,108.5918564,29.50118589
456,17.234508514404297,6.70493221282959,6.807089805603027,7.966617584228516,0.0020597849506884813,0.005690252874046564,,0.006740061566233635,0.025389526039361954,,2143.538209567735,11866.886839982104,2,SC4,10.770418167114258,茅栗、白栎灌丛,108.6015723,29.50030983
457,35.073081970214844,13.1360445022583,202.30189514160156,19.29916763305664,0.0013109644642099738,0.013942450284957886,,0.002879932289943099,0.022189700976014137,,42.601843358068685,19301.299442356187,2,SO1,38.277957916259766,茅栗、白栎灌丛,108.5137916,29.50305809
458,27.886240005493164,12.681968688964844,174.41761779785156,14.140283584594727,-0.001282337,0.004933129996061325,,-0.000161429,0.014211316592991352,,1515.601970509767,12558.575948882399,2,SC4,73.86013793945312,茅栗、白栎灌丛,108.5931056,29.50013679
459,20.577898025512695,8.67817211151123,123.25736999511719,9.630331993103027,0.0005309582920745015,0.0036580131854861975,,-0.002326478,0.022861847653985023,,461.7620785181303,20533.404496912233,2,SO1,64.90409088134766,茅栗、白栎灌丛,108.4961334,29.49902487
460,33.96173858642578,13.473639488220215,268.29647064208984,18.41438102722168,0.002156739355996251,0.008661068044602871,,0.02455177903175354,0.08740542829036713,,80.28619762946478,20540.273709546687,2,SO1,41.02507781982422,茅栗、白栎灌丛,108.4989784,29.50324504
461,25.317800521850586,12.146819114685059,29.278051376342773,12.37409782409668,0.0003369900514371693,0.0032559430692344904,,-0.005988787,0.016363756731152534,,327.4002526575697,19794.514925516203,2,SO1,53.45670700073242,茅栗、白栎灌丛,108.5075881,29.50269092
462,31.924631118774414,10.38239574432373,276.25164794921875,16.77555274963379,-0.00178331,0.007097611203789711,,0.00892333872616291,0.029123036190867424,,49.28051039176634,19106.245014787175,2,SO1,28.624629974365234,茅栗、白栎灌丛,108.5157239,29.50245255
463,27.78053092956543,7.031510353088379,51.19355773925781,13.263716697692871,0.00036451773485168815,0.0030054079834371805,,5.765171863458818e-06,0.007594107650220394,,242.77377276553042,21862.05032690172,2,SO1,40.67680358886719,茅栗、白栎灌丛,108.4835677,29.50400829
464,37.643341064453125,11.397162437438965,65.19691467285156,20.436073303222656,0.0003010781656485051,0.004845072515308857,,0.004846956580877304,0.02229360304772854,,90.68644604478673,20540.78358038923,2,SO1,59.3088264465332,茅栗、白栎灌丛,108.4980558,29.50192415
465,28.049840927124023,6.883359909057617,155.7061309814453,13.413987159729004,0.0006205369136296213,0.005450675264000893,,0.0016115584876388311,0.011776350438594818,,67.4507138614918,20228.895491844112,2,SO1,54.05804443359375,茅栗、白栎灌丛,108.5025663,29.50300363
466,42.66679763793945,14.233942031860352,235.69200134277344,25.325117111206055,0.001175662619061768,0.006721795536577702,,0.005001960322260857,0.031088579446077347,,73.27461735442503,18897.97869794134,2,SO1,53.21616744995117,茅栗、白栎灌丛,108.5178395,29.5018814
467,38.56063461303711,11.69954776763916,115.2083740234375,21.100412368774414,0.00027180512552149594,0.0069389501586556435,,-0.000852897,0.015390985645353794,,1344.8564624224614,12573.839058472202,2,SC4,89.28690338134766,茅栗、白栎灌丛,108.5920327,29.49885809
468,27.206144332885742,13.189924240112305,233.53688049316406,14.238149642944336,-0.002703839,0.005983520764857531,,0.02414803020656109,0.029231155291199684,,29.214745452960543,20380.855721198095,2,SO1,19.09382438659668,茅栗、白栎灌丛,108.50036,29.50246519
469,30.05892562866211,8.590662002563477,66.15685272216797,13.960472106933594,0.0007195211364887655,0.0008166875340975821,,-0.00629885,0.009503749199211597,,123.02866621802639,19207.182115979453,2,SO1,36.35234451293945,茅栗、白栎灌丛,108.5137015,29.50129264
470,33.008384704589844,13.051629066467285,153.13063049316406,17.367136001586914,-0.000585952,0.004661637358367443,,-0.004846707,0.02115672267973423,,1752.5550178938959,12291.08918352841,2,SC4,52.751895904541016,茅栗、白栎灌丛,108.5962932,29.50007915
471,17.98013687133789,6.34107780456543,33.52631759643555,8.197894096374512,8.029863965930417e-05,0.0034860994201153517,,0.0007495685131289065,0.02453490160405636,,565.0718044050271,21843.187322304486,2,SO1,44.22819137573242,茅栗、白栎灌丛,108.4819971,29.50141595
472,21.91716194152832,6.212893486022949,77.85291290283203,9.899641036987305,-0.002543705,0.005024648271501064,,0.00924755446612835,0.009282714687287807,,387.16087956225704,21738.110592977748,2,SO1,12.643938064575195,茅栗、白栎灌丛,108.4841022,29.50262414
473,28.727792739868164,10.523919105529785,220.4139404296875,14.297944068908691,-0.000190101,0.005534430034458637,,-8.61E-06,0.024288304150104523,,365.47108952118,19913.938821102183,2,SO1,70.99064636230469,茅栗、白栎灌丛,108.5044296,29.50021479
474,31.4833927154541,8.806951522827148,77.30875396728516,16.029905319213867,-0.000708966,0.00636406010016799,,0.009900054894387722,0.0254907738417387,,40.56603649412677,19241.92655107743,2,SO1,28.908119201660156,茅栗、白栎灌丛,108.5138491,29.50210905
475,23.619625091552734,8.42700481414795,305.0792007446289,9.725852966308594,-5.96E-05,0.008402824401855469,,0.008515014313161373,0.039187196642160416,,1717.5828148892776,12137.677232302069,2,SC4,17.607797622680664,茅栗、白栎灌丛,108.5972047,29.49872734
476,18.650718688964844,8.360687255859375,270.16375732421875,8.70531177520752,-0.000104357,0.004477804061025381,,0.007264578249305487,0.04620808735489845,,1869.2224502406173,11924.1426149652,2,SC4,19.71023178100586,茅栗、白栎灌丛,108.5996246,29.49850182
477,20.287378311157227,4.832526206970215,201.16000366210938,9.445088386535645,0.0028059387113898993,0.008885708637535572,,-7.50E-05,0.016180330887436867,,1764.4392913970175,12074.94559197827,2,SC4,20.134923934936523,茅栗、白栎灌丛,108.5979389,29.49869467
478,20.67487335205078,7.547994136810303,58.761009216308594,9.600770950317383,0.0012820629635825753,0.004619850777089596,,0.004134026356041431,0.0226712916046381,,698.2539074131475,21502.03927553676,2,SO1,33.482784271240234,茅栗、白栎灌丛,108.4850191,29.49984172
479,20.370948791503906,8.836994171142578,188.12489318847656,9.581711769104004,0.00043690684833563864,0.004474922548979521,,0.0013644266873598099,0.03192105516791344,,532.7809029895333,21336.94710981149,2,SO1,32.704978942871094,茅栗、白栎灌丛,108.4872569,29.50019785
480,32.16672134399414,10.61251449584961,50.99409866333008,15.808834075927734,0.0006698051583953202,0.005365571938455105,,0.0018692041048780084,0.019426902756094933,,82.16047125656515,19101.649692891042,2,SO1,63.268882751464844,茅栗、白栎灌丛,108.5150046,29.50133624
481,33.87304688,1.7049846649169922,75.69386291503906,16.027366638183594,0.003454968798905611,0.0025126910768449306,,-0.001373966,0.0028204794507473707,,121.18287379405317,19272.47497809775,2,SO1,18.454561233520508,茅栗、白栎灌丛,108.5131579,29.50164409
482,28.64900016784668,9.569177627563477,108.36670684814453,13.9679594039917,0.0005873579648323357,0.00644324254244566,,-0.001602627,0.01943122409284115,,310.4208044635667,19389.412401018835,2,SO1,68.53925323486328,茅栗、白栎灌丛,108.5107986,29.50027667
483,32.254756927490234,10.625629425048828,245.36944580078125,16.307357788085938,-6.95E-05,0.0039579421281814575,,0.001971152378246188,0.020339759066700935,,78.58271890799764,18637.71152952493,2,SO1,45.516822814941406,茅栗、白栎灌丛,108.5203227,29.50093634
484,31.760231018066406,14.17874526977539,133.0814971923828,18.018348693847656,0.00019850872922688723,0.008210457861423492,,0.00782650988548994,0.03853444755077362,,1162.0814619280811,12834.551986554281,2,SC4,66.60810852050781,茅栗、白栎灌丛,108.5891392,29.49922107
485,24.577836990356445,13.631638526916504,115.0937728881836,13.7609224319458,-0.004503369,0.009014017879962921,,0.014065825380384922,0.03977791592478752,,1097.331909859037,12934.211622884117,2,SC4,16.650794982910156,茅栗、白栎灌丛,108.5880063,29.49932127
486,35.17682647705078,17.365657806396484,147.38302612304688,20.378799438476562,0.0008539952104911208,0.007005284074693918,,-0.012414284,0.03154448792338371,,1659.114883038938,12301.834159281287,2,SC4,38.76494598388672,茅栗、白栎灌丛,108.5956791,29.49938225
487,15.005810737609863,7.522128105163574,297.26509857177734,6.515069961547852,0.00048070368939079344,0.0065057841129601,,0.013818057253956795,0.03627786412835121,,1579.7301375571278,12254.90175465363,2,SC4,7.394449710845947,茅栗、白栎灌丛,108.5955347,29.49835972
488,21.14790153503418,11.52258586883545,54.82624435424805,10.07720947265625,-0.001452633,0.004035389516502619,,-0.00032553,0.010458363220095634,,287.6574662464846,19058.520264248982,7,SO1,67.72257232666016,茅栗、白栎灌丛,108.5142831,29.49954713
489,32.580875396728516,14.347983360290527,146.94593811035156,18.30164337158203,0.0022199773229658604,0.010577408596873283,,0.002697792137041688,0.0503590926527977,,733.3572074563568,13024.539558334634,2,SC4,58.01499938964844,茅栗、白栎灌丛,108.5853045,29.49700181
490,36.73218536376953,7.923521518707275,77.53855895996094,18.961816787719727,-0.001058718,0.009462514892220497,,0.00018913531675934792,0.015267465263605118,,990.0416234719745,12892.995879662441,2,SC4,48.09863281,茅栗、白栎灌丛,108.5877488,29.49823523
491,16.1009464263916,7.297347545623779,180.62242126464844,7.972923755645752,0.0018449090421199799,0.006667501758784056,,-0.003704427,0.03900839388370514,,1630.502946803486,12201.767693679323,2,SC4,7.863982200622559,茅栗、白栎灌丛,108.5962315,29.49843991
492,22.748750686645508,8.615110397338867,118.18798828125,10.716838836669922,0.00022852193797007203,0.0047101485542953014,,-0.001991708,0.014748571440577507,,1003.7946253503852,23057.577303074035,2,SC4,93.15502166748047,茅栗、白栎灌丛,108.4674978,29.50162386
493,23.814924240112305,8.988484382629395,109.80745697021484,12.3052978515625,-0.002587618,0.00620008772239089,,0.0269600972533226,0.02851809933781624,,13.601685792867789,18874.054917477486,2,SO1,9.503734588623047,茅栗、白栎灌丛,108.5174513,29.50090629
494,27.23362922668457,13.903902053833008,74.39070129394531,14.074567794799805,9.485796181252226e-05,0.006338024511933327,,0.011121349409222603,0.03650251403450966,,164.74821656690824,18582.74161641465,2,SO1,69.30183410644531,茅栗、白栎灌丛,108.5194235,29.49868562
495,27.00691795349121,11.840173721313477,259.72127532958984,13.472641944885254,5.590795990428887e-05,0.003976031672209501,,0.0009679645881988108,0.028933659195899963,,104.65595656103723,18370.630485218222,2,SO1,39.210350036621094,茅栗、白栎灌丛,108.5229495,29.50007967
496,27.522058486938477,9.454729080200195,5.053951263427734,13.350899696350098,-0.000381023,0.0046846140176057816,,-0.00095706,0.011832949705421925,,1599.9607097561507,23819.850439075843,2,SC4,86.32793426513672,茅栗、白栎灌丛,108.4551245,29.50098956
497,29.74578094482422,3.681793212890625,34.959346771240234,13.96074104309082,0.0033167111687362194,0.0044355797581374645,,-0.000941653,0.006817343644797802,,138.65697145131853,18874.692922024802,2,SO1,38.51788330078125,茅栗、白栎灌丛,108.5167132,29.49985394
498,15.124653816223145,3.637803077697754,331.3547077178955,7.340740203857422,0.0033517249394208193,0.0026683348696678877,,-0.003593334,0.01897367089986801,,2024.329614692272,11672.066517136676,2,SC4,7.064809322357178,茅栗、白栎灌丛,108.602222,29.49786271
499,12.784414291381836,5.608626842498779,58.401065826416016,4.960418701171875,0.00092748599126935,0.0016728132031857967,,0.003878942923620343,0.010292782448232174,,341.4526910329122,19210.19895900291,7,SO1,13.00750732421875,茅栗、白栎灌丛,108.512505,29.49962101
500,29.34955406188965,12.222715377807617,274.68323516845703,14.8661470413208,0.0004741869051940739,0.0050802771002054214,,-0.00117672,0.017825571820139885,,90.71524101103365,18160.665363022286,2,SO1,47.1186408996582,茅栗、白栎灌丛,108.5250861,29.49950937
501,14.677083969116211,11.657876014709473,244.16831970214844,7.788760185241699,0.0038841762579977512,0.005311049986630678,,-0.100277655,0.3593653738498688,,1676.3339265527998,24094.33130035974,2,SC4,8.257266998291016,茅栗、白栎灌丛,108.4511269,29.50168233
502,24.340646743774414,6.843217849731445,53.35523986816406,11.350265502929688,0.00046455004485324025,0.004882279317826033,,-0.001702549,0.012180616147816181,,386.3836824532754,21152.689717356996,2,SO1,63.41737365722656,茅栗、白栎灌丛,108.4898333,29.50070872
503,28.59303855895996,10.610652923583984,45.196929931640625,14.207001686096191,0.0003887438215315342,0.004518187139183283,,0.0019958731718361378,0.018860790878534317,,424.7815606333768,20112.49354795177,2,SO1,86.60881042480469,茅栗、白栎灌丛,108.5007611,29.49837872
504,30.2332763671875,13.897073745727539,27.788484573364258,15.492570877075195,0.001982036279514432,0.0031195138581097126,,-0.006809271,0.01095507387071848,,160.0040391195805,19049.290959523667,2,SO1,49.02493667602539,茅栗、白栎灌丛,108.5151352,29.50061456
505,27.915620803833008,9.091373443603516,82.98968505859375,13.477540969848633,-0.006026228,0.005711238365620375,,0.011440448462963104,0.016316210851073265,,1415.543267334258,23664.634882765695,7,SC4,15.239067077636719,茅栗、白栎灌丛,108.4588984,29.50140349
506,29.80599594116211,7.748193740844727,87.55664063,14.303054809570312,-0.003579903,0.007732561323791742,,0.013090520165860653,0.017900386825203896,,1444.3243940836226,23639.77737624559,7,SC4,17.186203002929688,茅栗、白栎灌丛,108.4588893,29.50113526
507,38.98734664916992,7.8396735191345215,119.08600616455078,20.461957931518555,-0.005804,0.008111664094030857,,-0.005150459,0.013587377965450287,,1038.2334944948486,12804.778755966992,2,SC4,48.98270797729492,茅栗、白栎灌丛,108.588677,29.49803918
508,35.87803649902344,12.976167678833008,247.78060913085938,19.433977127075195,-0.002592583,0.009270680136978626,,-0.002792863,0.020485708490014076,,1123.9491603002602,12493.810807652839,2,SC4,105.50762939453125,茅栗、白栎灌丛,108.5913078,29.49642581
509,34.09502410888672,12.080265045166016,268.88526153564453,18.014484405517578,-0.000652301,0.006772305816411972,,-0.00239981,0.017728064209222794,,984.893662755781,12629.588075804419,2,SC4,76.62254333496094,茅栗、白栎灌丛,108.5896054,29.49633359
510,16.801589965820312,8.73425579071045,284.30770111083984,9.060872077941895,0.0018532081739977002,0.007481408771127462,,0.017572632059454918,0.05663979426026344,,1554.9383954425646,12132.143729003976,2,SC4,13.10145378112793,茅栗、白栎灌丛,108.5963544,29.49740809
511,11.619298934936523,5.320491790771484,281.7860412597656,5.7116923332214355,-0.001060818,0.004010052420198917,,0.016947709023952484,0.04218892753124237,,1532.755264500049,12173.306865783912,2,SC4,7.319366455078125,茅栗、白栎灌丛,108.5959192,29.49749657
512,21.995710372924805,13.235005378723145,131.32127380371094,11.015484809875488,0.0004324661858845502,0.005328840110450983,,-0.006094617,0.03337743878364563,,1572.8333586716135,12020.989964956061,2,SC4,46.26704788208008,茅栗、白栎灌丛,108.5972702,29.49679605
513,26.901752471923828,9.908855438232422,207.55526733398438,12.945749282836914,0.002139304531738162,0.0071651991456747055,,0.0021366188302636147,0.01797015219926834,,1763.9706656780018,24092.907738953843,2,SO2,24.948719024658203,茅栗、白栎灌丛,108.4500177,29.50103037
514,28.697324752807617,8.442047119140625,284.2807159423828,14.016756057739258,0.001922789728268981,0.008392785675823689,,3.022671808139421e-05,0.017401833087205887,,1866.4994207632096,23848.87941765943,2,SC4,59.40119552612305,茅栗、白栎灌丛,108.4522785,29.49969638
515,31.4636173248291,8.156665802001953,133.26089477539062,15.448206901550293,-0.002386569,0.008049423806369305,,0.01223146915435791,0.018680348992347717,,1437.0716941357007,23623.428181692252,7,SC4,23.197168350219727,茅栗、白栎灌丛,108.4591959,29.50112727
516,29.625776290893555,7.590783596038818,118.17649841308594,14.345175743103027,-0.001682015,0.008094517514109612,,0.010128210298717022,0.014557440765202045,,1462.6504040829186,23598.5647935675,7,SC4,20.8283634185791,茅栗、白栎灌丛,108.4591868,29.50085904
517,29.851058959960938,7.342625617980957,202.5021209716797,14.35152816772461,0.0014274442801252007,0.002944497624412179,,0.004015426151454449,0.014910053461790085,,1434.9236646744941,23502.3016990516,7,SC4,29.001285552978516,茅栗、白栎灌丛,108.4604133,29.50049896
518,23.706390380859375,9.302536964416504,260.05529022216797,11.270692825317383,-0.00015026,0.005067668855190277,,0.008341633714735508,0.07706929743289948,,1422.289368324496,23352.9160549864,2,SC4,61.78273010253906,茅栗、白栎灌丛,108.4622113,29.49987863
519,21.508026123046875,8.095038414001465,52.34566116333008,10.150102615356445,0.0038143708370625973,0.003134776372462511,,-0.012542335,0.026403119787573814,,858.3061731479661,22319.697180636296,2,SO1,17.091562271118164,茅栗、白栎灌丛,108.4757512,29.50069514
520,33.618534088134766,12.430901527404785,278.2865905761719,17.797409057617188,0.0010023141512647271,0.006574882660061121,,-0.000663194,0.020736411213874817,,99.21458519997759,17987.279334444942,2,SO1,34.44729232788086,茅栗、白栎灌丛,108.526986,29.49923361
521,34.528785705566406,14.404520988464355,244.5771713256836,18.942602157592773,0.0011331522837281227,0.006989203859120607,,-0.003629038,0.021243056282401085,,1339.7079575472978,12317.636076828194,2,SC4,65.91500091552734,茅栗、白栎灌丛,108.5937327,29.49685634
522,15.438898086547852,6.876925468444824,324.81652450561523,7.259263515472412,-0.00114894,0.0041629839688539505,,0.017910707741975784,0.04168594256043434,,1490.769928833468,12184.524594370403,2,SC4,7.786195755004883,茅栗、白栎灌丛,108.5956032,29.49723667
523,16.697063446044922,6.680963039398193,84.3482666015625,7.810340404510498,-0.002205348,0.004629652015864849,,0.006714011076837778,0.04360939562320709,,1592.8676820339772,12055.117419646425,2,SC4,10.063984870910645,茅栗、白栎灌丛,108.5971359,29.49719518
524,16.484256744384766,5.407155513763428,53.695831298828125,8.871467590332031,0.0014525955775752664,0.005032730288803577,,0.011261360719799995,0.0334438718855381,,1800.3533974850434,24158.92350678661,2,SO2,9.010972023010254,茅栗、白栎灌丛,108.4486547,29.50095389
525,26.736793518066406,8.243757247924805,52.557769775390625,11.582287788391113,0.002678520977497101,0.005436806008219719,,0.005032335873693228,0.011821827851235867,,1549.2954592328622,23523.085674747817,7,SC4,27.54655647277832,茅栗、白栎灌丛,108.4590722,29.49999694
526,16.18855857849121,6.757839679718018,25.342329025268555,7.388916016,0.0012725963024422526,0.0031047421507537365,,-0.004466472,0.015408041886985302,,434.18908900942415,19020.916301800808,7,SO1,31.102012634277344,茅栗、白栎灌丛,108.5138468,29.49826489
527,30.74838638305664,10.795823097229004,82.6136474609375,15.353182792663574,-0.00187267,0.005621924065053463,,-0.003371611,0.01107907947152853,,184.43122646413588,18746.997893940294,2,SO1,46.6575813293457,茅栗、白栎灌丛,108.5177048,29.49906363
528,30.310152053833008,12.341565132141113,107.67518615722656,15.481520652770996,0.0009043934987857938,0.006530446000397205,,0.01009953673928976,0.02432299591600895,,19.599920008956424,17839.27910698306,2,SO1,37.1151123046875,茅栗、白栎灌丛,108.5280732,29.4982282
529,16.49319076538086,6.326070308685303,93.48793029785156,7.876949310302734,-0.001675451,0.004810164216905832,,0.009300334379076958,0.04244021326303482,,1571.8529791356216,12080.998832239142,2,SC4,10.144584655761719,茅栗、白栎灌丛,108.5968293,29.49720348
530,20.14917755126953,9.130987167358398,127.69261932373047,9.745287895202637,0.00041003371006809175,0.0059509375132620335,,0.0030137686990201473,0.020795024931430817,,2010.1985255995583,23977.776283497406,2,SO2,30.297494888305664,茅栗、白栎灌丛,108.4486805,29.4990023
531,17.918119430541992,9.074280738830566,124.53693389892578,8.998568534851074,0.0016887213569134474,0.006083800923079252,,0.023948293179273605,0.03444074094295502,,1842.9125852229026,24063.0425613148,2,SO2,12.58814525604248,茅栗、白栎灌丛,108.4494796,29.50039552
532,28.135372161865234,6.5466227531433105,79.90353393554688,13.255484580993652,-0.001893101,0.0077538141049444675,,0.009661063551902771,0.010770580731332302,,1502.0006290958465,23590.096363409586,7,SC4,19.86124610900879,茅栗、白栎灌丛,108.4588711,29.50059878
533,23.467891693115234,10.454192161560059,120.36575317382812,11.456502914428711,0.0008425475680269301,0.006884777452796698,,-0.000125189,0.04267306625843048,,378.59884146274834,18295.49776026262,2,SO1,46.471832275390625,茅栗、白栎灌丛,108.5210224,29.49599778
534,40.717037200927734,15.548792839050293,81.00446319580078,24.562694549560547,0.0003089308156631887,0.012401624582707882,,0.011285142973065376,0.03584524244070053,,54.93220025359502,18320.409179344784,2,SO1,47.63304901123047,茅栗、白栎灌丛,108.5225815,29.49867682
535,41.627933502197266,13.473380088806152,68.08331298828125,24.80277442932129,-0.003680129,0.010039369575679302,,0.010916171595454216,0.022307751700282097,,52.7596608847006,18106.193954880604,2,SO1,43.825992584228516,茅栗、白栎灌丛,108.5248336,29.4981991
536,13.300980567932129,8.014166831970215,154.28536987304688,6.692526817321777,0.00039815271156840026,0.004278621170669794,,-0.022678988,0.05750972032546997,,1015.6745375960071,22612.21550871274,2,SO1,11.199024200439453,茅栗、白栎灌丛,108.4717382,29.49999466
537,23.76722526550293,5.124266624450684,74.07252502441406,10.579509735107422,-0.001341708,0.0055848537012934685,,0.0009402678115293384,0.010927003808319569,,559.7571309527211,21769.100484032602,2,SO1,40.609901428222656,茅栗、白栎灌丛,108.4827659,29.50123629
538,24.308231353759766,12.230581283569336,80.4557113647461,11.9561185836792,-0.000358811,0.0032327421940863132,,-0.001661844,0.019068600609898567,,351.74489938359255,18056.423789327415,2,SO1,53.5044059753418,茅栗、白栎灌丛,108.5236942,29.49569274
539,35.72967529296875,17.731689453125,244.34591674804688,20.868865966796875,-0.005833814,0.008242787793278694,,0.032407246530056,0.03422088176012039,,24.23137766410229,18004.69042947278,2,SO1,19.824127197265625,茅栗、白栎灌丛,108.5263066,29.49855734
540,27.045108795166016,14.749083518981934,102.70529174804688,14.409440994262695,-0.001115601,0.00896728876978159,,-0.007027457,0.027460508048534393,,270.54375882350064,17854.560105387834,2,SO1,71.68177795410156,茅栗、白栎灌丛,108.5262719,29.4958988
541,21.34184455871582,9.961105346679688,45.22398376464844,10.207635879516602,0.00011550977069418877,0.004191020969301462,,-0.002124093,0.018135949969291687,,235.25069328452648,17707.737028125044,2,SO1,62.16608428955078,茅栗、白栎灌丛,108.5282851,29.49624784
542,29.284299850463867,13.193912506103516,274.6144256591797,15.920547485351562,0.005441748071461916,0.00699033634737134,,-0.025220817,0.0445648618042469,,856.8025981947777,12854.000337190228,2,SC4,15.429032325744629,茅栗、白栎灌丛,108.5873081,29.49692403
543,34.34367370605469,10.623153686523438,277.8772201538086,17.644535064697266,0.0007646679878234863,0.005847719497978687,,0.0015644022496417165,0.012602393515408039,,560.7508007580716,12849.975728960246,2,SC4,87.87439727783203,茅栗、白栎灌丛,108.5856673,29.49449325
544,19.336284637451172,7.362298488616943,64.61508178710938,9.107078552246094,0.0008285181247629225,0.004147030878812075,,-0.001353678,0.031242359429597855,,1988.7605034272415,24080.446081453098,2,SO2,24.740398406982422,茅栗、白栎灌丛,108.4475554,29.49945467
545,23.61224365234375,10.945151329040527,66.6020278930664,11.41427230834961,-0.000713191,0.004247043281793594,,-0.000257745,0.01839607208967209,,595.9876688157855,18932.707237127597,2,SO1,43.27727127075195,茅栗、白栎灌丛,108.513771,29.4966228
546,21.76053810119629,5.279361248016357,36.982120513916016,8.618952751159668,0.0006148010725155473,0.0024361377581954002,,-0.006801003,0.011520377360284328,,384.5166813912868,18840.02826947704,7,SO1,20.770809173583984,茅栗、白栎灌丛,108.5156815,29.4977651
547,19.245405197143555,8.343072891235352,67.83158111572266,9.129197120666504,-0.001390615,0.004074753262102604,,0.009065045975148678,0.024465138092637062,,134.63485647656404,17637.078652372,2,SO1,29.359100341796875,茅栗、白栎灌丛,108.5297606,29.49714566
548,34.89067459106445,7.592149257659912,287.36547088623047,17.560659408569336,0.00034779708948917687,0.00768033042550087,,0.0016983163077384233,0.006863937247544527,,844.0464063132505,12657.87109518007,2,SC4,60.31842041015625,茅栗、白栎灌丛,108.5886075,29.49538874
549,15.732050895690918,7.82755708694458,286.4250946044922,7.307961463928223,-3.52E-05,0.005456410814076662,,0.002372883725911379,0.025152677670121193,,1626.0629422958398,11847.845482403256,2,SC4,16.350217819213867,茅栗、白栎灌丛,108.5987566,29.49592885
550,29.485139846801758,9.398991584777832,7.398831844329834,14.312434196472168,-8.13E-05,0.007859665900468826,,-0.000433978,0.014359869994223118,,1998.9657212363902,23788.16731217606,2,SC4,65.91337585449219,茅栗、白栎灌丛,108.4516042,29.49865341
551,22.20231819152832,6.958406448364258,35.687503814697266,10.393218994140625,0.0002715130103752017,0.003616799833253026,,-0.000295599,0.015613021329045296,,535.8680219605955,20696.97710627998,2,SO1,65.2782974243164,茅栗、白栎灌丛,108.4942103,29.49909622
552,26.30560302734375,11.180878639221191,59.4929313659668,12.2605619430542,0.00020667783974204212,0.003130612662062049,,-0.001577294,0.012661448679864407,,312.27523291164175,18197.05734640757,2,SO1,53.37024688720703,茅栗、白栎灌丛,108.5224356,29.49632319
553,40.14371871948242,10.32602310180664,293.165771484375,21.703659057617188,0.0015412895008921623,0.005875078961253166,,-0.012242806,0.044371578842401505,,860.5889266659643,12772.909005078358,2,SC4,40.2706298828125,茅栗、白栎灌丛,108.5879022,29.49637107
554,19.88934898376465,11.245200157165527,49.58821105957031,9.028017044067383,0.0009331803885288537,0.00619334913790226,,-0.010846426,0.031039562076330185,,2169.699413282197,24073.784202612547,2,SC4,24.32440757751465,茅栗、白栎灌丛,108.4456936,29.49826701
555,26.903215408325195,8.882073402404785,159.0440216064453,13.049160957336426,0.0006671412847936153,0.005672364495694637,,0.0006768917664885521,0.020410649478435516,,1463.9444366854616,23135.743742628292,2,SC4,88.26939392089844,茅栗、白栎灌丛,108.464162,29.49861993
556,23.322242736816406,10.184123039245605,200.9393768310547,11.098159790039062,0.0009512292454019189,0.0046151806600391865,,-0.002750638,0.06195914000272751,,802.8595381219326,19507.89211970965,2,SO1,89.41787719726562,茅栗、白栎灌丛,108.5069643,29.4968103
557,20.45506477355957,8.791919708251953,43.261653900146484,9.653127670288086,0.0006193107110448182,0.004679971840232611,,0.0011968357721343637,0.01837356761097908,,605.7026863309064,19213.51958391091,2,SO1,23.40084457397461,茅栗、白栎灌丛,108.5110608,29.49759764
558,22.79989242553711,8.980486869812012,86.39456939697266,10.849756240844727,0.00010502485383767635,0.006100209429860115,,-0.001937413,0.015885572880506516,,459.8428094225072,18693.865241564836,2,SO1,36.43360137939453,茅栗、白栎灌丛,108.5166966,29.49668771
559,25.154603958129883,9.410334587097168,69.37783813476562,12.018255233764648,0.0003634800377767533,0.004901793319731951,,-0.005131922,0.015051879920065403,,217.35476742094593,17975.388657259744,2,SO1,37.726749420166016,茅栗、白栎灌丛,108.5252045,29.49646053
560,18.802522659301758,11.157233238220215,203.73590087890625,9.168509483337402,0.0031558361370116472,0.005869071930646896,,0.008977966383099556,0.03060855343937874,,142.4324618067192,13408.089782505082,7,SC4,59.23197937011719,茅栗、白栎灌丛,108.5793745,29.49512773
561,22.943897247314453,14.335015296936035,233.89840698242188,11.981263160705566,-0.000553377,0.005266203545033932,,-0.004035305,0.02325093001127243,,1312.046125400818,12119.311562703297,2,SC4,75.72720336914062,茅栗、白栎灌丛,108.595104,29.49538642
562,13.469300270080566,6.84226655960083,303.6631851196289,6.564082145690918,-0.000884996,0.004734933841973543,,0.025771265849471092,0.04579441249370575,,40.274850943909236,17460.85092833481,2,SO1,7.8681559562683105,茅栗、白栎灌丛,108.5320764,29.49741969
563,42.7244987487793,9.906787872314453,206.89181518554688,24.0128116607666,-0.006616932,0.00534111587330699,,0.0021861607674509287,0.008448644541203976,,1127.554924542161,12407.119876151555,2,SC4,52.859371185302734,茅栗、白栎灌丛,108.5918681,29.49572699
564,10.036748886108398,2.3694114685058594,40.41183853149414,4.573231220245361,0.0008203200995922089,0.0012983889319002628,,0.000574336270801723,0.011288526467978954,,603.0840561240148,19117.296181529066,7,SO1,4.619117736816406,茅栗、白栎灌丛,108.5119404,29.49719288
565,12.74285888671875,8.871633529663086,330.3313407897949,6.7350239753723145,1.91990147868637e-05,0.004021256230771542,,0.03627883270382881,0.06875714659690857,,27.621094709235795,17310.153155624947,2,SO1,6.789592266082764,茅栗、白栎灌丛,108.5336172,29.49702076
566,23.584192276000977,10.9359130859375,60.62841797,11.504484176635742,0.0006063252803869545,0.003494022414088249,,0.004539512097835541,0.027677707374095917,,121.92521333939206,17435.415919823863,2,SO1,43.226383209228516,茅栗、白栎灌丛,108.53143,29.49604656
567,41.37866973876953,11.460908889770508,210.8623504638672,23.069551467895508,-0.007338173,0.005217157304286957,,0.004400472156703472,0.009457751177251339,,1085.7798579633616,12418.33755113716,2,SC4,45.26234817504883,茅栗、白栎灌丛,108.5915521,29.49546708
568,11.38105297088623,6.506550312042236,179.2368621826172,5.761299133300781,0.001554196933284402,0.004171013366430998,,-0.02569676,0.04252263531088829,,2120.8439534519352,24238.731345186887,11,SO2,9.168181419372559,茅栗、白栎灌丛,108.4443004,29.49923227
569,14.5409517288208,5.7040605545043945,169.36746215820312,5.8097758293151855,-0.001931016,0.003082375507801771,,0.017914440482854843,0.05082923546433449,,2212.75150794741,24164.62594332794,2,SO2,12.470004081726074,茅栗、白栎灌丛,108.4442088,29.49836209
570,22.508073806762695,10.855912208557129,318.08252334594727,11.014901161193848,0.0015110013773664832,0.005868106614798307,,0.002728493185713887,0.016066599637269974,,1858.1781513309377,23568.243975120135,2,SC4,49.405696868896484,茅栗、白栎灌丛,108.4552198,29.49834912
571,17.541946411132812,8.54886531829834,240.17584991455078,8.69764518737793,-0.0021259,0.0061905523762106895,,0.028880562633275986,0.08021751791238785,,0.7375126805846434,17168.338392451493,2,SO1,10.337897300720215,茅栗、白栎灌丛,108.5348392,29.49631709
572,13.604827880859375,9.632036209106445,99.52837371826172,6.372812747955322,0.001456970116123557,0.0036273892037570477,,0.0063753980211913586,0.03367207199335098,,174.60099330868874,15000.40155992095,2,SC4,26.639188766479492,茅栗、白栎灌丛,108.559926,29.4947843
573,20.31437110900879,9.440497398376465,185.16375732421875,10.129919052124023,-0.002405408,0.005860060453414917,,-0.004369819,0.030057134106755257,,237.6468485837162,14975.27652641572,2,SC4,19.45040512084961,茅栗、白栎灌丛,108.5605441,29.49523789
574,17.678754806518555,8.074831008911133,20.063968658447266,8.893279075622559,-0.000612053,0.005118789616972208,,-0.013977658,0.026169031858444214,,217.54077898562235,14851.36357704361,2,SC4,18.618968963623047,茅栗、白栎灌丛,108.5619556,29.49511783
575,20.39543342590332,11.35810375213623,216.9519805908203,9.773945808410645,0.0002572957891970873,0.0039819832891225815,,0.010325761511921883,0.026738975197076797,,194.27421613752583,13128.557351836218,7,SC4,63.0300178527832,茅栗、白栎灌丛,108.5815108,29.49334856
576,40.54807662963867,11.162989616394043,151.25172424316406,22.51457977294922,-0.000454223,0.00752035528421402,,-0.000281281,0.015325197950005531,,829.3550409324037,12260.371008808866,2,SC4,101.87519836425781,茅栗、白栎灌丛,108.5913886,29.49248961
577,10.085721969604492,5.122265815734863,263.8051071166992,5.017016410827637,0.0013968884013593197,0.0035092434845864773,,-0.000839347,0.031156711280345917,,2247.6251780349517,24281.288048094895,2,SO2,6.38606595993042,茅栗、白栎灌丛,108.4426193,29.49867177
578,14.735827445983887,8.72048568725586,186.2565460205078,7.0746989250183105,0.0021485446486622095,0.0038033099845051765,,-0.03488778,0.1883901059627533,,744.3134167632518,20840.453571712653,2,SO1,24.41954231262207,茅栗、白栎灌丛,108.4912219,29.49728258
579,21.11787223815918,7.951539039611816,12.112555503845215,9.984781265258789,0.0012239845236763358,0.0049189296551048756,,0.0032184517476707697,0.015948090702295303,,346.55296712501934,18431.78334565504,7,SO1,35.63555908203125,茅栗、白栎灌丛,108.5197707,29.49656262
580,16.21570587158203,7.290701866149902,106.80596923828125,8.184794425964355,0.0012432454386726022,0.003972947597503662,,-0.008268243,0.041110601276159286,,180.74975184989077,14768.436853258125,2,SC4,7.994046688079834,茅栗、白栎灌丛,108.5631701,29.495426
581,14.681803703308105,5.597456455230713,13.10204792022705,6.818019866943359,-0.000546511,0.0044379462487995625,,-0.008701029,0.01906280778348446,,288.7743014492208,14701.257905052702,2,SC4,14.866990089416504,茅栗、白栎灌丛,108.563302,29.49444929
582,14.10997200012207,7.515467643737793,89.91584777832031,6.493807315826416,-0.00047358,0.0034877590369433165,,-0.004172691,0.040618233382701874,,397.8158619385057,14570.232245812773,2,SC4,22.1990909576416,茅栗、白栎灌丛,108.564307,29.49362051
583,33.63055419921875,9.53537654876709,229.2249755859375,18.200056076049805,0.001546124112792313,0.0066775791347026825,,-0.006968368,0.015634486451745033,,241.08970923325143,13334.268269522878,2,SC4,22.07198143005371,茅栗、白栎灌丛,108.5803993,29.49532071
584,43.39204025268555,10.512939453125,180.49073791503906,24.638927459716797,-0.004289009,0.006033842917531729,,0.0013761363225057721,0.011053411290049553,,1057.4192381260239,12363.128186476653,2,SC4,53.36666488647461,茅栗、白栎灌丛,108.5918396,29.49492239
585,6.086442947387695,3.527824878692627,154.83773803710938,3.1330745220184326,3.262209793319926e-05,0.001944159739650786,,0.01911819912493229,0.07589886337518692,,2278.275595462675,24194.505738523378,2,SO2,3.476377010345459,茅栗、白栎灌丛,108.443239,29.49809638
586,19.117326736450195,8.082136154174805,201.4759521484375,8.931544303894043,-0.000434014,0.0042500728741288185,,-0.00347666,0.01663140207529068,,2353.824705260238,24216.07821028703,2,SO2,38.795108795166016,茅栗、白栎灌丛,108.4422861,29.4977452
587,20.26654815673828,5.779176712036133,292.5452117919922,8.615010261535645,0.0015055068070068955,0.002315874444320798,,0.0027582338079810143,0.01418489683419466,,52.45067739931132,17022.81160159149,2,SO1,13.932424545288086,茅栗、白栎灌丛,108.5362607,29.49583629
588,25.007911682128906,12.291565895080566,232.4169464111328,12.666238784790039,-0.000345256,0.0053009395487606525,,0.008517494425177574,0.04366118088364601,,56.520341506720285,15262.029642624264,2,SC4,42.90095901489258,茅栗、白栎灌丛,108.5566979,29.49468064
589,4.46708869934082,3.2598798274993896,38.618324279785156,2.2500782012939453,0.0005599357536993921,0.0018046633340418339,,0.006633284967392683,0.06699664145708084,,70.71134012076773,13582.53687436759,7,SC4,3.0819199085235596,茅栗、白栎灌丛,108.5769271,29.49463444
590,22.667646408081055,10.589999198913574,237.14483642578125,10.612091064453125,0.00042598615982569754,0.002472296357154846,,-0.001514651,0.016570914536714554,,595.7606946411738,12708.922792395944,2,SC4,56.90391159057617,茅栗、白栎灌丛,108.5868287,29.49371551
591,29.395498275756836,13.187989234924316,329.16992378234863,14.971837997436523,-0.002484536,0.003733546705916524,,0.021998330950737,0.10877494513988495,,1820.02286860163,23408.87184388355,2,SC4,34.771202087402344,茅栗、白栎灌丛,108.4575535,29.49794833
592,21.875286102294922,10.432230949401855,50.91246795654297,10.536056518554688,-0.000111201,0.0031506845261901617,,-0.002202317,0.024343028664588928,,687.0936553185372,19115.145030521628,2,SO1,21.133075714111328,茅栗、白栎灌丛,108.5115085,29.49653313
593,26.471851348876953,16.050813674926758,22.564212799072266,14.4619722366333,-0.002703125,0.00977996177971363,,0.021234922111034393,0.037281572818756104,,59.112543073904206,17220.430841329835,2,SO1,17.59082031,茅栗、白栎灌丛,108.534085,29.49613581
594,19.19742202758789,10.383598327636719,3.7249186038970947,8.954333305358887,0.0005265541258268058,0.004276059567928314,,-0.003062887,0.017120055854320526,,288.07996589843924,17374.521940440023,2,SO1,58.16156768798828,茅栗、白栎灌丛,108.5311369,29.49456634
595,31.533004760742188,8.392862319946289,14.36134147644043,14.96715259552002,-0.003882267,0.008938966318964958,,0.004635436926037073,0.014613455161452293,,51.48863727377381,17125.9608381974,2,SO1,20.26102638244629,茅栗、白栎灌丛,108.5347921,29.49551295
596,29.515933990478516,10.795411109924316,104.99632263183594,14.65505313873291,0.0008784433593973517,0.003661639057099819,,-0.000497194,0.017295153811573982,,145.1538733881942,16845.44259883989,2,SO1,61.20140838623047,茅栗、白栎灌丛,108.5373262,29.49428947
597,32.981143951416016,10.787328720092773,74.78520202636719,15.386759757995605,0.001151724369265139,0.004973626229912043,,0.00198037875816226,0.014020612463355064,,172.64469781551142,16701.523298333632,2,SO1,47.331668853759766,茅栗、白栎灌丛,108.5392224,29.49452018
598,19.68489646911621,11.212601661682129,101.84709167480469,10.519030570983887,-0.002162724,0.005531085655093193,,0.005669776815921068,0.01579919084906578,,57.601174949089845,16719.157098765158,2,SO1,14.132599830627441,茅栗、白栎灌丛,108.5397014,29.49551647
599,10.604907035827637,6.0867204666137695,328.2841033935547,5.117557048797607,0.0004646443121600896,0.0020759140606969595,,0.06061900407075882,0.17882907390594482,,38.8715134865116,15968.542476944973,2,SO1,6.901939868927002,茅栗、白栎灌丛,108.548591,29.49527931
600,13.017711639404297,4.821033954620361,294.1100845336914,6.563698768615723,-0.000543551,0.0018172978889197111,,0.021799035370349884,0.027468722313642502,,26.765506598739712,15929.14340965487,2,SC4,4.841463565826416,茅栗、白栎灌丛,108.5489966,29.49517899
601,17.173673629760742,10.763008117675781,260.5050582885742,8.869200706481934,-0.001018401,0.006278196349740028,,0.02212247997522354,0.03830887749791145,,31.433354105018307,15852.068601746856,2,SC4,11.648733139038086,茅栗、白栎灌丛,108.5499704,29.49524246
602,15.074764251708984,5.8531012535095215,29.539587020874023,6.796631813049316,0.0006845107418484986,0.003247844986617565,,-0.007521982,0.015062184073030949,,245.5546032670975,14759.910708018115,2,SC4,8.184284210205078,茅栗、白栎灌丛,108.5628235,29.49477906
603,5.436428070068359,5.860037803649902,63.29033279418945,2.6035962104797363,0.0009952823165804148,0.0019708345644176006,,-0.002872308,0.047491926699876785,,305.04899883809605,14508.484016790488,7,SC4,5.500195026397705,茅栗、白栎灌丛,108.5658711,29.49479983
604,10.651144027709961,4.932130813598633,12.203458786010742,5.0421624183654785,-0.000146727,0.00288737122900784,,0.015011168085038662,0.015488741919398308,,206.07412143508662,14414.591851373238,7,SC4,8.07433032989502,茅栗、白栎灌丛,108.5668899,29.49463585
605,5.658372402191162,4.212233543395996,346.23836040496826,2.8826308250427246,-0.000403682,0.0015437252586707473,,0.017444860190153122,0.03542039915919304,,117.99688428820797,14341.668657248969,7,SC4,2.6543941497802734,茅栗、白栎灌丛,108.5677971,29.49467541
606,12.32357120513916,6.31804084777832,49.6243782043457,5.558786392211914,0.00018329346494283527,0.002211502753198147,,0.0003269408189225942,0.026285598054528236,,287.6652441035908,14243.018622578647,7,SC4,26.606229782104492,茅栗、白栎灌丛,108.5674234,29.49242424
607,5.773174285888672,5.5201826095581055,355.1903991699219,2.7092843055725098,-0.00058934,0.0017871763557195663,,0.1309262216091156,0.4937048554420471,,3.9883484152229602,14247.340992936011,7,SC4,7.518650054931641,茅栗、白栎灌丛,108.5689753,29.49473325
608,5.754177093505859,4.880117416381836,54.2713508605957,2.787971019744873,-0.000876978,0.0015270935837179422,,0.06341759115457535,0.05907530337572098,,35.271523279727276,14171.592919307423,7,SC4,2.5441842079162598,茅栗、白栎灌丛,108.5697992,29.49460373
609,16.23938751220703,7.659806251525879,88.69041442871094,7.375703811645508,0.0005119817797094584,0.0027231997810304165,,0.0016371981473639607,0.026936596259474754,,69.39624455160607,13769.423214796436,7,SC4,28.651851654052734,茅栗、白栎灌丛,108.5733164,29.49268272
610,9.993037223815918,7.180237770080566,241.71302795410156,4.26599645614624,8.405797416344285e-05,0.0026738191954791546,,0.012498057447373867,0.05554530769586563,,58.58377817356785,13983.961311033314,7,SC4,8.022336959838867,茅栗、白栎灌丛,108.5718068,29.49423529
611,4.291212558746338,3.7720625400543213,197.5782470703125,2.295457124710083,0.0012085948837921023,0.0017769909463822842,,-0.007329434,0.10916290432214737,,22.436287510378143,13744.360325805406,7,SC4,5.411069393157959,茅栗、白栎灌丛,108.5751152,29.49483661
612,6.458329200744629,6.447253227233887,274.88285064697266,2.692105531692505,0.00042208837112411857,0.0019758581183850765,,0.04290115833282471,0.048705652356147766,,22.461262341838165,13813.045386599593,7,SC4,5.741408348083496,茅栗、白栎灌丛,108.5738898,29.49426555
613,27.144603729248047,14.802234649658203,153.92648315429688,14.180133819580078,0.0003103243070654571,0.004840378649532795,,-0.000288094,0.034306641668081284,,1135.785449615449,12107.81985865788,2,SC4,62.29405212402344,茅栗、白栎灌丛,108.5941931,29.49387637
614,17.066877365112305,6.135948657989502,135.47634887695312,7.988046169281006,4.78236579510849e-05,0.0052659460343420506,,-0.013574031,0.08330792188644409,,2114.0803179013146,24026.079356873404,2,SO2,25.959171295166016,茅栗、白栎灌丛,108.4468711,29.49845355
615,28.977176666259766,13.98929500579834,339.9137420654297,15.347013473510742,-0.003748785,0.0038932065945118666,,0.07129549980163574,0.2119361013174057,,1830.8570794325171,23367.55516415759,2,SC4,30.898237228393555,茅栗、白栎灌丛,108.457851,29.49767212
616,29.445850372314453,13.33376693725586,2.3496649265289307,15.555159568786621,-0.003305319,0.004006246104836464,,0.03673014044761658,0.10755174607038498,,1856.8266596471142,23342.912204922988,2,SC4,29.600833892822266,茅栗、白栎灌丛,108.4578418,29.49740388
617,29.68678092956543,13.568836212158203,5.892281532287598,15.55087661743164,-0.001840808,0.004922823049128056,,0.05721106380224228,0.18120113015174866,,1855.7157335368115,23313.915428779415,2,SC4,24.498910903930664,茅栗、白栎灌丛,108.4581439,29.49726178
618,20.49204444885254,10.943790435791016,70.07917022705078,10.090279579162598,0.0014795627212151885,0.00420507462695241,,-0.006506172,0.034378357231616974,,726.4349779073185,19126.363969076876,2,SO1,17.39186668395996,茅栗、白栎灌丛,108.5111927,29.49627301
619,24.751768112182617,9.956517219543457,184.63705444335938,11.913294792175293,0.0009133347193710506,0.0040926383808255196,,-0.001900582,0.02215464785695076,,838.8222946175995,19292.0794985341,2,SO1,87.47789001464844,茅栗、白栎灌丛,108.5088433,29.49576745
620,20.743999481201172,10.829059600830078,93.4339599609375,12.736067771911621,0.001418441068381071,0.007273308467119932,,0.003809889080002904,0.03496478497982025,,67.4435909656278,16660.057825877117,2,SO1,11.692832946777344,茅栗、白栎灌丛,108.5403098,29.49536603
621,22.566646575927734,9.67089557647705,48.40121841430664,11.860486030578613,0.0008294443250633776,0.006662282161414623,,-0.012173192,0.017373407259583473,,94.1393692977607,16519.98963656577,2,SO1,18.658315658569336,茅栗、白栎灌丛,108.5415246,29.49468237
622,24.390670776367188,10.044107437133789,101.81404876708984,11.84324836730957,0.00045487468014471233,0.0033762003295123577,,-0.002660331,0.0171897541731596,,168.58310109959575,16351.96736930733,2,SO1,41.454627990722656,茅栗、白栎灌丛,108.5427609,29.49354401
623,19.946380615234375,9.55384349822998,70.0312728881836,10.4275484085083,0.0003234936739318073,0.005668332800269127,,0.0008060218533501029,0.02614136040210724,,62.681774365090604,16298.631419262416,2,SO1,18.267223358154297,茅栗、白栎灌丛,108.5443346,29.49488378
624,16.691577911376953,9.67143440246582,7.305080890655518,7.821274280548096,2.6912757675745524e-05,0.003162943758070469,,0.000842209963593632,0.021246394142508507,,215.1303037313528,16137.1107618644,2,SC4,50.90248107910156,茅栗、白栎灌丛,108.5447054,29.49261193
625,19.668899536132812,11.089707374572754,102.94273376464844,9.502284049987793,-0.000123161,0.005261287558823824,,0.006397654768079519,0.08427421003580093,,317.3682702866496,15958.624634203885,7,SC4,46.5518684387207,茅栗、白栎灌丛,108.5459392,29.49128838
626,7.466454982757568,5.187387943267822,17.530406951904297,3.4518656730651855,-0.001040088,0.001949028461240232,,0.09810563176870346,0.38452762365341187,,10.436866154144758,14219.735421726316,7,SC4,6.486000061035156,茅栗、白栎灌丛,108.5691192,29.49446093
627,31.265270233154297,8.667798042297363,146.3450927734375,15.628937721252441,0.0009225353132933378,0.005160380154848099,,0.00266285496763885,0.012288029305636883,,513.9890085981941,12458.19325461742,2,SC4,83.33102416992188,茅栗、白栎灌丛,108.5881356,29.49124319
628,16.48153305053711,8.510506629943848,172.9990234,8.582395553588867,-0.002872317,0.004196039400994778,,0.029892057180404663,0.03772246837615967,,2552.3621546156933,24344.31013023707,2,SC4,8.64895248413086,茅栗、白栎灌丛,108.4390982,29.49716395
629,30.2835693359375,9.139659881591797,311.4408950805664,14.955780982971191,0.0012456385884433985,0.008130347356200218,,0.0028312713839113712,0.03826671093702316,,2244.9466050297533,23710.820738912767,2,SC4,57.845218658447266,茅栗、白栎灌丛,108.4496724,29.49668291
630,27.632366180419922,9.955621719360352,13.426088333129883,13.578743934631348,0.000578650098759681,0.006603659130632877,,0.0013039676705375314,0.016273975372314453,,2182.9938080512857,23235.60939008797,7,SC4,87.53572845458984,茅栗、白栎灌丛,108.4556878,29.49503838
631,23.184404373168945,11.255144119262695,2.054945468902588,11.448746681213379,-0.003471756,0.005864572711288929,,0.02542882040143013,0.03804099187254906,,10.046533616200302,17066.86108164466,2,SO1,11.609301567077637,茅栗、白栎灌丛,108.5354005,29.49536253
632,25.951641082763672,11.332798957824707,49.01527786254883,12.869248390197754,-0.003811011,0.004834095947444439,,0.01930774375796318,0.03731579706072807,,51.267489301876346,17078.079583626186,2,SO1,19.73798179626465,茅栗、白栎灌丛,108.5350846,29.49510247
633,25.447528839111328,11.178243637084961,69.26949310302734,12.674043655395508,-0.003893997,0.004110490903258324,,0.023104697465896606,0.03708002716302872,,26.455906959340165,17052.19600863613,2,SO1,18.63225746154785,茅栗、白栎灌丛,108.5353912,29.49509432
634,23.003765106201172,9.967009544372559,91.70653533935547,12.234024047851562,-0.000214305,0.006763956975191832,,-0.001952824,0.02050052583217621,,84.75853153139485,16678.60870800094,2,SO1,19.830764770507812,茅栗、白栎灌丛,108.5399986,29.49524009
635,16.815526962280273,10.171741485595703,52.93360137939453,8.087967872619629,0.002681370824575424,0.004141851793974638,,-0.000652798,0.021515198051929474,,195.10887773345397,16614.987114211133,7,SO1,13.426163673400879,茅栗、白栎灌丛,108.5400658,29.49423156
636,27.761322021484375,10.360200881958008,88.98963928222656,13.692872047424316,0.0021649429108947515,0.0036503702867776155,,0.013049309141933918,0.025839461013674736,,44.41296491326349,15877.294094444642,2,SC4,25.06111717224121,茅栗、白栎灌丛,108.5491788,29.49454083
637,19.325515747070312,11.037928581237793,135.48316955566406,9.35374641418457,0.0014815418981015682,0.00483369454741478,,0.0017470689490437508,0.02419569529592991,,256.1998663397155,15625.368096894957,7,SC4,30.75629997253418,茅栗、白栎灌丛,108.5507711,29.49245771
638,19.83647918701172,6.644631385803223,40.88784408569336,8.89163875579834,0.0013065477833151817,0.0039855195209383965,,0.005873227026313543,0.013430452905595303,,242.28173491343878,14411.44076426245,7,SC4,13.589210510253906,茅栗、白栎灌丛,108.5665925,29.49415294
639,17.740467071533203,9.783691406,153.22866821289062,8.557104110717773,0.0006552524864673615,0.005633109714835882,,0.013391460292041302,0.062430813908576965,,270.45342505467966,13835.579368599985,2,SC4,49.20032501220703,茅栗、白栎灌丛,108.571338,29.49098385
640,21.88878059387207,12.967333793640137,80.29957580566406,10.543519973754883,-0.000215029,0.005595828872174025,,0.0032766475342214108,0.037897005677223206,,391.35748436391225,13872.439411212115,2,SC4,52.92390060424805,茅栗、白栎灌丛,108.570333,29.49017731
641,11.640323638916016,6.456774711608887,12.820305824279785,5.221837997436523,0.0002951304486487061,0.0038280102889984846,,0.007620618212968111,0.027154704555869102,,240.43976907532945,13554.971498538724,7,SC4,28.275314331054688,茅栗、白栎灌丛,108.5756187,29.49227272
642,16.867488861083984,9.12254524230957,271.07295989990234,8.506871223449707,-0.00040041,0.006179859396070242,,0.028675688430666924,0.06811745464801788,,591.4941606518996,12635.941441488108,2,SC4,24.86595916748047,茅栗、白栎灌丛,108.5872244,29.49301789
643,19.96764373779297,13.653244018554688,2.683906316757202,10.781525611877441,-0.000845849,0.005637724883854389,,0.01934400387108326,0.05248282477259636,,2587.8883005731823,24397.388289113947,2,SC4,20.122255325317383,茅栗、白栎灌丛,108.4382224,29.49719714
644,20.772844314575195,8.691357612609863,53.25595474243164,9.890192985534668,-8.53E-05,0.004688619635999203,,0.0032447518315166235,0.026695681735873222,,1975.5881009740933,23403.978491516507,7,SC4,25.479549407958984,茅栗、白栎灌丛,108.4558885,29.49696359
645,26.805891036987305,10.027210235595703,211.4031982421875,13.342514991760254,0.001464238972403109,0.010639362968504429,,0.011677904054522514,0.0274799894541502,,1904.5127280405156,23165.61941970353,2,SC4,25.226064682006836,茅栗、白栎灌丛,108.4592213,29.49627555
646,16.075088500976562,7.043376922607422,349.7445545196533,7.221374988555908,-0.000219824,0.004680567886680365,,-0.002432297,0.009303086437284946,,611.1953513569437,18558.16709831198,2,SO1,30.579580307006836,茅栗、白栎灌丛,108.5172027,29.49505868
647,20.591299057006836,11.316336631774902,25.408058166503906,9.894861221313477,0.0013859777245670557,0.005179217550903559,,-0.00726954,0.03392097353935242,,225.51654979991318,17051.03277292491,2,SO1,27.551288604736328,茅栗、白栎灌丛,108.5343236,29.49353635
648,3.572247266769409,2.6201815605163574,67.52631378173828,1.8260036706924438,-0.000258504,0.0012476029805839062,,0.02880854904651642,0.034328147768974304,,51.651550259716615,13409.346322928339,7,SC4,3.2218515872955322,茅栗、白栎灌丛,108.5778621,29.49297295
649,11.568991661071777,8.28770923614502,198.28749084472656,5.414657115936279,0.0002925805456470698,0.0017812245059758425,,0.020867960527539253,0.03429181128740311,,61.74034418713405,13354.227453293928,7,SC4,16.094860076904297,茅栗、白栎灌丛,108.5790424,29.49371457
650,22.235748291015625,7.927917957305908,140.11044311523438,10.39301872253418,0.0007975418120622635,0.00822441279888153,,-0.001247388,0.017206605523824692,,2476.745928409514,24072.380301113106,2,SC4,42.25789260864258,茅栗、白栎灌丛,108.442632,29.49636972
651,19.802295684814453,9.429990768432617,258.5099182128906,9.957368850708008,0.0042187985964119434,0.004950960632413626,,0.013780402019619942,0.028095582500100136,,1781.1883169362131,23094.038237622273,2,SC4,14.851444244384766,茅栗、白栎灌丛,108.4613771,29.49669432
652,12.51528549194336,5.131235122680664,335.3070411682129,5.573023319244385,-5.17E-05,0.0029299515299499035,,-0.001671519,0.011224454268813133,,728.5427968765446,18626.660014951438,2,SO1,32.2795524597168,茅栗、白栎灌丛,108.5158943,29.4943638
653,20.973413467407227,10.50908088684082,74.8873291015625,10.57409381866455,0.002042510313913226,0.006819688715040684,,-0.007083402,0.023188533261418343,,317.7185105144992,17557.39302689288,2,SO1,16.392248153686523,茅栗、白栎灌丛,108.5293518,29.49517229
654,11.021260261535645,5.49691915512085,45.39939880371094,5.264894485473633,0.0008429705048911273,0.0032598599791526794,,-0.025065009,0.03255936875939369,,330.4625153004186,14830.136141731777,2,SC4,7.4078688621521,茅栗、白栎灌丛,108.5614325,29.49399607
655,11.467063903808594,3.2204880714416504,26.861360549926758,4.965749263763428,-0.000224642,0.0018556134309619665,,-0.009831245,0.024856802076101303,,323.655644425922,14785.703221235332,7,SC4,9.952136039733887,茅栗、白栎灌丛,108.5620502,29.49411373
656,10.202362060546875,3.4353625774383545,29.354501724243164,4.641989231109619,-1.59E-05,0.002396875061094761,,-0.017148403,0.033306099474430084,,358.2895665956135,14796.921240592215,7,SC4,8.862808227539062,茅栗、白栎灌丛,108.5617343,29.49385374
657,20.098665237426758,10.915359497070312,24.420930862426758,10.523211479187012,0.0028513672295957804,0.0061199842020869255,,0.0025389278307557106,0.01835525594651699,,2633.230575180151,24473.17672358705,2,SC4,21.126352310180664,茅栗、白栎灌丛,108.4367296,29.49708432
658,17.128154754638672,10.677502632141113,10.638256072998047,8.354251861572266,0.000917463272344321,0.004382712300866842,,0.008287815377116203,0.06088164448738098,,257.5422048964067,15769.919143602616,7,SC4,21.477527618408203,茅栗、白栎灌丛,108.5491381,29.49261711
659,10.097078323364258,4.175055503845215,15.532258987426758,4.632688045501709,0.0012446587206795812,0.0023655458353459835,,-0.019085005,0.0326651968061924,,339.5993149524886,14808.139247896177,2,SC4,5.828206539154053,茅栗、白栎灌丛,108.5614184,29.49359375
660,6.631303310394287,5.8008317947387695,218.80126953125,3.418596029281616,0.0009516263962723315,0.002198907546699047,,-0.015841385,0.03570479527115822,,865.1637752427728,18960.717312764085,2,SO1,5.094117164611816,茅栗、白栎灌丛,108.5120568,29.49463937
661,24.85493278503418,13.307327270507812,93.81460571289062,12.62761116027832,0.0009131187689490616,0.006956671364605427,,-0.002837128,0.0394107960164547,,147.14167467460567,15259.972862802562,7,SC4,35.293819427490234,茅栗、白栎灌丛,108.5559772,29.49360734
662,22.252145767211914,13.805241584777832,149.3115234,11.297454833984375,0.0037653911858797073,0.005252746865153313,,-0.020057624,0.04862789437174797,,108.24814849561,15429.324892576908,2,SC4,16.86916732788086,茅栗、白栎灌丛,108.5540617,29.49379076
663,19.592866897583008,7.001054763793945,225.2257080078125,8.129412651062012,0.001994384452700615,0.004286541137844324,,0.0004679802223108709,0.013965090736746788,,194.94583272956663,15359.992049853277,7,SC4,14.147928237915039,茅栗、白栎灌丛,108.5543915,29.49306134
664,18.227954864501953,6.660282135009766,25.811019897460938,8.646061897277832,0.00038410205161198974,0.004443750251084566,,-0.005071212,0.016819823533296585,,2758.2174224216756,24559.454110089162,2,SC4,21.440412521362305,茅栗、白栎灌丛,108.4343132,29.4964756
665,17.280014038085938,7.9896321296691895,69.50758361816406,8.145844459533691,-0.000337803,0.004014699719846249,,0.013108926825225353,0.09855880588293076,,2801.1075648746278,24443.486029915468,2,SC4,20.4776611328125,茅栗、白栎灌丛,108.4353142,29.49582598
666,22.692102432250977,8.909412384033203,30.54569435119629,10.68589973449707,7.925079262349755e-05,0.004954467993229628,,-0.002338991,0.020203351974487305,,3073.4963554680094,24036.0657605712,2,SC4,49.37975311279297,茅栗、白栎灌丛,108.4374393,29.49262601
667,26.393510818481445,11.258721351623535,299.6134796142578,13.66518497467041,-0.002003419,0.010398868471384048,,0.001910513499751687,0.02780747041106224,,2465.846791271659,23852.142700696102,2,SC4,27.774141311645508,茅栗、白栎灌丛,108.4452688,29.49557051
668,25.95325469970703,10.484012603759766,82.38240051269531,12.671246528625488,8.579074346926063e-05,0.005123301409184933,,0.006305707152932882,0.044973086565732956,,2396.4173621437844,23471.577233864882,2,SC4,60.6701774597168,茅栗、白栎灌丛,108.4509202,29.49481625
669,20.25831413269043,9.960956573486328,169.67950439453125,9.71823787689209,0.0003753045166376978,0.0052162217907607555,,0.009982896968722343,0.05994328483939171,,673.4980486955714,18125.5175627209,2,SO1,31.521717071533203,茅栗、白栎灌丛,108.5211576,29.49323885
670,12.040688514709473,6.073004245758057,324.4636764526367,5.6822967529296875,0.0010256750974804163,0.0035928753204643726,,-0.004001667,0.029750781133770943,,528.0543812106104,17503.886951824785,7,SO1,54.377716064453125,茅栗、白栎灌丛,108.5286371,29.49321306
671,18.86713409423828,8.030877113342285,50.2642707824707,8.947328567504883,0.0007246651803143322,0.0037563417572528124,,0.0016898831818252802,0.01660754904150963,,199.16894987004747,16560.849464782368,7,SO1,15.228707313537598,茅栗、白栎灌丛,108.5405696,29.49401679
672,20.344257354736328,7.0360941886901855,3.140660285949707,9.320828437805176,-0.000225289,0.004991665482521057,,0.0002923738502431661,0.01721484214067459,,336.6811598783319,16581.11397604972,7,SO1,36.2419548034668,茅栗、白栎灌丛,108.5396135,29.49299176
673,19.640493392944336,10.320235252380371,174.07778930664062,9.59595012664795,0.0011688137892633677,0.006410871632397175,,-0.01101092,0.04928099364042282,,120.63366112710784,15440.543011421692,7,SC4,14.884771347045898,茅栗、白栎灌丛,108.5537458,29.49353075
674,13.03889274597168,6.189218997955322,149.7903289794922,6.448109149932861,-0.000462517,0.003446966642513871,,-0.011305301,0.05861246585845947,,2877.171970431187,24653.11833713197,2,SC4,13.324682235717773,茅栗、白栎灌丛,108.4320407,29.49602353
675,27.550411224365234,8.499966621398926,186.07176208496094,13.256281852722168,-0.000215004,0.00880908127874136,,-0.000804232,0.017676912248134613,,2637.292108110098,24046.462622494735,2,SC4,53.06731414794922,茅栗、白栎灌丛,108.4413716,29.49528868
676,22.969465255737305,7.769384860992432,154.85179138183594,10.778179168701172,0.0004473105364013463,0.004986937157809734,,0.0033101581502705812,0.01762568950653076,,2951.244501376772,23883.6131543074,2,SC4,54.64839172363281,茅栗、白栎灌丛,108.4401283,29.49266997
677,20.101016998291016,10.217655181884766,55.10033416748047,9.797969818115234,-0.001091764,0.005117183551192284,,0.0034587744157761335,0.03089769184589386,,351.7709913415262,17263.73297265806,2,SO1,36.423240661621094,茅栗、白栎灌丛,108.5319608,29.49382832
678,14.553937911987305,8.08025074005127,342.67803955078125,6.8309502601623535,0.0008131578797474504,0.00416724756360054,,0.002989964559674263,0.03389602527022362,,182.95964146601577,15442.521908081706,2,SC4,15.075664520263672,茅栗、白栎灌丛,108.5531471,29.49270303
679,17.200754165649414,7.779697418212891,274.2233428955078,8.023160934448242,-0.000809664,0.005966540891677141,,0.0015362604754045606,0.02873164787888527,,436.2580184019414,14710.723124794515,7,SC4,25.784955978393555,茅栗、白栎灌丛,108.561356,29.49181208
680,21.45458221435547,10.960760116577148,67.99476623535156,10.267691612243652,0.0006029578507877886,0.0031678995583206415,,0.012283680029213428,0.027834398671984673,,202.29687842969352,13122.950247658186,7,SC4,37.96027755737305,茅栗、白栎灌丛,108.579398,29.49021066
681,9.438568115234375,6.821312427520752,145.6929473876953,5.75849723815918,0.00021884110174141824,0.0020110548939555883,,-0.025828548,0.13188402354717255,,2947.399013385154,24742.415542163286,2,SC4,4.375375270843506,茅栗、白栎灌丛,108.4303952,29.49592923
682,13.731549263000488,4.1604084968566895,115.2021713256836,6.251986026763916,7.980611553648487e-05,0.0025935901794582605,,-0.006127611,0.013799111358821392,,3010.268827219072,24700.929855219925,2,SC4,12.940569877624512,茅栗、白栎灌丛,108.4302592,29.49536255
683,13.514351844787598,6.048652648925781,355.48311138153076,6.430383205413818,0.0024449171032756567,0.0032192689832299948,,0.008074327372014523,0.04129453003406525,,704.7626564904039,18314.30071202634,2,SO1,15.30761719,茅栗、白栎灌丛,108.51899,29.49339617
684,18.67263412475586,12.10761833190918,11.0203275680542,9.202905654907227,-0.001121496,0.003660252084955573,,-0.009878289,0.04291357845067978,,465.14181061794727,17494.820106883293,2,SO1,22.532032012939453,茅栗、白栎灌丛,108.5290512,29.4936521
685,28.403100967407227,9.15295696258545,32.396812438964844,13.754371643066406,0.004444747231900692,0.0038627004250884056,,-0.000962917,0.010713775642216206,,297.2777960498746,16627.72034832362,2,SO1,24.183635711669922,茅栗、白栎灌丛,108.5393202,29.49337892
686,14.470003128051758,5.783681392669678,44.07350158691406,6.5469560623168945,0.0005346635007299483,0.004342753440141678,,-0.023866698,0.12647120654582977,,453.8929543845271,16546.945517515032,7,SO1,24.444744110107422,茅栗、白栎灌丛,108.5393081,29.49195835
687,15.83936595916748,8.354459762573242,25.86988067626953,7.346837043762207,-0.000217719,0.003976764623075724,,-0.000529368,0.02528596669435501,,691.2823485988613,16327.588440375626,2,SC4,27.626361846923828,茅栗、白栎灌丛,108.5401304,29.4893319
688,26.50922393798828,13.986043930053711,88.26268768310547,13.380311965942383,0.0019146676640957594,0.006052784621715546,,0.006907761562615633,0.019996266812086105,,407.9907227576953,13478.331001121398,2,SC4,86.86747741699219,茅栗、白栎灌丛,108.5749543,29.48998565
689,26.973724365234375,14.830818176269531,67.48664093017578,14.36777114868164,0.0015219575725495815,0.004884291440248489,,0.005145215429365635,0.0224983599036932,,338.9899687838347,13366.878681713259,2,SC4,101.75074768066406,茅栗、白栎灌丛,108.5762006,29.48984422
690,6.076258659362793,4.5005784034729,70.07183074951172,2.780320882797241,-0.000270144,0.0014596575638279319,,0.02698867954313755,0.03976159542798996,,14.575485740349299,13340.62024279049,7,SC4,4.607354164123535,茅栗、白栎灌丛,108.5782488,29.49233613
691,31.1683292388916,14.371137619018555,73.73495483398438,17.096176147460938,0.0009138421155512333,0.005954338703304529,,0.00043628094135783613,0.015032215043902397,,423.63195350764346,13220.276736321752,2,SC4,108.49515533447266,茅栗、白栎灌丛,108.5770781,29.48856167
692,20.359621047973633,7.291948318481445,209.00494384765625,9.650837898254395,-0.003113796,0.007386601064354181,,0.013749191537499428,0.03296065703034401,,342.05247606383836,12756.555473678374,7,SC4,16.50979995727539,茅栗、白栎灌丛,108.5849827,29.49188614
693,16.616830825805664,6.306723594665527,148.92674255371094,8.026845932006836,-0.000405977,0.004639938939362764,,-0.028696783,0.14836783707141876,,3068.114291040533,24795.461226484484,2,SC4,18.67521095275879,茅栗、白栎灌丛,108.4287365,29.49540185
694,25.903762817382812,10.026865005493164,275.4082717895508,12.390811920166016,-0.002400695,0.006997109390795231,,-0.019078936,0.07082360982894897,,2998.5883139621005,24497.310144593044,2,SC4,34.112545013427734,茅栗、白栎灌丛,108.432657,29.4946654
695,19.66989517211914,8.471870422363281,237.15071868896484,9.156752586364746,-0.000209558,0.004723249468952417,,-0.000923441,0.021285828202962875,,289.56019112304574,15191.064159830652,7,SC4,20.229461669921875,茅栗、白栎灌丛,108.5558721,29.49225908
696,11.060736656188965,4.653645992279053,241.11573028564453,5.026097297668457,0.00014202071179170161,0.002510680817067623,,-0.001284437,0.023369524627923965,,568.7352886525326,14319.306241678103,7,SC4,20.81898307800293,茅栗、白栎灌丛,108.5652853,29.49067122
697,24.859203338623047,9.093049049377441,287.15235137939453,11.8804931640625,0.0014487960143014789,0.007919035851955414,,0.003117550630122423,0.02488398551940918,,201.55030790618727,12901.008812417143,7,SC4,40.438690185546875,茅栗、白栎灌丛,108.5832784,29.49194154
698,22.41275978088379,10.515999794006348,157.741455078125,10.859082221984863,0.00018913645180873573,0.0073023634031414986,,0.004543488845229149,0.031189238652586937,,230.5970994189177,12732.378271922107,7,SC4,44.38621139526367,茅栗、白栎灌丛,108.5842788,29.49045347
699,22.850210189819336,8.055299758911133,185.35740661621094,10.885946273803711,-0.003387585,0.007132180500775576,,0.015493801794946194,0.031143762171268463,,331.4625782387475,12741.891287904957,7,SC4,17.27131462097168,茅栗、白栎灌丛,108.5849732,29.49161794
700,25.466360092163086,10.0186767578125,53.79252243041992,12.875506401062012,-0.002003007,0.010165090672671795,,0.005131575278937817,0.02093157172203064,,2577.090287634204,23787.593993950588,2,SC4,29.5800724029541,茅栗、白栎灌丛,108.4448901,29.4946234
701,9.654619216918945,2.653974771499634,252.02217864990234,4.525015354156494,0.0006422243313863873,0.0015462000155821443,,-0.006077798,0.013691180385649204,,541.2154312632426,14540.697132238935,11,SC4,3.3002500534057617,茅栗、白栎灌丛,108.5636703,29.49219107
702,17.314659118652344,9.856959342956543,252.78502655029297,8.223018646240234,0.00035555969225242734,0.004068915266543627,,0.007062048651278019,0.027393458411097527,,646.8809272841693,14517.535565459917,7,SC4,25.334627151489258,茅栗、白栎灌丛,108.5625246,29.49013942
703,9.562840461730957,5.874171733856201,97.93605041503906,4.5051727294921875,0.0008978372206911445,0.0026510630268603563,,-0.019649569,0.020820334553718567,,2998.327997238141,24609.52538906638,2,SC4,5.1475372314453125,茅栗、白栎灌丛,108.4313746,29.4950772
704,17.359888076782227,6.370851993560791,11.966415405273438,7.830729961395264,-0.000220712,0.004269529599696398,,-8.41E-05,0.013955342583358288,,320.7490392994988,15481.501228558183,2,SC4,17.86273956298828,茅栗、白栎灌丛,108.551863,29.49153104
705,18.927764892578125,7.375746726989746,324.5572090148926,8.844965934753418,-0.002306109,0.006027601659297943,,0.01772979274392128,0.02402130514383316,,266.0350902234575,15341.336224463352,7,SC4,11.740520477294922,茅栗、白栎灌丛,108.5540055,29.4921815
706,21.457107543945312,7.320171356201172,15.004534721374512,10.308845520019531,-0.002619563,0.004423750564455986,,0.006636315956711769,0.021090202033519745,,285.17829588772685,15355.358845970604,7,SC4,15.809250831604004,茅栗、白栎灌丛,108.5536106,29.49185649
707,20.03570556640625,7.4996867179870605,344.17507457733154,9.376012802124023,-0.003796824,0.005754921119660139,,0.010783909820020199,0.02099796198308468,,313.2012820119271,15287.847174368682,7,SC4,9.211404800415039,茅栗、白栎灌丛,108.5544559,29.49190099
708,24.60748291015625,10.49317455291748,108.71121978759766,12.269411087036133,0.001065725227817893,0.009683985263109207,,0.002955492353066802,0.033715471625328064,,2634.0534042180257,23567.82225800392,2,SC4,29.77051544189453,茅栗、白栎灌丛,108.4470813,29.4935509
709,13.591877937316895,7.107295513153076,32.593475341796875,6.241849422454834,0.0006062508909963071,0.0034331234637647867,,0.009260077029466629,0.07627075165510178,,663.9011054616834,17506.73256832137,2,SO1,45.63886642456055,茅栗、白栎灌丛,108.5278846,29.49217844
710,23.975616455078125,11.417855262756348,143.90188598632812,11.94126033782959,0.0005447938456200063,0.0074180178344249725,,0.00367312622256577,0.03174000233411789,,291.9742477654135,16857.361367631118,2,SO1,44.00125503540039,茅栗、白栎灌丛,108.5359671,29.49253892
711,17.398584365844727,9.152999877929688,155.18211364746094,8.37439250946045,8.589027856942266e-05,0.004239168483763933,,-0.006002736,0.13235069811344147,,591.8272106530627,16203.182788529613,2,SC4,27.145631790161133,茅栗、白栎灌丛,108.5419493,29.48979045
712,22.496646881103516,9.171491622924805,90.6330795288086,10.910202026367188,-0.000193105,0.006851190235465765,,-0.003101728,0.03150463104248047,,488.9794680881962,15230.891891104651,2,SC4,37.11417007446289,茅栗、白栎灌丛,108.5538283,29.49000811
713,22.323823928833008,10.399022102355957,186.718505859375,10.843732833862305,0.0007815601420588791,0.004728797357529402,,0.017108069732785225,0.23830726742744446,,3355.00734911149,24876.693446585778,2,SC4,54.19234848022461,茅栗、白栎灌丛,108.4254118,29.4940163
714,20.737548828125,6.419957160949707,40.93723678588867,9.494743347167969,0.002167691942304373,0.0026936684735119343,,0.009924095124006271,0.022065993398427963,,3539.4827613541006,24991.124522969694,2,SC4,20.886032104492188,茅栗、白栎灌丛,108.4227847,29.49346931
715,24.518728256225586,7.537400722503662,320.8034439086914,10.731681823730469,-0.00055335,0.0055478899739682674,,0.004850199446082115,0.013751352205872536,,3292.8340508909996,24646.81872741369,2,SC4,31.60059356689453,茅栗、白栎灌丛,108.4282555,29.4933572
716,17.36737632751465,6.6754469871521,182.17799377441406,8.166569709777832,0.0003978682798333466,0.004889620002359152,,-0.001687226,0.014691168442368507,,3119.6294333874393,24762.925251867564,2,SC4,14.560752868652344,茅栗、白栎灌丛,108.4286084,29.49493979
717,23.04677963256836,8.338488578796387,244.3858184814453,10.939216613769531,0.0005645065102726221,0.003679010784253478,,0.003505926113575697,0.01723632588982582,,3240.2399861770336,24592.779868561443,2,SC4,44.35537338256836,茅栗、白栎灌丛,108.4293039,29.4934644
718,25.857254028320312,10.837383270263672,265.4479446411133,12.549555778503418,0.001564743579365313,0.006115666590631008,,0.004979148041456938,0.021672500297427177,,3224.9957070644305,24497.37548366804,2,SC4,47.795677185058594,茅栗、白栎灌丛,108.4304869,29.49318597
719,17.25202178955078,4.076979160308838,43.350341796875,8.562236785888672,0.0018792767077684402,0.006013741251081228,,0.00047890684800222516,0.01142078172415495,,352.53060672684165,15412.090834921097,7,SC4,18.045555114746094,茅栗、白栎灌丛,108.5524354,29.49114965
720,20.711259841918945,6.387298107147217,244.91703033447266,9.478899002075195,0.00027586292708292603,0.005224045366048813,,0.002585992217063904,0.03024720400571823,,364.2373958058473,14949.608424268932,7,SC4,21.163076400756836,茅栗、白栎灌丛,108.5579713,29.49108797
721,11.813013076782227,7.291640281677246,283.9742126464844,5.759059429168701,0.0009124005446210504,0.003052446059882641,,-0.006989058,0.018456250429153442,,778.836257037917,17934.0996927855,2,SO1,8.931954383850098,茅栗、白栎灌丛,108.5225574,29.49192938
722,13.94164752960205,7.327775955200195,1.3870298862457275,6.65911340713501,0.0011058769887313247,0.0035315111745148897,,0.041052158921957016,0.05792545899748802,,397.897139970637,16979.748337914505,7,SO1,7.338177680969238,茅栗、白栎灌丛,108.5340532,29.49190835
723,17.954301834106445,7.900998592376709,66.95787048339844,8.27293872833252,-0.000875784,0.004395943135023117,,0.0024739543441683054,0.01790205016732216,,611.6217121545125,17034.90705898096,2,SO1,42.4612922668457,茅栗、白栎灌丛,108.5323984,29.49048297
724,17.560575485229492,5.9934587478637695,329.08131217956543,7.783621311187744,0.0010647742310538888,0.00418344559147954,,0.00019359721045475453,0.014260332100093365,,681.9297214193447,17222.170612288606,2,SO1,39.79996871948242,茅栗、白栎灌丛,108.5305034,29.4910068
725,22.205862045288086,6.109593868255615,352.6221342086792,10.104124069213867,-0.000182842,0.006220018956810236,,0.0007312636007554829,0.014717478305101395,,450.3267300019772,15378.375629792487,2,SC4,25.59341049194336,茅栗、白栎灌丛,108.5522385,29.4902805
726,21.8270320892334,6.4699602127075195,108.80184173583984,9.714493751525879,0.0025797009002417326,0.00355968507938087,,-0.001679927,0.01289865281432867,,3585.740276571275,25116.791730748948,2,SC4,30.76592254638672,茅栗、白栎灌丛,108.4212844,29.49385332
727,26.135202407836914,6.615877151489258,117.77738189697266,11.138299942016602,-0.00074342,0.002956814132630825,,0.0031996225006878376,0.007370589300990105,,3660.996712134275,25134.380833697458,2,SC4,28.413410186767578,茅栗、白栎灌丛,108.4205163,29.49349914
728,11.846688270568848,4.358482360839844,323.2177276611328,5.25711727142334,0.0007980818045325577,0.001974881161004305,,0.0068018194288015366,0.013223283924162388,,757.6172958741494,17715.360216966135,2,SO1,16.472732543945312,茅栗、白栎灌丛,108.524934,29.49155266
729,13.777342796325684,6.517532825469971,13.524088859558105,6.556640148162842,-0.000698083,0.004831139929592609,,0.03668944910168648,0.05746963247656822,,436.5889559728942,16990.966636768528,7,SO1,9.84823226928711,茅栗、白栎灌丛,108.5337373,29.49164829
730,19.52227783203125,7.634215831756592,283.74256134033203,9.225532531738281,-0.002238461,0.006251766812056303,,0.02695765346288681,0.15838469564914703,,454.75464985763233,15673.346061388229,7,SC4,19.798463821411133,茅栗、白栎灌丛,108.548828,29.49049305
731,14.595653533935547,6.445993423461914,71.17837524414062,6.797584056854248,-0.004114032,0.004589594900608063,,0.011292369104921818,0.018771424889564514,,3649.3248981816773,25243.461869858544,2,SC4,7.3389668464660645,茅栗、白栎灌丛,108.4196842,29.49417258
732,18.88945960998535,8.018363952636719,123.40603637695312,8.950976371765137,0.0013036817545071244,0.0036056535318493843,,0.006756466347724199,0.03660672530531883,,3817.8111453837864,25092.930666534456,2,SC4,34.92852783203125,茅栗、白栎灌丛,108.4195991,29.49233425
733,22.055805206298828,7.442830562591553,119.43770599365234,10.240379333496094,0.00031105303787626326,0.007486273534595966,,-0.00099646,0.013209715485572815,,2752.21421509397,23896.834876173507,2,SC4,61.22870635986328,茅栗、白栎灌丛,108.4418788,29.49394321
734,25.371707916259766,6.766361713409424,45.66611099243164,11.975099563598633,-0.000716446,0.0074353390373289585,,-0.00386815,0.021436255425214767,,2707.6874295903813,23627.291519265957,2,SC4,26.015338897705078,茅栗、白栎灌丛,108.445496,29.49322639
735,9.886650085449219,7.610538482666016,110.22693634033203,4.331219673156738,-0.000337667,0.002294486155733466,,-0.010034941,0.042997490614652634,,292.8304132586927,14108.840032746646,7,SC4,18.154399871826172,茅栗、白栎灌丛,108.5687046,29.49193849
736,7.003716945648193,4.503279685974121,125.81775665283203,3.3816916942596436,-0.000699215,0.0013557927450165153,,0.030424362048506737,0.027110425755381584,,15.894336237291942,12898.058913040388,7,SC4,4.201517581939697,茅栗、白栎灌丛,108.581842,29.4898232
737,29.756282806396484,6.584347724914551,205.7781524658203,14.45044994354248,0.0013912682188674808,0.002035054611042142,,0.003452288219705224,0.008484735153615475,,202.05832156546805,12542.947961268002,2,SC4,59.7326545715332,茅栗、白栎灌丛,108.5857684,29.48930821
738,23.735355377197266,10.053962707519531,279.40294647216797,12.144646644592285,-0.000997064,0.008140838705003262,,-0.034529619,0.22399958968162537,,2511.689265278185,23273.04247915356,2,SC4,25.781879425048828,茅栗、白栎灌丛,108.4511463,29.49278376
739,13.348675727844238,6.3476128578186035,328.32248878479004,6.036168575286865,3.4148299164371565e-05,0.0033547694329172373,,0.006231316365301609,0.016711976379156113,,815.7577435068571,17719.053148914492,2,SO1,16.826379776000977,茅栗、白栎灌丛,108.5245537,29.49106894
740,14.169089317321777,6.921506404876709,225.8917999267578,6.590396881103516,-0.000259235,0.004222691524773836,,-0.001976045,0.03160203993320465,,649.3717914682096,16571.08933570074,2,SO1,16.718137741088867,茅栗、白栎灌丛,108.537279,29.48945515
741,19.696014404296875,7.835833549499512,78.97137451171875,9.18760871887207,-0.002097297,0.006977366283535957,,-0.007114348,0.02683984860777855,,659.2669982729911,15038.842224192664,2,SC4,33.037200927734375,茅栗、白栎灌丛,108.5553115,29.48880801
742,8.496623992919922,6.65946102142334,88.16907501220703,4.0442986488342285,-0.000750529,0.0012628420954570174,,0.027920501306653023,0.02677100896835327,,25.16301871697604,12883.394577510366,7,SC4,6.098837852478027,茅栗、白栎灌丛,108.5818325,29.489555
743,33.517372131347656,8.896631240844727,161.29518127441406,16.707557678222656,0.006024915724992752,0.00479086535051465,,-0.006719471,0.012443775311112404,,351.9668354849254,12406.307115361644,2,SC4,31.09989356994629,茅栗、白栎灌丛,108.5876656,29.48966607
744,37.02794647216797,9.561484336853027,206.0557098388672,19.20371437072754,0.005003631580621004,0.007107746787369251,,-0.00023407,0.008364825509488583,,222.44074255966314,12450.927259671686,2,SC4,76.68798065185547,茅栗、白栎灌丛,108.586614,29.48892744
745,29.14801025390625,12.377725601196289,182.63912963867188,15.307442665100098,0.00417296914383769,0.007102803327143192,,-0.011196452,0.022653069347143173,,353.0683753646349,12365.76133866858,2,SC4,23.17997932434082,茅栗、白栎灌丛,108.5879627,29.48938959
746,23.706409454345703,10.964869499206543,182.84536743164062,12.319561958312988,-0.000163627,0.008085960522294044,,-0.008143098,0.022194454446434975,,3058.4754576538285,24388.235620570973,2,SC4,33.15809631347656,茅栗、白栎灌丛,108.4333616,29.49389857
747,30.232126235961914,11.45589828491211,292.8929443359375,14.038583755493164,-0.000735032,0.0043661948293447495,,-0.039094668,0.1633005291223526,,2568.064544719682,23386.926766787874,2,SC4,27.61956787109375,茅栗、白栎灌丛,108.4484201,29.49237992
748,11.115273475646973,9.138988494873047,186.08143615722656,5.561039447784424,0.0010691718198359013,0.004552575293928385,,0.004626899491995573,0.07441483438014984,,861.8737761426722,17529.57236117963,2,SO1,10.191969871520996,茅栗、白栎灌丛,108.5264896,29.49056565
749,20.089664459228516,8.549897193908691,67.4109115600586,9.957721710205078,-0.000403314,0.00668881693854928,,0.00042318651685491204,0.041428644210100174,,537.7306849423366,14927.87865834657,7,SC4,22.649377822875977,茅栗、白栎灌丛,108.5571782,29.48956859
750,16.583354949951172,10.101033210754395,84.98235321044922,7.8969268798828125,0.0012728333240374923,0.00489865243434906,,0.028665779158473015,0.048827286809682846,,712.026876634062,14551.927197166786,7,SC4,17.949792861938477,茅栗、白栎灌丛,108.5609958,29.48853566
751,21.387203216552734,7.9645609855651855,193.52224731445312,9.837974548339844,0.002665940672159195,0.006576549261808395,,-0.005670061,0.03116898611187935,,519.3348506980371,14650.277458500015,7,SC4,21.94540023803711,茅栗、白栎灌丛,108.5613657,29.49077634
752,13.240253448486328,6.831419944763184,217.67276000976562,5.987882614135742,-6.60E-05,0.002865948248654604,,0.005906959995627403,0.02366693876683712,,735.7895469850289,14165.267626003471,7,SC4,25.463687896728516,茅栗、白栎灌丛,108.5657194,29.48862107
753,26.558984756469727,9.549581527709961,100.56705474853516,12.601699829101562,0.0031761799473315477,0.0075535280629992485,,0.005037540104240179,0.0178918968886137,,487.8830609389097,13970.438932562118,2,SC4,21.27562713623047,茅栗、白栎灌丛,108.5689591,29.48990143
754,18.627050399780273,11.082504272460938,226.8564453,9.065078735351562,0.0007760197040624917,0.006079639308154583,,0.0038950887974351645,0.018956324085593224,,699.0708261192807,13977.58664865229,2,SC4,37.905738830566406,茅栗、白栎灌丛,108.5677661,29.48830813
755,7.0468854904174805,4.784355640411377,131.07713317871094,3.434706926345825,-0.000936397,0.0012369098840281367,,0.028027769178152084,0.027936464175581932,,3.030822883258979,12857.512809382923,7,SC4,4.023019790649414,茅栗、白栎灌丛,108.582139,29.48954673
756,27.1071834564209,7.534944534301758,28.762815475463867,12.667728424072266,0.001638776739127934,0.003226472530514002,,0.0004887509276159108,0.009927921928465366,,221.64695577893917,12949.421863283975,2,SC4,63.011165618896484,茅栗、白栎灌丛,108.5801548,29.48828684
757,8.986661911010742,7.266849040985107,105.64920043945312,4.225155353546143,-0.000845083,0.0012924278853461146,,0.02028239704668522,0.022815445438027382,,6.454784427695107,12842.848468699,7,SC4,5.691138744354248,茅栗、白栎灌丛,108.5821296,29.48927853
758,7.120543479919434,4.858536243438721,146.3728790283203,3.5982367992401123,-0.0008785,0.0013765519252046943,,0.020747503265738487,0.022416774183511734,,21.739049519991912,12816.966717778798,7,SC4,4.2030744552612305,茅栗、白栎灌丛,108.5824361,29.48927027
759,21.663705825805664,10.986882209777832,207.66317749023438,10.18889331817627,0.0010941436048597097,0.003317980095744133,,0.004286893177777529,0.014838461764156818,,165.25951723962356,12689.356883233973,7,SC4,31.708133697509766,茅栗、白栎灌丛,108.5841789,29.48956278
760,21.827482223510742,10.633376121520996,187.67080688476562,10.62886905670166,-0.00048314,0.005935126915574074,,-0.012650259,0.13763663172721863,,3197.3505310543915,24015.56387044367,2,SC4,45.89324951171875,茅栗、白栎灌丛,108.4354048,29.49103263
761,14.727922439575195,6.93546199798584,32.88002014160156,7.165914535522461,0.0009430284262634814,0.00498469453305006,,0.0013288973132148385,0.042398687452077866,,542.8742436679074,14815.20651180548,7,SC4,13.359762191772461,茅栗、白栎灌丛,108.5584902,29.48950076
762,26.625064849853516,10.129640579223633,26.409765243530273,13.486726760864258,-0.000430909,0.006772374734282494,,0.004817364737391472,0.015580788254737854,,291.9536847841713,12911.283502617393,2,SC4,80.88867950439453,茅栗、白栎灌丛,108.579812,29.48713138
763,24.23672866821289,7.319415092468262,344.72057247161865,11.271259307861328,0.0006469411891885102,0.0046760584227740765,,0.00990249589085579,0.02530299499630928,,3861.475785886631,25291.360604464153,2,SC4,34.16196060180664,茅栗、白栎灌丛,108.41739,29.49303886
764,18.255935668945312,6.165207386016846,116.05475616455078,8.574774742126465,-0.000538501,0.003689024830237031,,0.01338890753686428,0.044391658157110214,,3699.803899456983,25161.773917474853,2,SC4,17.24309539794922,茅栗、白栎灌丛,108.4199657,29.49341742
765,26.298967361450195,9.391280174255371,320.9837341308594,12.56071949005127,-0.000779935,0.006969425827264786,,-0.002178703,0.014811862260103226,,2725.6829829238127,23591.23674760276,2,SC4,34.563045501708984,茅栗、白栎灌丛,108.4431063,29.49131488
766,16.557666778564453,6.219888210296631,339.5907859802246,7.601062774658203,0.0005842142272740602,0.005444761831313372,,-0.006582642,0.01616813614964485,,494.1274447540324,15814.413142670612,7,SC4,17.93716049194336,茅栗、白栎灌丛,108.5465837,29.48971148
767,11.034987449645996,9.623157501220703,217.37033081054688,4.957449913024902,0.0004235919041093439,0.000554791884496808,,0.01914595067501068,0.019074473530054092,,72.57562146588124,12691.483061381494,7,SC4,11.635797500610352,茅栗、白栎灌丛,108.5835892,29.48875106
768,25.864530563354492,7.4349684715271,155.0336151123047,12.163896560668945,0.002673595678061247,0.00653956551104784,,0.007831024937331676,0.014430446550250053,,3346.3826246383906,24328.1757841113,2,SC4,32.805694580078125,茅栗、白栎灌丛,108.4312532,29.49177102
769,26.794950485229492,12.565800666809082,238.502685546875,13.639745712280273,-0.002440785,0.005867051426321268,,-0.011045733,0.03357105702161789,,2624.298322423181,23484.616719851798,2,SC4,40.84590148925781,茅栗、白栎灌丛,108.4449812,29.4913194
770,21.628063201904297,9.869452476501465,355.91255378723145,10.430154800415039,-0.003034237,0.005819834768772125,,-0.000489818,0.011934654787182808,,2520.2759413123244,23359.774322085133,2,SC4,33.9158935546875,茅栗、白栎灌丛,108.4474626,29.4914894
771,12.471085548400879,5.941603660583496,327.18432998657227,6.166286945343018,-0.000712371,0.005048510618507862,,0.009042634628713131,0.017675604671239853,,673.0489826904834,16839.32175115883,7,SO1,10.938578605651855,茅栗、白栎灌丛,108.5339499,29.48931984
772,21.14240837097168,9.092978477478027,334.20758056640625,10.206254959106445,-0.000833915,0.007380827330052853,,0.019191354513168335,0.042891062796115875,,510.64248521669225,15712.345243343287,7,SC4,14.854410171508789,茅栗、白栎灌丛,108.5477814,29.48966324
773,20.801237106323242,8.617484092712402,210.60740661621094,9.678384780883789,0.0013501757057383657,0.004693577531725168,,0.0011710122926160693,0.04771147295832634,,691.2943400809877,15467.296182437332,2,SC4,27.90326499938965,茅栗、白栎灌丛,108.5499685,29.48855631
774,15.994528770446777,7.894721031188965,7.088951587677002,7.38539981842041,0.0015164163196459413,0.00569489598274231,,0.03665102273225784,0.14726972579956055,,715.4774081702509,15577.6577803118,7,SC4,21.144968032836914,茅栗、白栎灌丛,108.5481418,29.48784272
775,10.896111488342285,5.020921230316162,41.93562316894531,4.977199554443359,0.00024888309417292476,0.0028254608623683453,,0.033170636743307114,0.06853574514389038,,561.4386117939841,14780.564614439476,7,SC4,6.331947326660156,茅栗、白栎灌丛,108.558816,29.48936813
776,22.085153579711914,8.144856452941895,5.395221710205078,9.943684577941895,0.0004353040421847254,0.005993436556309462,,0.015540950000286102,0.022622182965278625,,634.8173754301376,14809.638057262891,7,SC4,15.980534553527832,茅栗、白栎灌丛,108.5579648,29.4886475
777,20.233251571655273,8.956398010253906,116.32105255126953,8.74864387512207,4.385763531900011e-05,0.0053336056880652905,,0.0016298877308145165,0.023505043238401413,,673.8450511649235,14716.536478655467,7,SC4,15.316943168640137,茅栗、白栎灌丛,108.5588827,29.48835216
778,46.39732360839844,8.251832962036133,230.46109008789062,26.916629791259766,-0.003455099,0.00591242453083396,,0.0013778728898614645,0.013829175382852554,,284.6854852603933,12354.982263380527,2,SC4,33.21745300292969,茅栗、白栎灌丛,108.5876325,29.48872737
779,26.14142417907715,10.95380687713623,20.879838943481445,13.001967430114746,0.0006479313015006483,0.006798864807933569,,-0.002483608,0.023908354341983795,,3815.956040666756,24835.24333851302,2,SC4,45.47467803955078,茅栗、白栎灌丛,108.4219123,29.4910019
780,20.518632888793945,9.260834693908691,251.87026977539062,9.427705764770508,0.001879461226053536,0.004675250966101885,,0.006978065241128206,0.021999234333634377,,3495.0296997639657,24601.193504021765,2,SC4,27.47121810913086,茅栗、白栎灌丛,108.4269255,29.49189122
781,12.211769104003906,6.955690860748291,354.4894437789917,5.778043746948242,0.00038931434391997755,0.00442836107686162,,-0.010337021,0.019699841737747192,,903.9824202888552,17352.49087629712,2,SO1,10.772896766662598,茅栗、白栎灌丛,108.527992,29.48965325
782,13.125075340270996,4.288858413696289,315.26139068603516,5.898022651672363,0.0009254458709619939,0.0029494566842913628,,-0.002866397,0.013185791671276093,,785.1154218226443,17061.56447616267,2,SO1,27.411951065063477,茅栗、白栎灌丛,108.5312364,29.48927228
783,9.874764442443848,10.071402549743652,88.3160171508789,4.974425792694092,-0.000637259,0.0015169200487434864,,0.03651416674256325,0.0886172354221344,,21.192053032780557,12747.091925093364,7,SC4,8.195216178894043,茅栗、白栎灌丛,108.5827143,29.4884574
784,17.711875915527344,10.428243637084961,28.88326644897461,8.486197471618652,-0.000802219,0.007013980764895678,,0.029351748526096344,0.12981683015823364,,36.985741553108205,12703.053892249616,7,SC4,26.740509033203125,茅栗、白栎灌丛,108.5826093,29.48754182
785,7.6574625968933105,5.850322723388672,249.61253356933594,4.122677803039551,-0.00100384,0.0014223692705854774,,0.06935951113700867,0.12173580378293991,,22.01834011775545,12649.173779356901,7,SC4,2.933368682861328,茅栗、白栎灌丛,108.5837823,29.48829436
786,31.69002342224121,13.550468444824219,220.81578063964844,17.080936431884766,-0.002715144,0.009087111800909042,,0.011641282588243484,0.013310249894857407,,89.74991028237373,12484.428157325001,7,SC4,50.912715911865234,茅栗、白栎灌丛,108.5856276,29.48808969
787,24.84395408630371,3.3501136302948,206.6553192138672,11.22127628326416,0.0031426013447344303,0.0014892596518620849,,-0.00017829,0.008427607826888561,,3529.392918381787,24749.271355530724,2,SC4,21.391887664794922,茅栗、白栎灌丛,108.4251458,29.49234431
788,26.338224411010742,8.093454360961914,29.354785919189453,12.841334342956543,0.0024676360189914703,0.0086739556863904,,-0.005204105,0.02174927107989788,,601.7397817639107,15780.197201935802,7,SC4,26.235265731811523,茅栗、白栎灌丛,108.5463123,29.48872623
789,11.941240310668945,5.792428493499756,278.0840377807617,5.027450084686279,5.450810931506567e-05,0.0022878453601151705,,0.008314796723425388,0.02169327810406685,,717.3779675815409,14386.406359668434,7,SC4,17.348918914794922,茅栗、白栎灌丛,108.5639545,29.48992072
790,12.898056983947754,8.89979362487793,231.49142456054688,6.14917516708374,-0.000232695,0.001957792090252042,,0.04241731017827988,0.10076408088207245,,9.356616931458861,12603.019141332228,7,SC4,9.518028259277344,茅栗、白栎灌丛,108.5842373,29.48814786
791,13.866005897521973,7.880928039550781,336.35065841674805,6.9835615158081055,0.0006073634722270072,0.004776638932526112,,0.032167281955480576,0.19093672931194305,,916.1555982245054,17298.999888480477,2,SO1,11.356383323669434,茅栗、白栎灌丛,108.5284425,29.48937283
792,19.903072357177734,9.626150131225586,318.14797592163086,9.423419952392578,0.001316677313297987,0.0035541837569326162,,-0.00213523,0.03699340298771858,,793.194110559046,14911.087088805572,2,SC4,31.51637840270996,茅栗、白栎灌丛,108.5559047,29.48744327
793,21.607074737548828,8.947037696838379,351.72962951660156,10.21247386932373,0.0036886371672153473,0.004416695795953274,,0.014001899398863316,0.040215153247117996,,675.3560623397277,14877.200837847402,2,SC4,18.78000259399414,茅栗、白栎灌丛,108.5569394,29.48834454
794,15.076240539550781,6.8214569091796875,56.36514663696289,6.808640956878662,9.311993198934942e-05,0.0038687530905008316,,0.010298075154423714,0.02402849867939949,,645.3861032720293,14762.452664829423,7,SC4,9.100364685058594,茅栗、白栎灌丛,108.5584813,29.48857171
795,14.056251525878906,8.0416259765625,223.14942932128906,6.605992794036865,-0.000533079,0.0022064046934247017,,0.1328035295009613,0.5452446937561035,,843.8758519823392,14348.332702095544,7,SC4,8.296802520751953,茅栗、白栎灌丛,108.5633855,29.48844028
796,13.747079849243164,8.343839645385742,42.20414733886719,6.506538391113281,0.0008720687474124134,0.00327929831109941,,0.014658794738352299,0.5313997864723206,,962.2207819338645,14264.251362880545,7,SC4,16.24727439880371,茅栗、白栎灌丛,108.5635516,29.48721918
797,9.58325481414795,7.93635892868042,200.47030639648438,4.912935733795166,-0.000817157,0.0028488747775554657,,0.03512613847851753,0.10316444933414459,,20.305540270409278,12547.80878492935,7,SC4,5.544308662414551,茅栗、白栎灌丛,108.5845249,29.48760319
798,28.280319213867188,8.533699989318848,334.4969673156738,13.827609062194824,0.00016488204710185528,0.006291982252150774,,-0.000772973,0.03151741251349449,,3736.5115861057247,25352.3720604804,2,SC4,64.77057647705078,茅栗、白栎灌丛,108.4147595,29.49177531
799,24.979223251342773,5.038718223571777,226.8185272216797,11.57165241241455,0.002352002542465925,0.0026153901126235723,,0.011018873192369938,0.020447662100195885,,3607.01796610446,24719.77196461025,2,SC4,14.92045783996582,茅栗、白栎灌丛,108.424767,29.49172762
800,10.75609016418457,8.509312629699707,277.3574219,5.022105693817139,-0.000444071,0.0035973459016531706,,0.03764606639742851,0.037682387977838516,,3437.7597777687806,24471.120629591765,7,SC4,8.440597534179688,茅栗、白栎灌丛,108.4288065,29.49171293
801,9.443982124328613,6.534876823425293,239.34999084472656,4.4763994216918945,-0.001433079,0.00314859370701015,,0.040716733783483505,0.03293948993086815,,3454.939544025853,24429.17152166527,7,SC4,3.5020406246185303,茅栗、白栎灌丛,108.429104,29.49143677
802,11.470443725585938,7.670776844024658,211.5497589111328,5.255222797393799,-0.001392563,0.003077110042795539,,0.03560306876897812,0.03352614864706993,,3444.5889777187285,24409.8695938759,7,SC4,5.823003768920898,茅栗、白栎灌丛,108.4294105,29.49142886
803,13.908951759338379,3.707056760787964,322.1400032043457,6.308459281921387,0.0006953412666916847,0.002531414618715644,,0.0016759558347985148,0.018471689894795418,,894.2553959940931,17180.799807997933,2,SO1,11.655197143554688,茅栗、白栎灌丛,108.5296593,29.48907204
804,24.501827239990234,8.155698776245117,3.978003978729248,11.246466636657715,0.001259557087905705,0.0047158789820969105,,0.0007204278954304755,0.019047511741518974,,574.6883709436245,15109.082135145401,2,SC4,30.284523010253906,茅栗、白栎灌丛,108.5549459,29.48950157
805,17.513002395629883,6.902176380157471,251.53946685791016,8.217095375061035,-0.000969457,0.0033290693536400795,,-0.01694124,0.029284464195370674,,736.2332998790897,15233.185942271408,2,SC4,21.34113121032715,茅栗、白栎灌丛,108.5521942,29.48769487
806,13.18716812133789,8.342263221740723,88.39375305175781,6.735322952270508,0.0016250568442046642,0.00416399072855711,,0.008201610296964645,0.06484831869602203,,747.4633656663294,14745.753664331636,2,SC4,15.254237174987793,茅栗、白栎灌丛,108.5580301,29.48763198
807,22.560766220092773,9.571035385131836,219.1026611328125,10.749515533447266,6.721396493958309e-05,0.005820632912218571,,-0.000643408,0.01317170262336731,,708.0834494061886,13753.303635427115,2,SC4,51.910675048828125,茅栗、白栎灌丛,108.5697608,29.48728479
808,22.310359954833984,13.397811889648438,343.23081398010254,13.076884269714355,0.006184716243296862,0.0060594649985432625,,-0.008273954,0.1421254575252533,,3477.1779272533026,25560.279656835566,2,SC4,15.871578216552734,茅栗、白栎灌丛,108.411393,29.49169131
809,27.199125289916992,9.063617706298828,112.22286987304688,13.07606029510498,0.002047846559435129,0.0053556510247290134,,0.006145683117210865,0.020425178110599518,,3985.416858485833,25106.53961607493,2,SC4,32.080902099609375,茅栗、白栎灌丛,108.4167615,29.49036154
810,20.48549461364746,9.364624977111816,115.90023040771484,9.708498001098633,-0.001434887,0.005054769106209278,,0.02606322057545185,0.03784365952014923,,3997.7778068527455,25135.705268830017,2,SC4,10.327488899230957,茅栗、白栎灌丛,108.4177521,29.49146078
811,15.497271537780762,6.158697605133057,38.931297302246094,7.539429664611816,0.0004782034084200859,0.004271416459232569,,0.04516792669892311,0.05545388534665108,,3673.988866161066,24706.862691913433,7,SC4,7.670638561248779,茅栗、白栎灌丛,108.42432,29.49125332
812,20.733783721923828,6.808014869689941,206.25514221191406,9.784078598022461,-0.002172338,0.00418519414961338,,0.02156279981136322,0.03901922330260277,,3635.8594883532714,24659.590601898504,7,SC4,14.25352954864502,茅栗、白栎灌丛,108.4251096,29.49127132
813,19.975038528442383,8.311717987060547,113.8360824584961,9.307796478271484,0.0015995170688256621,0.003200248582288623,,0.00521173607558012,0.027795838192105293,,3624.4884984857017,24416.05780307141,2,SC4,32.9361457824707,茅栗、白栎灌丛,108.4277054,29.49029372
814,14.12027359008789,9.43251895904541,164.55865478515625,6.5071563720703125,-0.000513996,0.004341705236583948,,0.029475077986717224,0.03493448346853256,,3467.494833832781,24377.570843690537,2,SC4,11.048628807067871,茅栗、白栎灌丛,108.4295548,29.49115666
815,19.330677032470703,7.083907127380371,96.80664825439453,9.079684257507324,0.00016473962750751525,0.0050850738771259785,,-0.002067435,0.016895702108740807,,3243.917811456167,24043.227082344016,2,SC4,44.59068298339844,茅栗、白栎灌丛,108.434325,29.49061463
816,10.506221771240234,4.742186069488525,305.6440238952637,5.106180191040039,0.002826547482982278,0.0034997400362044573,,-0.004409696,0.030695272609591484,,2516.752318695817,23370.112953368807,2,SC4,6.988412380218506,茅栗、白栎灌丛,108.4463921,29.49093578
817,24.41753387451172,11.252364158630371,284.41697692871094,11.991795539855957,-0.000992295,0.0073504140600562096,,-0.002601511,0.029867025092244148,,725.5533811537235,15806.035699395867,7,SC4,31.349613189697266,茅栗、白栎灌丛,108.5452489,29.48764354
818,29.376012802124023,12.25207233428955,204.8671417236328,15.04973316192627,0.0011493975762277842,0.0075339945033192635,,0.0012626596726477146,0.01851797103881836,,752.1165504379906,13513.20355322754,2,SC4,102.36669921875,茅栗、白栎灌丛,108.5720923,29.48647163
819,20.068212509155273,13.540275573730469,292.0224151611328,9.8294677734375,0.003171029035001993,0.0028564000967890024,,-0.126027808,0.4376332461833954,,3443.349535383467,25578.519220287093,2,SC4,15.374543190002441,茅栗、白栎灌丛,108.410692,29.49137371
820,24.32961654663086,8.586803436279297,321.00074768066406,11.48559856414795,0.0004077652411069721,0.004573946353048086,,-0.014121018,0.12677910923957825,,3563.912188754795,25458.898255337528,2,SC4,56.86232376098633,茅栗、白栎灌丛,108.4116386,29.49066477
821,23.034521102905273,8.856592178344727,134.9117431640625,10.934618949890137,-0.000436247,0.005804492626339197,,-0.000777885,0.018064044415950775,,4244.946777728071,24770.49280020541,2,SC4,50.59092330932617,茅栗、白栎灌丛,108.4189895,29.48804037
822,19.53928565979004,6.760934352874756,176.41322326660156,9.351658821105957,-0.002330529,0.0038502232637256384,,0.025252267718315125,0.04462394490838051,,3662.596976070057,24637.209239823664,7,SC4,13.555017471313477,茅栗、白栎灌丛,108.4251006,29.49100307
823,23.566652297973633,10.19587230682373,67.35304260253906,11.529431343078613,0.00016910536214709282,0.005803285166621208,,0.0038335903082042933,0.0391608327627182,,3343.9727879765696,24055.168504063495,2,SC4,45.17694091796875,茅栗、白栎灌丛,108.4312003,29.48858323
824,23.078208923339844,8.348690032958984,182.5935516357422,10.767939567565918,0.000757441099267453,0.0037794364616274834,,0.000477828667499125,0.01571263000369072,,3302.597218966508,24059.918741972113,2,SC4,52.11753463745117,茅栗、白栎灌丛,108.4326019,29.48961924
825,13.852330207824707,6.052232265472412,0.9395699501037598,6.2813849449157715,-0.001291201,0.003905578749254346,,0.008619945496320724,0.04103429242968559,,832.017854767388,16960.379489764393,2,SO1,17.255165100097656,茅栗、白栎灌丛,108.5318963,29.48846493
826,15.320243835449219,6.957239627838135,114.1512680053711,7.055627822875977,0.001358188921585679,0.004422128666192293,,0.0038099423982203007,0.029252812266349792,,752.0195836431247,16595.01422281181,2,SO1,16.621740341186523,茅栗、白栎灌丛,108.5362561,29.48839745
827,14.204943656921387,6.619266510009766,190.02723693847656,6.597273826599121,0.0002199285227106884,0.003961995244026184,,0.01558777503669262,0.025454092770814896,,799.0194626000687,16774.433924935965,2,SO1,9.360339164733887,茅栗、白栎灌丛,108.5339227,29.48815333
828,20.10970115661621,10.347129821777344,238.7386474609375,9.78226089477539,-0.001048886,0.006340042222291231,,-0.008439941,0.013627244159579277,,795.6830403506426,15138.948697466254,2,SC4,22.45431137084961,茅栗、白栎灌丛,108.5529473,29.4871426
829,13.039151191711426,7.6814799308776855,339.6047668457031,6.384271621704102,0.0007787944632582366,0.00443238765001297,,-0.001063096,0.038234494626522064,,810.659780430755,14546.749989954069,7,SC4,13.399614334106445,茅栗、白栎灌丛,108.5602293,29.48734221
830,21.31570816040039,10.245650291442871,50.018489837646484,10.161866188049316,0.001183572574518621,0.006067323498427868,,-0.003549454,0.013929895125329494,,3870.4582924122706,24692.356644997315,2,SC4,46.948997497558594,茅栗、白栎灌丛,108.4227975,29.48996932
831,21.24421501159668,11.059066772460938,171.45741271972656,11.002320289611816,0.0009820520645007491,0.005301022902131081,,0.0337819866836071,0.054098647087812424,,3778.49644671447,24533.858348570804,2,SC4,19.158967971801758,茅栗、白栎灌丛,108.4251314,29.48981477
832,24.17453384399414,6.58860969543457,17.004064559936523,11.214791297912598,-0.000173474,0.00398983946070075,,-0.000585821,0.02166946418583393,,3969.67082476108,24588.871773471397,2,SC4,62.603599548339844,茅栗、白栎灌丛,108.4229576,29.48886571
833,15.415699005126953,7.75510311126709,99.81620788574219,7.522815704345703,-0.002301111,0.0029328318778425455,,0.03745196759700775,0.04278494790196419,,827.0922698217254,16799.16826194912,2,SO1,6.4490814208984375,茅栗、白栎灌丛,108.5335078,29.48798539
834,18.822675704956055,6.878536224365234,157.28463745117188,9.242508888244629,-0.001838268,0.004485378507524729,,0.019393859431147575,0.04598935693502426,,3676.56081978289,24595.21930590039,7,SC4,18.679506301879883,茅栗、白栎灌丛,108.4253981,29.49072692
835,22.48666000366211,8.918285369873047,304.1448554992676,10.717529296875,0.001459325896576047,0.005490714218467474,,0.003163651330396533,0.019432347267866135,,2649.5773598269543,23512.67736283123,2,SC4,31.72075653076172,茅栗、白栎灌丛,108.4422873,29.48990588
836,12.311042785644531,3.7638487815856934,306.3642272949219,5.426814556121826,0.0010182419791817665,0.002231768099591136,,0.005395278334617615,0.016705162823200226,,812.5011931255734,15587.140862689812,7,SC4,8.709135055541992,茅栗、白栎灌丛,108.5473554,29.48687494
837,18.63439178466797,9.521878242492676,243.8690185546875,8.896516799926758,-0.000154589,0.004761537071317434,,-0.00563881,0.03237126022577286,,871.8754213362166,16483.44213639525,2,SC4,20.12157440185547,茅栗、白栎灌丛,108.5368827,29.48736159
838,18.994579315185547,10.717342376708984,89.8827133178711,9.648285865783691,0.001351720653474331,0.004692357499152422,,-0.030278787,0.04548661783337593,,936.1958612116387,16264.53759726364,2,SC4,10.250495910644531,茅栗、白栎灌丛,108.539412,29.48720182
839,30.04714584350586,7.619129657745361,31.862802505493164,15.217733383178711,-0.000857999,0.010748104192316532,,0.004161551129072905,0.015935812145471573,,287.31716822433197,12844.162546942938,2,SC4,19.029176712036133,茅栗、白栎灌丛,108.5801914,29.48651197
840,6.6537322998046875,5.131906032562256,349.43248081207275,3.226177215576172,8.524764416506514e-05,0.0014421563828364015,,0.039090823382139206,0.054916463792324066,,1009.4399969717863,14101.60252367251,7,SC4,5.0978803634643555,茅栗、白栎灌丛,108.5648428,29.48625351
841,9.86595344543457,6.716158390045166,212.32437133789062,4.601010322570801,-0.00062301,0.003094729967415333,,0.02822311781346798,0.042698439210653305,,970.4725066329033,13974.684119705344,7,SC4,9.703625679016113,茅栗、白栎灌丛,108.5663051,29.48615461
842,21.235815048217773,6.755198001861572,173.6762237548828,8.969998359680176,0.0005036207148805261,0.005995215382426977,,-0.007992226,0.04588640108704567,,814.3245622949383,13905.027018219915,2,SC4,22.85584259033203,茅栗、白栎灌丛,108.5677777,29.48706489
843,29.307071685791016,10.592418670654297,349.365195274353,14.362001419067383,0.0013678967952728271,0.008155873976647854,,0.0067731281742453575,0.021554188802838326,,3856.737452344488,25166.60517609884,2,SC4,40.74134063720703,茅栗、白栎灌丛,108.4138877,29.48888369
844,24.29927635192871,8.231902122497559,50.43031311035156,11.621564865112305,-0.004686612,0.003924637567251921,,0.010763821192085743,0.011240765452384949,,3894.9086553500324,25165.970343570898,2,SC4,14.358097076416016,茅栗、白栎灌丛,108.4152455,29.48991434
845,26.807945251464844,8.580509185791016,116.20529174804688,12.668998718261719,-0.001248276,0.006912249140441418,,0.0061425925232470036,0.048102427273988724,,3990.6304870793856,25046.727976411374,2,SC4,27.215187072753906,茅栗、白栎灌丛,108.4153074,29.48853349
846,22.91558074951172,1.8278899192810059,142.80282592773438,10.432127952575684,0.004139516036957502,0.002153104869648814,,0.0007160624372772872,0.004383046645671129,,3718.870905803715,24510.320725100777,2,SC4,13.908160209655762,茅栗、白栎灌丛,108.425888,29.49008784
847,22.985145568847656,7.689781188964844,207.11395263671875,10.787548065185547,0.00020224772742949426,0.0040397560223937035,,-0.000649105,0.0200144462287426,,3619.448570713873,24253.211136676444,2,SC4,42.8498649597168,茅栗、白栎灌丛,108.4276282,29.48833802
848,18.84792709350586,9.374743461608887,2.3534579277038574,8.415801048278809,0.002463070908561349,0.0030265839304775,,-0.006225175,0.015574425458908081,,827.7339157104303,15827.627971648957,7,SC4,33.55131912231445,茅栗、白栎灌丛,108.5444185,29.48682275
849,7.476117134094238,4.039855003356934,49.3488883972168,2.867685317993164,0.0006139066535979509,0.002310883952304721,,-0.008494277,0.04948277026414871,,3326.7502695551416,25629.356841940502,2,SC4,3.13854718208313,茅栗、白栎灌丛,108.4078198,29.48978617
850,14.996614456176758,8.379679679870605,269.10374450683594,7.656740665435791,0.002132073510438204,0.006339631509035826,,-8.66E-05,0.03859146684408188,,844.2317198563942,15494.55731479009,2,SC4,9.025556564331055,茅栗、白栎灌丛,108.5483472,29.48669505
851,26.02012062072754,8.607071876525879,33.041324615478516,12.546208381652832,-0.000170405,0.006975314114242792,,-0.003885682,0.019298091530799866,,3648.382170917243,25361.292343892146,2,SC4,54.379642486572266,茅栗、白栎灌丛,108.4119098,29.48970307
852,28.375743865966797,9.18177604675293,302.18829345703125,13.666958808898926,0.001247634761966765,0.008693965151906013,,0.0008280470501631498,0.024463923647999763,,3597.3598712626463,25361.32006860057,2,SC4,42.3778190612793,茅栗、白栎灌丛,108.4099341,29.48819262
853,19.94658660888672,8.554344177246094,46.780784606933594,9.43557357788086,0.0015584630891680717,0.005544083658605814,,-0.001397205,0.038661710917949677,,4210.176169463196,24817.877374021955,2,SC4,52.07540512084961,茅栗、白栎灌丛,108.4167179,29.48687102
854,23.05788803100586,10.067864418029785,233.38944244384766,11.418013572692871,-0.001369965,0.006664535030722618,,-0.003707079,0.026712922379374504,,3279.0092769124594,25654.88224843468,2,SC4,29.471208572387695,茅栗、白栎灌丛,108.4064912,29.48907586
855,23.52801513671875,9.183022499084473,26.660966873168945,11.219745635986328,0.001160752377472818,0.006463761441409588,,-0.00547927,0.030622512102127075,,3942.8790321435417,24402.02338951025,2,SC4,64.17869567871094,茅栗、白栎灌丛,108.4226869,29.4864469
856,22.645206451416016,10.39054012298584,78.6578598022461,10.924155235290527,-0.000491311,0.006211002357304096,,0.007510380353778601,0.01514468714594841,,3609.5340232147073,24192.73505676465,2,SC4,25.64165496826172,茅栗、白栎灌丛,108.4269438,29.48713152
857,28.471172332763672,8.052237510681152,122.51136016845703,13.240677833557129,0.002358656842261553,0.005224307999014854,,0.005671628285199404,0.019184280186891556,,3315.26013744511,25608.639004548735,2,SC4,29.29963493347168,茅栗、白栎灌丛,108.4061594,29.48826818
858,27.130674362182617,4.7112836837768555,242.14684295654297,12.624089241027832,0.0006241825176402926,0.002699130680412054,,-0.000639919,0.0067399111576378345,,3219.0876935472593,25687.45338551634,2,SC4,40.052978515625,茅栗、白栎灌丛,108.4031701,29.4869234
859,21.627283096313477,8.508885383605957,280.9255905151367,9.983264923095703,5.3364976338343695e-05,0.004163489677011967,,0.004850320518016815,0.01964869350194931,,3392.4237168487084,25514.53806926377,2,SC4,73.77913665771484,茅栗、白栎灌丛,108.4037117,29.48526574
860,22.912460327148438,9.150720596313477,233.14308166503906,11.038832664489746,0.003677094355225563,0.004686403553932905,,-0.0079604,0.011603864841163158,,3127.915844460762,25780.501207433867,2,SC4,16.770456314086914,茅栗、白栎灌丛,108.4032176,29.48807508
861,24.87941551208496,9.694884300231934,81.61004638671875,12.246529579162598,-0.002616735,0.006972179282456636,,0.019827289506793022,0.06400418281555176,,3900.867238706581,25090.952773477282,7,SC4,15.158921241760254,茅栗、白栎灌丛,108.4133251,29.48754735
862,26.826805114746094,7.6447625160217285,5.757864475250244,12.758262634277344,0.0010501634096726775,0.005645111668854952,,0.00011774530139518902,0.011404188349843025,,3985.5340177737075,24486.965406754825,2,SC4,52.557525634765625,茅栗、白栎灌丛,108.4228124,29.48755059
863,26.637069702148438,7.5273118019104,236.0673828,12.819696426391602,0.0024957337882369757,0.004625290632247925,,-0.003841206,0.01141447201371193,,3128.271979382804,25778.939144434153,2,SC4,22.61982536315918,茅栗、白栎灌丛,108.4029021,29.48781467
864,21.30442237854004,11.004487991333008,222.4293212890625,10.148737907409668,0.0006930591189302504,0.004152643494307995,,0.0036246832460165024,0.01088379230350256,,3510.387629390648,25396.24795251463,2,SC4,92.38476563,茅栗、白栎灌丛,108.4046945,29.48460069
865,20.4678955078125,8.242215156555176,57.152286529541016,9.674849510192871,0.0005177708226256073,0.005371804814785719,,0.0013529867865145206,0.022044535726308823,,4044.349461323443,24907.21525276447,2,SC4,36.862937927246094,茅栗、白栎灌丛,108.412951,29.48506055
866,23.826045989990234,9.298808097839355,74.43534851074219,11.55910587310791,0.0009676769841462374,0.005858786404132843,,0.012033412232995033,0.028269529342651367,,3804.593991785064,25148.422959710144,7,SC4,28.835601806640625,茅栗、白栎灌丛,108.4112447,29.48664481
867,18.0316162109375,5.8346734046936035,113.18445587158203,8.154014587402344,-0.0009123,0.004082121420651674,,-0.001795727,0.011462494730949402,,4110.781816534881,24863.504113321636,2,SC4,27.690460205078125,茅栗、白栎灌丛,108.4143421,29.48560084
868,21.974985122680664,8.631402969360352,239.1906509399414,10.226903915405273,0.0007211544434539974,0.0038074799813330173,,0.0015095402486622334,0.02616254985332489,,3691.4705867331813,25220.20772037854,2,SC4,73.58405303955078,茅栗、白栎灌丛,108.4076853,29.48478144
869,25.162202835083008,3.7765021324157715,259.3726043701172,11.483888626098633,0.0016014865832403302,0.0030177198350429535,,-0.002771989,0.005454816855490208,,3297.454726717023,25609.166649594135,2,SC4,19.61830711364746,茅栗、白栎灌丛,108.4037769,29.48644985
870,20.933124542236328,6.710922718048096,268.38604736328125,9.62126636505127,-0.000568257,0.0030658531468361616,,0.0017323675565421581,0.011596889235079288,,3192.188717045565,25718.798194517603,2,SC4,54.87504196166992,茅栗、白栎灌丛,108.400316,29.48523764
871,19.07921600341797,4.605250358581543,257.3443374633789,8.624482154846191,0.0001570591703057289,0.0028638991061598063,,-0.002823013,0.01087628398090601,,3165.174634980818,25762.874470133647,2,SC4,29.96766471862793,茅栗、白栎灌丛,108.3983548,29.48438363
872,23.128780364990234,4.363395690917969,233.82994842529297,10.58411693572998,4.149985034018755e-05,0.002810441656038165,,0.0010113539174199104,0.004767443984746933,,3319.222079603285,25589.548199611494,2,SC4,30.06472396850586,茅栗、白栎灌丛,108.4026275,29.48533823
873,25.206546783447266,4.971278190612793,307.2041664123535,11.616096496582031,-0.001776795,0.003267715685069561,,0.0015689427964389324,0.010225515812635422,,3080.3399200599747,25860.16678022762,2,SC4,43.743324279785156,茅栗、白栎灌丛,108.3970413,29.48458621
874,23.29999351501465,9.12507152557373,296.31689834594727,11.031023979187012,0.0008205559570342302,0.003531714668497443,,0.010671255178749561,0.04954536631703377,,3146.073248287533,25822.654556376914,2,SC4,52.5846061706543,茅栗、白栎灌丛,108.396001,29.48341286
875,21.11977195739746,4.888035297393799,238.31178283691406,9.595797538757324,0.0006155184819363058,0.002567595336586237,,0.0034203340765088797,0.005161363165825605,,3328.9891271384627,25579.41905708939,2,SC4,16.730741500854492,茅栗、白栎灌丛,108.4025058,29.48513999
876,16.156410217285156,4.208794593811035,226.94027709960938,7.824991703033447,0.0032603247091174126,0.0037452024407684803,,-0.000500935,0.009671332314610481,,3385.701037420224,25522.507383215063,2,SC4,16.410884857177734,茅栗、白栎灌丛,108.4025184,29.48449829
877,18.295053482055664,2.757960319519043,204.52603149414062,8.116493225097656,-0.00047551,0.0033145511988550425,,-0.001804537,0.007103531621396542,,3322.3536831757333,25587.649496241247,2,SC4,7.852599143981934,茅栗、白栎灌丛,108.4013315,29.48443172
878,16.591264724731445,3.430114269256592,232.2513885498047,7.7127861976623535,0.0010120152728632092,0.002719923621043563,,-0.000621077,0.008385373279452324,,3355.803429551394,25552.506841685386,7,SC4,11.202247619628906,茅栗、白栎灌丛,108.4021813,29.48461133
879,17.551515579223633,4.869262218475342,229.99066162109375,8.034950256347656,0.001078001456335187,0.0030146127101033926,,-0.003036636,0.008474894799292088,,3360.354521460681,25548.614130204172,2,SC4,12.592708587646484,茅栗、白栎灌丛,108.4018658,29.48435092
880,20.564485549926758,9.509784698486328,243.02096557617188,9.864953994750977,3.992506390204653e-05,0.006239621434360743,,0.003713823389261961,0.021654946729540825,,4040.126850853495,24866.49653409323,2,SC4,90.87645721435547,茅栗、白栎灌丛,108.4088479,29.48143253
881,18.558683395385742,4.927399158477783,245.41864013671875,8.28585433959961,-0.002096416,0.0030074624810367823,,0.002361675025895238,0.008619681932032108,,3305.601889563606,25605.77579008378,2,SC4,13.388254165649414,茅栗、白栎灌丛,108.4009461,29.48437446
882,19.206584930419922,9.041889190673828,132.22061157226562,8.913843154907227,-0.000352371,0.0031129824928939342,,0.0035890715662389994,0.027216773480176926,,3466.9086546396434,25461.764358886412,7,SC4,31.76730728149414,茅栗、白栎灌丛,108.4001096,29.48213429
883,20.927400588989258,10.287959098815918,312.31528091430664,10.925236701965332,-0.000278084,0.010179094970226288,,-0.004892728,0.04123895242810249,,4264.159320047595,24683.392811435777,2,SC4,15.858028411865234,茅栗、白栎灌丛,108.4143787,29.48347157
884,11.534231185913086,4.391790866851807,318.32286834716797,5.269530296325684,0.001582443481311202,0.0015344724524766207,,-0.013856193,0.010692249052226543,,2872.002134678908,26286.49674351209,2,SO1,6.446191787719727,茅栗、白栎灌丛,108.3888015,29.48361076
885,25.38180923461914,6.853926181793213,281.07220458984375,11.944226264953613,-7.28E-06,0.004315005615353584,,0.0007558603538200259,0.014220360666513443,,2992.5303441964984,26044.30485481023,2,SC4,47.24030685424805,茅栗、白栎灌丛,108.3926597,29.48359493
886,18.511188507080078,5.670337677001953,234.9726563,8.449484825134277,0.0011091119376942515,0.003238275647163391,,0.0033579643350094557,0.013005676679313183,,3389.0115253062845,25521.946895112684,2,SC4,16.857032775878906,茅栗、白栎灌丛,108.4015413,29.48382226
887,17.67229461669922,8.029570579528809,270.997314453125,8.002201080322266,0.0005481005646288395,0.0019887660164386034,,0.005478663370013237,0.020518658682703972,,3132.9185468842406,26092.346838587287,2,SO1,51.52680587768555,茅栗、白栎灌丛,108.3885717,29.48113348
888,21.78017807006836,3.989260196685791,301.27281951904297,9.764419555664062,0.002923419699072838,0.0019296054961159825,,-0.003111231,0.008702948689460754,,2941.9397131682654,26212.4063501676,2,SO1,16.99123764038086,茅栗、白栎灌丛,108.3892435,29.48306252
889,21.07413673400879,6.413057804107666,119.72081756591797,9.603179931640625,0.0010036283638328314,0.0028127816040068865,,0.00222911243326962,0.012241145595908165,,3530.33125883646,25445.40522353735,7,SC4,63.54705810546875,茅栗、白栎灌丛,108.3978782,29.48036097
890,20.71106719970703,7.310375690460205,299.03284072875977,9.56180191040039,-0.000286194,0.003491889452561736,,0.0024255658499896526,0.01657279208302498,,3028.6656895925144,26375.884664782832,2,SO1,42.11686706542969,茅栗、白栎灌丛,108.384443,29.48137531
891,23.99331283569336,8.738044738769531,351.05491065979004,11.437047958374023,0.0007858658209443092,0.0053129661828279495,,0.003955686464905739,0.016913052648305893,,3102.143395297975,25985.048935730505,2,SO1,41.771488189697266,茅栗、白栎灌丛,108.3917642,29.48224281
892,23.25225257873535,9.227728843688965,273.0741424560547,11.024040222167969,0.0011537594255059958,0.0038705533370375633,,0.009887383319437504,0.021126639097929,,3208.6478080200263,25792.403952156776,2,SC4,20.916461944580078,茅栗、白栎灌丛,108.39505,29.48237734
893,10.642234802246094,8.740608215332031,272.46898651123047,5.082056999206543,0.0008676873985677958,0.002353997901082039,,0.04591268673539162,0.04586935043334961,,3235.01531355319,25794.63697645951,7,SC4,7.0833330154418945,茅栗、白栎灌丛,108.3941975,29.48178544
894,18.137569427490234,6.268093109130859,61.25676727294922,8.313843727111816,0.0009722346439957619,0.00286987260915339,,0.0036606446374207735,0.032331958413124084,,3650.1098862431777,25284.933164921094,2,SC4,45.582950592041016,茅栗、白栎灌丛,108.4007464,29.48053622
895,8.611467361450195,7.021894454956055,185.87918090820312,4.054854869842529,-0.001483326,0.0021861703135073185,,0.07263755053281784,0.2103075087070465,,3650.749736731122,25263.02144456303,7,SC4,3.8108980655670166,茅栗、白栎灌丛,108.4026957,29.48164484
896,17.908954620361328,6.725594520568848,43.281005859375,8.240191459655762,0.0007549395086243749,0.0031027633231133223,,0.010468420572578907,0.01868966408073902,,3778.0819875505626,25141.445707766845,2,SC4,28.59187126159668,茅栗、白栎灌丛,108.4027863,29.480308
897,19.982755661010742,10.429590225219727,220.8498077392578,9.645581245422363,-0.000934237,0.004460809752345085,,-0.003981399,0.013587560504674911,,2759.5387914454864,27328.080092752294,2,SO1,75.20924377441406,茅栗、白栎灌丛,108.3700616,29.48164064
898,10.201436996459961,8.136504173278809,260.8627014160156,4.873823642730713,4.021612403448671e-05,0.002407201798632741,,0.07783559709787369,0.08908246457576752,,3278.1271726712025,25747.01223279705,7,SC4,6.2590107917785645,茅栗、白栎灌丛,108.3945827,29.48150712
899,21.053274154663086,7.5184431076049805,110.99507904052734,9.51333236694336,-0.001374418,0.0033410214819014072,,0.026126213371753693,0.03410962596535683,,3331.560391479221,25694.198823623003,7,SC4,8.73383617401123,茅栗、白栎灌丛,108.3948535,29.48108469
900,13.059525489807129,10.48323917388916,287.1109313964844,6.3697123527526855,0.0019626475404947996,0.0026795435696840286,,-0.031717949,0.033299870789051056,,2912.8184034293804,26975.768899079947,2,SO1,9.735270500183105,茅栗、白栎灌丛,108.3757017,29.48179626
901,21.232378005981445,6.8693528175354,255.92259216308594,9.781099319458008,0.0007853383431211114,0.002812560647726059,,0.004189786966890097,0.0267599169164896,,3165.576832559204,26887.672989396295,2,SO1,62.06467056274414,茅栗、白栎灌丛,108.3736923,29.4791543
902,15.392715454101562,12.16671371459961,356.9256913661957,7.5140180587768555,-0.00173106,0.0027924031019210815,,0.0798800140619278,0.09155628085136414,,3259.171401414594,25800.711844446967,11,SO1,6.482098579406738,茅栗、白栎灌丛,108.3933763,29.48125666
903,11.392888069152832,8.564288139343262,85.89859008789062,5.36216402053833,-0.000594527,0.0036425681319087744,,0.059467900544404984,0.0727294459939003,,3293.082263252411,25759.526628885327,7,SC4,7.9336161613464355,茅栗、白栎灌丛,108.3937791,29.48106738
904,12.044321060180664,9.462292671203613,113.06503295898438,5.6764750480651855,-0.000241323,0.0036040619015693665,,0.05925929918885231,0.075115866959095,,3305.0803780166752,25739.775131979193,7,SC4,10.13992977142334,茅栗、白栎灌丛,108.3940856,29.48105955
905,22.734037399291992,6.308211803436279,190.58535766601562,10.454827308654785,0.0008348568226210773,0.0034950512927025557,,0.00041066762059926987,0.011044769547879696,,3885.8057948715364,25021.4313355231,2,SC4,68.94713592529297,茅栗、白栎灌丛,108.4081161,29.48272903
906,24.32008171081543,6.276198863983154,284.1602020263672,11.358065605163574,-0.000828896,0.004500583745539188,,-0.002146111,0.011541590094566345,,3065.2952458204772,26625.54935086981,2,SC4,44.58480453491211,茅栗、白栎灌丛,108.3793615,29.48042465
907,17.55170249938965,6.9959845542907715,316.4368019104004,8.183061599731445,0.0005043300334364176,0.0035795941948890686,,0.0010821777395904064,0.01871930994093418,,3225.4259992958478,25896.45253135605,7,SO1,35.769954681396484,茅栗、白栎灌丛,108.3914752,29.48098269
908,22.164621353149414,8.172380447387695,119.74169158935547,10.308404922485352,3.1740815757075325e-05,0.0043001119047403336,,0.006275425665080547,0.014989468269050121,,3453.0245974749582,25631.16377288523,2,SC4,33.4461784362793,茅栗、白栎灌丛,108.3936911,29.4794897
909,20.709999084472656,6.164953708648682,121.1913070678711,9.460865020751953,6.0281305195530877e-05,0.005971458274871111,,0.005297204479575157,0.014373261481523514,,3394.7105214456587,25648.86194103058,7,SC4,20.787656784057617,茅栗、白栎灌丛,108.3946106,29.48037493
910,31.56913185119629,12.867965698242188,237.44676971435547,16.67617416381836,0.002049968810752034,0.008979503996670246,,-0.002328048,0.019197477027773857,,2640.534209842337,27511.6588204784,2,SO1,44.17332077026367,茅栗、白栎灌丛,108.367083,29.48152826
911,20.769622802734375,7.841085433959961,118.37136840820312,9.38393783569336,-0.004099612,0.004173687193542719,,0.0018392109777778387,0.013337193056941032,,3418.7026156567385,25603.690699453313,7,SC4,14.633379936218262,茅栗、白栎灌丛,108.395446,29.48045428
912,8.55262565612793,5.3814592361450195,156.03529357910156,4.130324363708496,-0.000600995,0.0016873643035069108,,0.03429398685693741,0.03102867305278778,,3835.343326055793,25076.225407500682,7,SC4,4.158647537231445,茅栗、白栎灌丛,108.4041925,29.48053257
913,9.364420890808105,6.240622520446777,102.88526153564453,4.475823402404785,-0.000253363,0.0031406073831021786,,0.02805228717625141,0.030729521065950394,,3859.04029703701,25053.414430792473,7,SC4,5.685024738311768,茅栗、白栎灌丛,108.4041835,29.48026432
914,8.02841567993164,3.876352310180664,117.45640563964844,4.127418518066406,0.0013385798083618283,0.004049193114042282,,0.006586143746972084,0.06863655149936676,,3906.7928620201596,25008.66889585492,2,SC4,7.604301929473877,茅栗、白栎灌丛,108.4040403,29.47965048
915,12.0966215133667,9.932944297790527,322.75069427490234,6.252171039581299,0.001485091750510037,0.005031117703765631,,0.005363174714148045,0.12332554161548615,,3975.65967475769,24937.657042977324,2,SC4,10.500968933105469,茅栗、白栎灌丛,108.4047661,29.47933656
916,22.253089904785156,10.823578834533691,343.81395721435547,11.458965301513672,-0.004333176,0.007781472522765398,,0.009325308725237846,0.016266081482172012,,2641.8830240842963,27555.488260049824,2,SO1,19.663406372070312,茅栗、白栎灌丛,108.3657348,29.48100194
917,17.797731399536133,8.444477081298828,140.51747131347656,8.640748977661133,-0.002883157,0.005171108525246382,,0.02190571278333664,0.02841201238334179,,2745.700873169192,27443.375310426538,2,SO1,11.452713966369629,茅栗、白栎灌丛,108.3665496,29.48028323
918,19.446670532226562,7.976913928985596,245.11548614501953,9.024216651916504,-0.000384213,0.0026181302964687347,,0.006932527292519808,0.013882742263376713,,3106.7361865375296,26234.70973509195,2,SO1,31.1570987701416,茅栗、白栎灌丛,108.386066,29.48092852
919,29.03765296936035,10.991539001464844,17.407297134399414,14.929473876953125,0.001140820444561541,0.005936602130532265,,-0.002757963,0.01827126182615757,,2625.989008269901,27615.760739737907,2,SO1,32.35464859008789,茅栗、白栎灌丛,108.3644682,29.48073867
920,23.910730361938477,9.39730167388916,23.55743980407715,11.431977272033691,-0.000778611,0.0035821739584207535,,0.004735614638775587,0.018901832401752472,,2762.395961575256,27484.220041847708,2,SO1,42.10213851928711,茅栗、白栎灌丛,108.3650746,29.47962131
921,19.763891220092773,5.625654220581055,107.76319885253906,8.913718223571777,0.0006515558925457299,0.0029841577634215355,,-0.004741248,0.03307516872882843,,3699.4437973540453,25357.006668782193,2,SC4,50.920982360839844,茅栗、白栎灌丛,108.3958524,29.47785052
922,23.148412704467773,4.038437366485596,146.20330810546875,10.696911811828613,-0.00052931,0.005243825726211071,,-0.000214726,0.007281061727553606,,3500.408210987992,25505.380261894807,2,SC4,31.990856170654297,茅栗、白栎灌丛,108.3964945,29.48006369
923,27.132028579711914,5.627432346343994,126.80194854736328,12.658260345458984,0.0006583128706552088,0.0076177045702934265,,-0.002005128,0.009838899597525597,,3522.163952064921,25508.74288123841,2,SC4,15.281612396240234,茅栗、白栎灌丛,108.3957224,29.47954108
924,9.921540260314941,4.305893421173096,36.49590301513672,5.013320446014404,-0.000192596,0.0023246603086590767,,0.027364224195480347,0.027351876720786095,,3882.5482413958684,25036.379909695544,2,SC4,4.959854602813721,茅栗、白栎灌丛,108.4034858,29.47958413
925,20.55135726928711,12.87448501586914,17.950700759887695,9.920744895935059,0.004443808924406767,0.005011285189539194,,-0.028738441,0.03428284078836441,,2649.072108938285,27632.24127060587,2,SO1,11.66695785522461,茅栗、白栎灌丛,108.3636245,29.48027675
926,18.807941436767578,4.8370361328125,192.8966064453125,8.397923469543457,0.0010895837331190705,0.0026666095945984125,,-0.000123871,0.007764054927974939,,2830.4372744791062,27268.472004247564,7,SO1,58.243125915527344,茅栗、白栎灌丛,108.3700715,29.48092655
927,18.829456329345703,9.342184066772461,113.06769561767578,8.807994842529297,0.00029777668532915413,0.004382813815027475,,0.01233729813247919,0.03633831441402435,,3413.999761916529,25705.9227995994,7,SO1,12.379234313964844,茅栗、白栎灌丛,108.3924992,29.47948915
928,15.981358528137207,6.07382345199585,347.13783264160156,7.638702392578125,0.00034214238985441625,0.003678735811263323,,0.0085086515173316,0.03630787879228592,,3952.5288964777396,24969.639669053468,2,SC4,13.013128280639648,茅栗、白栎灌丛,108.4035851,29.47888353
929,5.799137115478516,6.2309746742248535,246.9825210571289,2.58206844329834,0.0004119753139093518,0.0012385114096105099,,0.019160820171236992,0.04162520915269852,,3269.7160739113347,26087.433017580217,7,SO1,5.8096089363098145,茅栗、白栎灌丛,108.3865173,29.47950746
930,15.466257095336914,9.393855094909668,271.93958282470703,7.1151442527771,0.00028527635731734335,0.0030902500730007887,,0.0030007786117494106,0.030811810865998268,,3246.9049516116147,26268.18508594686,7,SO1,27.448713302612305,茅栗、白栎灌丛,108.383299,29.47918425
931,20.693283081054688,6.3557538986206055,145.47181701660156,9.498685836791992,5.9665639128070325e-05,0.002773258602246642,,-0.002312027,0.009191415272653103,,3654.6551763112934,25457.748830593562,2,SC4,43.65968704223633,茅栗、白栎灌丛,108.3939607,29.47763839
932,20.68972396850586,2.479400634765625,137.36630249023438,9.338140487670898,-0.002351516,0.0018525993218645453,,-0.00325417,0.003367810510098934,,3581.3333972002474,25437.16868411459,2,SC4,12.184576034545898,茅栗、白栎灌丛,108.3964798,29.47925324
933,7.342724323272705,4.273472785949707,199.02667236328125,3.2699742317199707,-0.000701199,0.0025310239288955927,,-0.010811086,0.027134401723742485,,2697.86961628146,27624.54980940268,2,SO1,3.8710947036743164,茅栗、白栎灌丛,108.3629333,29.4796416
934,18.735126495361328,5.938815116882324,201.7747039794922,8.585905075073242,0.0030121165327727795,0.004059672821313143,,0.016341375187039375,0.026042303070425987,,2834.65580562842,27360.819609500795,2,SO1,10.106460571289062,茅栗、白栎灌丛,108.3668606,29.47952742
935,18.25943946838379,7.868330001831055,100.24754333496094,8.366070747375488,0.00016290921485051513,0.0028910627588629723,,0.005562251899391413,0.026377148926258087,,3581.429479663005,25671.85775927777,2,SO1,49.17880630493164,茅栗、白栎灌丛,108.3901439,29.47730591
936,20.224599838256836,3.992975950241089,125.27287292480469,9.130284309387207,-0.001450091,0.0016879697795957327,,-0.002107369,0.0047629703767597675,,3581.6806925417673,25445.735509449092,2,SC4,15.870046615600586,茅栗、白栎灌丛,108.3961687,29.47912695
937,17.721874237060547,4.524553298950195,151.59144592285156,7.9160919189453125,2.2741029169992544e-05,0.0034529808908700943,,-0.001965531,0.010185083374381065,,3775.6629429855147,25232.70119169109,2,SC4,31.420459747314453,茅栗、白栎灌丛,108.3979357,29.47791447
938,21.04989242553711,3.717059850692749,57.99303436279297,9.309903144836426,0.0004326626949477941,0.0021784466225653887,,0.00023989187320694327,0.00762015487998724,,3763.87541993756,25171.76688819953,2,SC4,46.64384841918945,茅栗、白栎灌丛,108.4013821,29.47967379
939,26.28774642944336,7.56856107711792,6.97715950012207,12.681995391845703,0.0017149780178442597,0.0054192147217690945,,0.005663549993187189,0.013316364027559757,,3899.3761118901375,25033.517148315706,2,SC4,38.62499237060547,茅栗、白栎灌丛,108.4023833,29.47877848
940,12.832194328308105,8.5505952835083,111.13203430175781,6.676013946533203,0.00022761434956919402,0.003844053717330098,,0.014713194221258163,0.09303450584411621,,2590.149841217826,27685.972649876945,2,SO1,8.773344039916992,茅栗、白栎灌丛,108.3613998,29.479183
941,24.128488540649414,3.6110565662384033,311.9067039489746,11.013073921203613,0.0019192610634490848,0.0012904664035886526,,-0.001249834,0.005299478769302368,,3180.637248441537,26658.617625504423,2,SO1,19.596582412719727,茅栗、白栎灌丛,108.3774609,29.47933518
942,22.8991641998291,7.727114200592041,307.8883476257324,10.687013626098633,-0.000348284,0.0055733029730618,,0.014334212057292461,0.0535399504005909,,3314.3831945893367,26481.60103657663,2,SO1,27.670686721801758,茅栗、白栎灌丛,108.3786801,29.47814763
943,4.2553205490112305,5.809882640838623,223.71563720703125,2.4191768169403076,-0.000606138,0.0016290046041831374,,0.03445839136838913,0.07754971832036972,,3316.5104224642646,26044.663697962565,7,SO1,1.1488618850708008,茅栗、白栎灌丛,108.3866571,29.47910117
944,18.894075393676758,9.545571327209473,10.511923789978027,8.980948448181152,0.0016922756331041455,0.004217145033180714,,-0.009593833,0.01318359561264515,,3896.965090298898,25062.416708249002,2,SC4,27.363216400146484,茅栗、白栎灌丛,108.4007721,29.47797032
945,31.70474624633789,8.151585578918457,5.781378746032715,14.818397521972656,-0.006710195,0.009418362751603127,,0.007713642902672291,0.01636616885662079,,3960.6733827695552,24984.196088775112,2,SC4,42.59252166748047,茅栗、白栎灌丛,108.401957,29.47790498
946,23.640748977661133,9.346687316894531,99.3656997680664,11.006285667419434,0.002357164863497019,0.0033360044471919537,,-0.00032249,0.01972002349793911,,2679.4002834234557,27585.6316787437,2,SO1,22.305429458618164,茅栗、白栎灌丛,108.3623581,29.47871933
947,23.04315185546875,4.94064474105835,346.46119117736816,9.278793334960938,-0.001931714,0.004840751178562641,,-0.004085309,0.01190322358161211,,3226.156240169003,26511.150111262865,2,SO1,16.518287658691406,茅栗、白栎灌丛,108.379269,29.47896704
948,21.83637046813965,9.687359809875488,287.81214141845703,10.31728458404541,-0.000691952,0.005487791262567043,,0.023854613304138184,0.03041102923452854,,3288.241865450781,26409.472497745217,2,SO1,14.627151489257812,茅栗、白栎灌丛,108.380193,29.47846026
949,24.84537696838379,7.275623798370361,250.99417114257812,11.660374641418457,-0.000728126,0.0049608731642365456,,0.00945540051907301,0.01644679717719555,,3265.74865432168,26390.07214905008,2,SO1,21.733598709106445,茅栗、白栎灌丛,108.380815,29.47871293
950,21.233394622802734,9.503000259399414,268.9715347290039,10.092753410339355,-0.000963315,0.00535401189699769,,0.024956321343779564,0.02973063662648201,,3291.6208585698573,26388.982795940992,2,SO1,16.78391456604004,茅栗、白栎灌丛,108.3804996,29.47845247
951,20.359329223632812,8.717541694641113,250.71092224121094,9.437257766723633,-0.001860714,0.0051578679122030735,,0.025530939921736717,0.022742195054888725,,3330.3328714406107,26339.90261922252,2,SO1,9.986080169677734,茅栗、白栎灌丛,108.3808468,29.4781304
952,20.176061630249023,6.53638219833374,114.67475891113281,9.373361587524414,0.0002790982252918184,0.004972352180629969,,0.001349148922599852,0.014349759556353092,,3099.9056614620604,27108.067839702562,7,SO1,41.7796516418457,茅栗、白栎灌丛,108.3679797,29.47734424
953,20.731534957885742,7.55299711227417,77.97834777832031,9.504533767700195,0.0002721411583479494,0.0028704048600047827,,0.007263803388923407,0.06771795451641083,,3524.0330759974563,26588.490889443463,2,SO1,58.287986755371094,茅栗、白栎灌丛,108.3736627,29.47550849
954,14.63563346862793,8.94241714477539,68.91858673095703,7.021066188812256,0.0024447371251881123,0.0065190852619707584,,0.022312313318252563,0.03091704286634922,,3384.033361740736,26350.55529876673,2,SO1,12.293676376342773,茅栗、白栎灌丛,108.3799797,29.47757968
955,24.948129653930664,11.352864265441895,193.9034881591797,12.231861114501953,0.0002664837520569563,0.005478990729898214,,0.006811847910284996,0.09846451878547668,,2529.913522971696,27492.4985424839,2,SO1,51.7983283996582,茅栗、白栎灌丛,108.3609608,29.47652997
956,17.54096031188965,8.117424011230469,117.00330352783203,8.061997413635254,0.0005712860729545355,0.0025710861664265394,,0.004686754662543535,0.032332081347703934,,3591.105867313434,25885.167137955803,2,SO1,56.408241271972656,茅栗、白栎灌丛,108.3856879,29.47641937
957,24.373817443847656,5.933230876922607,13.873088836669922,10.702068328857422,-0.000346755,0.003692793659865856,,-0.000823174,0.008613221347332,,2890.8443618554306,27388.771269306664,2,SO1,39.75618362426758,茅栗、白栎灌丛,108.3649325,29.47835405
958,19.440961837768555,8.478595733642578,96.6695556640625,9.714997291564941,0.0017130516935139894,0.008190847001969814,,0.014204049482941628,0.032129283994436264,,3399.8407055275657,26286.13648813018,2,SO1,11.909770965576172,茅栗、白栎灌丛,108.3808771,29.47750316
959,16.944578170776367,9.690486907958984,8.881839752197266,8.269747734069824,0.000827979703899473,0.005214369855821133,,-0.002607012,0.022215474396944046,,3934.5274652895914,25036.64557706909,2,SC4,14.984721183776855,茅栗、白栎灌丛,108.4004065,29.47740769
960,26.042314529418945,10.731172561645508,344.8886137008667,12.984457969665527,-0.002254949,0.010415646247565746,,-0.007652442,0.028736326843500137,,2813.2878235214894,27402.485655815653,2,SO1,43.93109130859375,茅栗、白栎灌丛,108.3638247,29.47765154
961,21.698596954345703,6.707116603851318,109.11873626708984,9.961441040039062,0.0006463156314566731,0.005828061606734991,,0.0017953894566744566,0.01697765849530697,,3594.6465374423583,26114.225765877305,2,SO1,35.61979675292969,茅栗、白栎灌丛,108.3813311,29.47577758
962,17.804670333862305,8.582015991210938,103.18559265136719,8.285245895385742,0.0008293542196042836,0.006222566124051809,,0.025606414303183556,0.02893047034740448,,3413.372902594747,26282.176829680528,2,SO1,11.811640739440918,茅栗、白栎灌丛,108.3807705,29.47737163
963,23.845300674438477,6.094871997833252,153.16810607910156,10.985527992248535,-0.000253721,0.005975692067295313,,-0.000815425,0.010684163309633732,,3661.7343489715176,25953.167459575357,2,SO1,56.51455307006836,茅栗、白栎灌丛,108.3833328,29.47539664
964,18.536361694335938,8.938504219055176,121.53499603271484,8.702498435974121,0.0003211665607523173,0.003536056727170944,,0.0024806743022054434,0.04217250645160675,,2491.758435791042,27382.759711902883,2,SO1,76.64840698242188,茅栗、白栎灌丛,108.3605567,29.47508775
965,18.27133560180664,5.759647846221924,180.81260681152344,8.291823387145996,0.0002259489119751379,0.004558646120131016,,0.017181474715471268,0.09511664509773254,,3754.5118263050645,26006.66283456585,2,SO1,40.60551452636719,茅栗、白栎灌丛,108.3811209,29.47431046
966,20.472585678100586,10.266152381896973,48.15440368652344,9.947243690490723,-0.002158112,0.0078122313134372234,,-0.006739379,0.03598728030920029,,2806.8893698522224,27309.16668877928,2,SO1,27.088577270507812,茅栗、白栎灌丛,108.3638165,29.47651513
967,20.935829162597656,6.289303779602051,42.886940002441406,9.529850959777832,0.0009782332926988602,0.0024433783255517483,,-0.000398872,0.011060992255806923,,3028.0892573762017,27146.688639283708,7,SO1,21.611635208129883,茅栗、白栎灌丛,108.3661003,29.47633835
968,20.889503479003906,7.097726345062256,200.86676025390625,9.603511810302734,-0.000238445,0.004949568770825863,,-0.0009379,0.018492113798856735,,2221.3561354446533,27579.9480902032,2,SO1,43.590309143066406,茅栗、白栎灌丛,108.357787,29.47568998
969,20.695100784301758,6.884677886962891,95.02458953857422,9.565251350402832,-0.001331284,0.004689753521233797,,-0.001973473,0.013850823044776917,,3677.9017995711424,25473.897143354694,2,SO1,41.326839447021484,茅栗、白栎灌丛,108.3930344,29.47713584
970,8.987900733947754,6.455282211303711,159.18502807617188,4.370907783508301,-0.00017046,0.0034193433821201324,,0.0008399983053095639,0.030021486803889275,,1919.4820987143064,27821.429156053033,7,SO1,5.937508583068848,茅栗、白栎灌丛,108.3546658,29.47655636
971,22.887569427490234,10.850650787353516,92.17073822021484,10.949429512023926,-0.000509896,0.0048058596439659595,,0.002049556467682123,0.027293147519230843,,2107.483488221545,27520.817045049374,2,SO1,46.89005661010742,茅栗、白栎灌丛,108.3565413,29.47438541
972,24.147584915161133,10.776981353759766,167.31124877929688,11.731183052062988,0.00023827989934943616,0.006532039027661085,,0.001569427433423698,0.025032568722963333,,2036.978973429609,27355.19485638769,2,SO1,125.53498077392578,茅栗、白栎灌丛,108.3553927,29.47198425
973,22.609596252441406,8.919625282287598,153.78176879882812,10.72570514678955,0.00012740834790747613,0.005794747732579708,,0.002844969742000103,0.014517686329782009,,3193.4967002819626,27024.753488649112,2,SO1,35.597225189208984,茅栗、白栎灌丛,108.3678069,29.47619995
974,19.938018798828125,9.91025447845459,169.05624389648438,9.59719467163086,0.00015948792861308903,0.005144916940480471,,0.006721449550241232,0.044059690088033676,,3329.560941751388,26765.923165811306,2,SO1,39.002967834472656,茅栗、白栎灌丛,108.3691458,29.47411563
975,17.264041900634766,3.9624242782592773,350.63796615600586,7.4288201332092285,0.0008992882794700563,0.003974358085542917,,0.004809615667909384,0.024030931293964386,,2913.476396915934,27123.960503313752,2,SO1,17.237014770507812,茅栗、白栎灌丛,108.3649072,29.47512764
976,14.383978843688965,4.986316680908203,67.35974884033203,6.49117374420166,-0.001588497,0.0030527105554938316,,0.009060868062078953,0.012376589700579643,,3076.4269890997352,27052.07401554623,7,SO1,8.017024993896484,茅栗、白栎灌丛,108.3665987,29.47558344
977,16.613872528076172,7.728819847106934,100.5123291015625,7.555664539337158,-0.001569243,0.0026263876352459192,,0.01050199568271637,0.010952513664960861,,3106.1786422392265,27031.584027889672,2,SO1,8.980606079101562,茅栗、白栎灌丛,108.3669052,29.47557567
978,20.6661376953125,5.569952964782715,64.1290054321289,9.449257850646973,0.0015157541492953897,0.0036579875741153955,,0.0005712985876016319,0.010263451375067234,,3034.7050034077693,26888.792660108138,2,SO1,48.05970001220703,茅栗、白栎灌丛,108.3660057,29.47314131
979,17.187196731567383,10.565382957458496,237.42286682128906,8.900860786437988,-0.001129855,0.005369941238313913,,-0.362237185,1.9151637554168701,,3894.515589550196,25729.58814513357,2,SO1,29.280698776245117,茅栗、白栎灌丛,108.3842381,29.47339928
980,10.073308944702148,3.7836852073669434,250.85041046142578,4.339259147644043,-0.000496121,0.003873244859278202,,0.0005969698540866375,0.0196672473102808,,3876.238307367204,25633.56422363931,2,SO1,5.442648887634277,茅栗、白栎灌丛,108.3863824,29.47391744
981,21.35957145690918,6.166859149932861,89.30182647705078,9.503581047058105,-0.000519891,0.004783101379871368,,0.008814393542706966,0.015191701240837574,,2950.3352277592808,27047.43107482626,2,SO1,21.25100326538086,茅栗、白栎灌丛,108.3652548,29.47447347
982,23.083890914916992,7.957659721374512,107.97615051269531,10.629130363464355,0.0009057362913154066,0.0035047288984060287,,0.011683987453579903,0.023899082094430923,,2842.5571025625786,27063.648656105826,2,SO1,18.422433853149414,茅栗、白栎灌丛,108.3640843,29.47376767
983,25.56210708618164,15.907609939575195,161.84190368652344,12.896612167358398,-0.000303289,0.005613527726382017,,0.0002714776201173663,0.019750235602259636,,1698.4660297518237,27590.539027599432,2,SO1,81.8182601928711,茅栗、白栎灌丛,108.3519702,29.47258022
984,24.56788444519043,9.721818923950195,128.77294921875,11.685808181762695,9.568816494720522e-06,0.0028400265146046877,,0.0052458904683589935,0.022084100171923637,,1808.1402510119588,27412.205922425033,2,SO1,120.05587005615234,茅栗、白栎灌丛,108.3526716,29.47106081
985,19.362014770507812,6.7959771156311035,160.61871337890625,8.89854621887207,-0.000667433,0.003254333743825555,,-0.003913587,0.02124013379216194,,2635.425115862726,27117.564602498474,2,SO1,66.05155181884766,茅栗、白栎灌丛,108.3618418,29.47297265
986,27.85634422302246,4.631703853607178,116.65090942382812,13.023078918457031,0.0033833079505711794,0.0015831197379156947,,-0.006217545,0.003359883325174451,,2854.96913384014,27027.114750009237,2,SO1,11.546940803527832,茅栗、白栎灌丛,108.3641747,29.4734074
987,7.554771423339844,2.8956480026245117,90.93218994140625,3.5442709922790527,-0.000246244,0.0028455813881009817,,-0.02324122,0.044566310942173004,,3580.3942167333653,26543.83954520042,2,SO1,4.100341797,茅栗、白栎灌丛,108.3716809,29.47341411
988,20.71389389038086,8.148733139038086,128.858642578125,9.569865226745605,-3.00E-05,0.0026691718958318233,,-0.004820779,0.01858113519847393,,2650.8930733726293,26987.15809514293,2,SO1,56.824546813964844,茅栗、白栎灌丛,108.3617469,29.47154465
989,24.0413875579834,4.94951057434082,99.81343078613281,10.975603103637695,0.0021862012799829245,0.0016079426277428865,,-0.001656626,0.006162999663501978,,2876.2079669352242,26999.135916758645,2,SO1,18.20546531677246,茅栗、白栎灌丛,108.3643731,29.47322338
990,24.625850677490234,5.281610012054443,107.81352233886719,11.281160354614258,0.0020787338726222515,0.0015049631474539638,,-0.003356917,0.0045912908390164375,,2848.9970207212214,26996.015196574746,2,SO1,18.417741775512695,茅栗、白栎灌丛,108.3640577,29.47296288
991,22.116849899291992,6.67896032333374,39.85430145263672,10.223199844360352,0.0005987685872241855,0.0037381602451205254,,0.00428309990093112,0.01735720783472061,,3788.600022851481,26109.599357907642,2,SO1,35.084964752197266,茅栗、白栎灌丛,108.3789791,29.47387783
992,26.198566436767578,12.0074462890625,135.22189331054688,12.881050109863281,0.0003132262791041285,0.0024769266601651907,,0.0016219543758779764,0.026069099083542824,,1822.109007709275,27280.26941614605,2,SO1,156.93788146972656,茅栗、白栎灌丛,108.3520589,29.46928605
993,27.357954025268555,10.80044174194336,55.48589324951172,13.423408508300781,0.0014537229435518384,0.004231222439557314,,-0.004621381,0.02090276964008808,,2362.9140892270834,27108.44154154539,2,SO1,51.81837844848633,茅栗、白栎灌丛,108.3586169,29.47113499
994,5.0781097412109375,5.267792224884033,194.0339813232422,2.660414934158325,3.3986096241278574e-05,0.0019353979732841253,,0.09048378467559814,0.33504533767700195,,1277.0870812985092,27870.023636514812,2,SO1,3.491483449935913,茅栗、白栎灌丛,108.3476495,29.47310862
995,10.52974796295166,4.776098251342773,353.21981287002563,4.863554954528809,0.0012387242168188095,0.0032149646431207657,,0.005707657430320978,0.03882000595331192,,1244.4559212905374,27859.49238030025,2,SO1,6.6354522705078125,茅栗、白栎灌丛,108.3471764,29.4727178
996,16.297500610351562,10.10543155670166,108.68379974365234,7.379967212677002,-0.000681818,0.002681062091141939,,0.025296423584222794,0.09626691788434982,,1301.7162511941324,27727.39304044509,2,SO1,22.588672637939453,茅栗、白栎灌丛,108.3472146,29.47130494
997,17.845115661621094,7.244585990905762,104.4132080078125,8.134629249572754,-0.000153018,0.0023703640326857567,,0.0007817173027433455,0.025019517168402672,,1316.6492757239594,27648.65747570778,7,SO1,41.640499114990234,茅栗、白栎灌丛,108.346747,29.47017039
998,8.635123252868652,6.767002105712891,132.5809783935547,4.081120491027832,-0.001056458,0.0020128143951296806,,0.02349385991692543,0.03473477438092232,,1305.7898575226534,27812.872102376106,2,SO1,5.003305435180664,茅栗、白栎灌丛,108.3477851,29.47256822
999,34.120155334472656,7.038944244384766,45.85767364501953,16.912643432617188,-0.001741322,0.014102603308856487,,-0.001000398,0.011299822479486465,,3070.3878215143923,26758.598949181916,2,SO1,22.117395401000977,茅栗、白栎灌丛,108.3661635,29.47170137
1000,25.178056716918945,10.505132675170898,104.16438293457031,12.168532371520996,0.0007724456372670829,0.004490439314395189,,-0.003747138,0.0623568631708622,,1908.4383180620691,27414.5582192517,2,SO1,121.04965209960938,茅栗、白栎灌丛,108.3539924,29.47183495
1001,23.4497127532959,8.088790893554688,116.5825424194336,11.028105735778809,0.0006618484039790928,0.0064423601143062115,,0.014969907701015472,0.03722815960645676,,1998.5910723839,27323.90898505521,2,SO1,19.167104721069336,茅栗、白栎灌丛,108.3547999,29.47131741
1002,11.309924125671387,5.9580230712890625,77.99543762207031,5.667245388031006,-0.000195574,0.0034969078842550516,,-0.009362533,0.02413776144385338,,1127.087626267389,27816.387376258805,7,SO1,9.892107963562012,茅栗、白栎灌丛,108.3450199,29.47097036
1003,4.048229217529297,2.936004161834717,153.1304931640625,2.2638771533966064,-0.000563874,0.0011842715321108699,,-0.009152817,0.06733191013336182,,1175.8475192561903,27723.442463645402,7,SO1,1.9088609218597412,茅栗、白栎灌丛,108.3448582,29.4698563
1004,28.731639862060547,9.697315216064453,124.89177703857422,13.978285789489746,-4.61E-05,0.0029247161000967026,,0.00028804567409679294,0.010571095161139965,,1687.40060202735,27323.048027057237,2,SO1,117.175048828125,茅栗、白栎灌丛,108.3501416,29.46863312
1005,10.66269588470459,6.4287614822387695,116.68167114257812,5.109222888946533,0.0009104139753617346,0.004672696813941002,,-0.001627045,0.08813273906707764,,1051.5617897156847,27746.429018757826,7,SO1,8.726929664611816,茅栗、白栎灌丛,108.3426271,29.46875062
1006,18.781715393066406,8.717772483825684,150.89138793945312,8.848836898803711,-0.000350993,0.003809311892837286,,0.011561550199985504,0.04338943585753441,,2516.9362211823336,26975.275973067342,2,SO1,39.345298767089844,茅栗、白栎灌丛,108.3600804,29.47051884
1007,25.951034545898438,4.592207908630371,121.9493179321289,12.05177116394043,-0.000449135,0.0013647493906319141,,0.003988866228610277,0.004560946021229029,,1479.1779177486903,27511.871508404092,2,SO1,20.282466888427734,茅栗、白栎灌丛,108.3483011,29.46960182
1008,1.5431241989135742,1.2436102628707886,83.26392364501953,1.003002405166626,-0.000418721,0.0009710367885418236,,-0.014252613,0.10702531039714813,,1136.7726668891655,27737.984041716743,7,SO1,0.45471397042274475,茅栗、白栎灌丛,108.3442532,29.46965001
1009,15.355353355407715,10.968740463256836,78.64830017089844,7.32968807220459,0.0010844870703294873,0.0033699132036417723,,0.005802037660032511,0.02835741452872753,,1210.2607670995046,27599.189549691313,7,SO1,22.490076065063477,茅栗、白栎灌丛,108.343998,29.46796991
1010,29.019804000854492,10.341973304748535,134.39736938476562,14.24396800994873,0.0008579895948059857,0.0023150646593421698,,-0.000701897,0.013686742633581161,,1598.6405064692026,27222.98969336453,2,SO1,139.01031494140625,茅栗、白栎灌丛,108.3471064,29.46572994
1011,25.834753036499023,4.2222747802734375,119.84312438964844,11.854443550109863,-0.000353637,0.0016519528580829501,,0.003197168465703726,0.0051367501728236675,,1466.5706264770217,27505.081527243437,2,SO1,20.91785430908203,茅栗、白栎灌丛,108.3479857,29.46934127
1012,29.24414063,10.615165710449219,128.87806701660156,14.605799674987793,0.0005109630874358118,0.0031650164164602757,,-0.002788425,0.017537713050842285,,1715.7733838730069,27190.752975328578,2,SO1,157.4062042236328,茅栗、白栎灌丛,108.349118,29.4665874
1013,10.307570457458496,6.548147201538086,205.36715698242188,4.832312107086182,0.00016451382543891668,0.00498121976852417,,0.021200155839323997,0.03720184788107872,,1085.9386752411126,27659.420260283383,2,SO1,6.949786186218262,茅栗、白栎灌丛,108.3418169,29.46728888
1014,4.726980686187744,2.0864498615264893,243.9169922,2.3304026126861572,-0.001687264,0.0012440166901797056,,0.012746135704219341,0.017627086490392685,,1161.111131123601,27604.064553816846,2,SO1,1.7987639904022217,茅栗、白栎灌丛,108.3428576,29.46732238
1015,9.261201858520508,5.1030988693237305,79.03218841552734,4.663111686706543,0.0015955207636579871,0.003275869647040963,,0.008805462159216404,0.03875770792365074,,1002.7170828195362,27717.637682258544,2,SO1,8.232257843017578,茅栗、白栎灌丛,108.3404117,29.4670557
1016,12.384392738342285,5.865790367126465,167.03915405273438,5.448441505432129,-0.000654397,0.0021021163556724787,,0.015781091526150703,0.017610006034374237,,1211.917760471562,27566.60950015727,11,SO1,7.539440631866455,茅栗、白栎灌丛,108.3435013,29.46730619
1017,29.8464412689209,11.996732711791992,141.53480529785156,14.9766206741333,4.113504110137001e-05,0.004078548867255449,,0.0012537173461169004,0.02363269031047821,,1587.0446627926476,27172.906759252877,2,SO1,150.32681274414062,茅栗、白栎灌丛,108.3457237,29.46433336
1018,24.08411979675293,9.320428848266602,144.23312377929688,11.274415016174316,0.00036211879341863096,0.002018535975366831,,0.008708516135811806,0.011148964054882526,,1296.0480628395958,27488.11514670011,7,SO1,25.524198532104492,茅栗、白栎灌丛,108.3442237,29.46688529
1019,11.000933647155762,4.410502910614014,238.1759490966797,4.830052375793457,0.0010503806406632066,0.004335299599915743,,0.008341215550899506,0.056218069046735764,,1045.1394313101373,27660.447863980782,7,SO1,6.9184184074401855,茅栗、白栎灌丛,108.3401999,29.46628695
1020,11.573537826538086,6.173903942108154,147.9644775390625,5.410261631011963,0.0008410552982240915,0.004577594343572855,,-0.003373571,0.040645964443683624,,1018.0137292707977,27662.047996341975,2,SO1,8.9162015914917,茅栗、白栎灌丛,108.3387213,29.46536499
1021,8.054096221923828,4.600502014160156,169.82675170898438,4.318863868713379,2.501595872672624e-06,0.0031776647083461285,,0.02790379524230957,0.021069880574941635,,1157.8687488493385,27565.135953003297,2,SO1,2.7897870540618896,茅栗、白栎灌丛,108.3415681,29.46608905
1022,17.591520309448242,8.863359451293945,129.50852966308594,7.993654727935791,-0.000743577,0.0011688449885696173,,0.01862136460840702,0.018700208514928818,,1221.3145007676317,27512.104535950362,7,SO1,14.67955493927002,茅栗、白栎灌丛,108.3423538,29.46599259
1023,27.789897918701172,7.55482292175293,140.20620727539062,13.23894214630127,0.0010297723347321153,0.0026134690269827843,,0.0019427426159381866,0.0119844451546669,,1506.4386132567215,27218.52763504503,2,SO1,124.8792953491211,茅栗、白栎灌丛,108.3440289,29.46378626
1024,11.716622352600098,6.417016506195068,83.26603698730469,5.558048725128174,-0.001129071,0.004433601628988981,,0.015390293672680855,0.023223109543323517,,1081.993215940212,27611.71453328075,7,SO1,5.557179927825928,茅栗、白栎灌丛,108.3400242,29.46563348
1025,12.239945411682129,8.101790428161621,177.91957092285156,5.7585320472717285,-0.000203598,0.0033382580149918795,,0.019422337412834167,0.020003018900752068,,1150.734555629501,27560.471972180218,7,SO1,7.2386369705200195,茅栗、白栎灌丛,108.3411189,29.46575513
1026,12.712092399597168,8.350003242492676,162.5579376220703,5.9003496170043945,-0.001652457,0.002511677099391818,,0.020009193569421768,0.01732436940073967,,1147.686983795469,27554.914886556944,7,SO1,7.226770877838135,茅栗、白栎灌丛,108.3408036,29.46549456
1027,22.865238189697266,5.5863447189331055,133.47547912597656,10.37907600402832,-0.000299743,0.0009554317803122103,,0.007421121001243591,0.015010443516075611,,1263.2884436974302,27470.415279598088,7,SO1,19.430891036987305,茅栗、白栎灌丛,108.3426515,29.46571661
1028,11.111451148986816,5.522007942199707,58.06596755981445,5.068515300750732,0.0010515222093090415,0.004586188122630119,,0.001059074653312564,0.027603469789028168,,1081.1147816498215,27603.91303369411,2,SO1,6.833934783935547,茅栗、白栎灌丛,108.3395688,29.46525709
1029,28.30209732055664,8.489033699035645,110.78353881835938,13.54845142364502,0.0004634992219507694,0.004471068270504475,,0.0029043315444141626,0.012775706127285957,,1517.6456977408877,27166.90187278358,2,SO1,107.03829193115234,茅栗、白栎灌丛,108.342366,29.46216443
1030,30.892993927001953,10.875564575195312,145.66220092773438,15.48643684387207,-0.000467885,0.005830775480717421,,-0.002372385,0.014767815358936787,,1685.4232263700605,27017.00468703828,2,SO1,121.92709350585938,茅栗、白栎灌丛,108.3444648,29.4618241
1031,31.291696548461914,8.09476375579834,121.17323303222656,15.365303039550781,-0.000587574,0.005120235029608011,,0.0017702254699543118,0.006046362686902285,,1584.8012234571245,27291.390020484887,2,SO1,105.70247650146484,茅栗、白栎灌丛,108.3477356,29.4668593
1032,13.457921028137207,4.763757705688477,189.59295654296875,6.024691104888916,-5.60E-05,0.004462876822799444,,-0.003941419,0.023832451552152634,,1032.3316719791035,27649.455332113524,2,SO1,10.697113990783691,茅栗、白栎灌丛,108.3376143,29.46451188
1033,19.357580184936523,6.547219753265381,67.22001647949219,7.481475830078125,-0.001297146,0.003922529984265566,,0.015328862704336643,0.03287350386381149,,1056.0592045365133,27637.264323689484,2,SO1,9.437759399414062,茅栗、白栎灌丛,108.3369318,29.46393202
1034,18.69377326965332,9.457162857055664,137.6421356201172,8.585654258728027,-0.00082862,0.002260372042655945,,0.0019772567320615053,0.034893713891506195,,1242.6465433115507,27437.362101033897,2,SO1,31.498332977294922,茅栗、白栎灌丛,108.3401331,29.46375831
1035,9.651196479797363,4.528280735015869,118.78755950927734,4.684378147125244,0.0010011964477598667,0.0027377321384847164,,-0.008081023,0.03118906356394291,,1064.1954884352883,27640.895676594133,2,SO1,10.9430513381958,茅栗、白栎灌丛,108.336304,29.46356288
1036,10.513948440551758,4.394362926483154,181.89915466308594,5.006092071533203,-0.001565721,0.0024772745091468096,,0.009188798256218433,0.014982455410063267,,1146.8883042242526,27533.069255219256,2,SO1,6.204977512359619,茅栗、白栎灌丛,108.3385127,29.46378773
1037,9.639376640319824,4.691044807434082,140.88629150390625,4.567385673522949,-0.001253376,0.00222473731264472,,0.011246485635638237,0.039700813591480255,,1154.4655794479656,27531.1278657646,2,SO1,6.330193042755127,茅栗、白栎灌丛,108.3379747,29.46341768
1038,25.11680793762207,8.432324409484863,131.33026123046875,11.959285736083984,0.00032679777359589934,0.0030175207648426294,,0.007484606467187405,0.017837656661868095,,1323.153658884643,27355.12986219076,2,SO1,51.98237991333008,茅栗、白栎灌丛,108.3401232,29.4628327
1039,10.805191040039062,3.8061842918395996,90.1833724975586,4.583766937255859,6.818381370976567e-05,0.003802655264735222,,-0.008221748,0.03512538969516754,,1059.2991042581186,27657.382862460967,2,SO1,7.918952465057373,茅栗、白栎灌丛,108.3356251,29.46330291
1040,5.3716325759887695,2.729933500289917,131.5292205810547,2.8602089881896973,-0.001117275,0.0015213752631098032,,-0.003534573,0.0495537593960762,,1168.6216358767738,27521.566949067274,2,SO1,3.16801381111145,茅栗、白栎灌丛,108.337736,29.46315517
1041,6.878382682800293,2.7182250022888184,68.72386169433594,3.1314120292663574,8.991739741759375e-05,0.002661929465830326,,-0.001985189,0.019602984189987183,,1139.5100363493818,27558.47381175618,2,SO1,3.46154522895813,茅栗、白栎灌丛,108.337123,29.46317056
1042,14.826790809631348,5.470180511474609,247.25416564941406,6.342898368835449,-0.000359987,0.0053994362242519855,,-0.008711527,0.029154634103178978,,1034.9356322978879,27702.343282980975,2,SO1,8.186779975891113,茅栗、白栎灌丛,108.3343556,29.4629715
1043,12.043045997619629,8.560944557189941,92.69145965576172,5.5098114013671875,-0.00048204,0.001776792691089213,,0.016343368217349052,0.024341540411114693,,1243.0271164380752,27464.795826076184,2,SO1,6.949981689453125,茅栗、白栎灌丛,108.3371346,29.46212315
1044,5.672954559326172,4.130655765533447,50.595035552978516,2.9327456951141357,0.0004889252013526857,0.0020726821385324,,0.014115418307483196,0.03716335818171501,,1197.4184464728337,27512.490258210953,2,SO1,2.7778918743133545,茅栗、白栎灌丛,108.336766,29.46241879
1045,27.67409324645996,9.303659439086914,146.0061798095703,13.249109268188477,0.001054187654517591,0.005121553782373667,,0.0010721117723733187,0.011899483390152454,,1605.8303023625801,27072.74446106184,2,SO1,114.97616577148438,茅栗、白栎灌丛,108.3415768,29.46060725
1046,26.01029396057129,8.16962718963623,131.35000610351562,12.296610832214355,0.00028582324739545584,0.0030184281058609486,,-0.001545297,0.04083503410220146,,1621.819801540801,27071.37215888405,2,SO1,108.55325317382812,茅栗、白栎灌丛,108.3400676,29.45961265
1047,13.329259872436523,5.09306001663208,73.18729400634766,6.141689300537109,0.0014173819217830896,0.004295940510928631,,0.003098760498687625,0.0243779756128788,,1094.7227000177359,27676.847963872864,2,SO1,16.9952335357666,茅栗、白栎灌丛,108.3331855,29.46190001
1048,14.247992515563965,4.8395514488220215,200.00941467285156,6.345643520355225,-0.000814389,0.0038814619183540344,,-0.019942986,0.062320463359355927,,1148.2798073714596,27580.044114709664,2,SO1,12.72133731842041,茅栗、白栎灌丛,108.3354721,29.46232819
1049,24.554664611816406,7.250730991363525,148.0902099609375,11.467031478881836,0.0003013947862200439,0.0030552702955901623,,0.00040008872747421265,0.008598905988037586,,1627.6699644366345,27112.410153883488,2,SO1,99.77215576171875,茅栗、白栎灌丛,108.3374894,29.45837324
1050,13.516273498535156,4.097266674041748,153.3255157470703,6.021002769470215,-0.003527598,0.002532924758270383,,0.00951039232313633,0.01876898668706417,,1123.7705947360894,27618.83642625797,2,SO1,8.223237991333008,茅栗、白栎灌丛,108.3345591,29.46216091
1051,12.491969108581543,3.2883143424987793,147.28414916992188,5.5705647468566895,-0.002884416,0.0019710706546902657,,0.007585087325423956,0.017899593338370323,,1164.262185786153,27576.987172353725,2,SO1,9.79299545288086,茅栗、白栎灌丛,108.3348569,29.46188495
1052,20.13195037841797,7.923762321472168,140.97633361816406,9.396184921264648,-0.000146709,0.001528784865513444,,0.011478547938168049,0.013920649886131287,,1257.7590213949736,27474.10505478589,2,SO1,13.21133804321289,茅栗、白栎灌丛,108.335884,29.46140274
1053,8.738736152648926,4.628279685974121,85.0470962524414,4.756932735443115,0.0008487406885251403,0.004203339107334614,,-0.011679577,0.03253981098532677,,1088.4314977441143,27713.56551655288,2,SO1,6.210558891296387,茅栗、白栎灌丛,108.3322428,29.461682
1054,21.144710540771484,7.0765299797058105,132.59434509277344,9.799555778503418,0.0005715201841667295,0.0020317803137004375,,0.004130266141146421,0.017251111567020416,,1303.271386978954,27418.703157137796,2,SO1,17.969097137451172,茅栗、白栎灌丛,108.3366783,29.46130227
1055,25.6903018951416,6.204957008361816,137.62353515625,12.181085586547852,0.0018862371798604727,0.0018661610083654523,,-0.001183932,0.012114237062633038,,1357.6003587246294,27366.200790709634,7,SO1,14.51365852355957,茅栗、白栎灌丛,108.3368779,29.46084082
1056,15.34535026550293,5.019863128662109,175.63441467285156,6.863909721374512,0.0007421198533847928,0.0034597059711813927,,-0.001425879,0.018074331805109978,,1244.1684729987655,27583.084811858665,7,SO1,20.340097427368164,茅栗、白栎灌丛,108.3323196,29.46024466
1057,24.009632110595703,6.066770553588867,125.19136047363281,11.076732635498047,0.00030498378328047693,0.0012477223062887788,,0.003445474896579981,0.01394452154636383,,1339.5376521437136,27372.245500679433,7,SO1,20.517311096191406,茅栗、白栎灌丛,108.3374445,29.46128304
1058,18.234167098999023,5.746075630187988,66.83435821533203,8.265068054199219,-0.000524771,0.004630405921489,,-0.001629451,0.013950021006166935,,1289.1004085432644,27481.79333659122,7,SO1,26.34528350830078,茅栗、白栎灌丛,108.3342111,29.46037125
1059,21.900083541870117,6.903498649597168,136.9980926513672,10.330744743347168,0.0006302808178588748,0.0019209005404263735,,0.0038812553975731134,0.014754515141248703,,1314.7498479840312,27414.118453017592,2,SO1,20.04304313659668,茅栗、白栎灌丛,108.336363,29.46104169
1060,18.602148056030273,8.74596118927002,3.6124651432037354,8.616785049438477,0.0023471741005778313,0.005284837447106838,,0.01015425007790327,0.02513410896062851,,1229.845471857663,27677.11219177232,2,SO1,16.719276428222656,茅栗、白栎灌丛,108.3305188,29.46008738
1061,24.69670295715332,15.503889083862305,135.50230407714844,12.544537544250488,0.005727787036448717,0.006580147426575422,,-0.024351755,0.04297700524330139,,1905.4593198773566,26776.523599002237,2,SO1,17.759817123413086,茅栗、白栎灌丛,108.3445856,29.45922415
1062,13.299126625061035,6.056587219238281,115.60381317138672,6.086441993713379,-0.004099627,0.0016227932646870613,,0.01390320435166359,0.010536547750234604,,1214.0124235495805,27533.066321039572,2,SO1,7.600787162780762,茅栗、白栎灌丛,108.33118,29.45888944
1063,19.779932022094727,10.68815803527832,20.05939483642578,9.615947723388672,0.0003347364254295826,0.005343968980014324,,0.003427522722631693,0.02355666644871235,,1126.2143059530413,27640.343429673725,2,SO1,27.98443603515625,茅栗、白栎灌丛,108.3298185,29.45917983
1064,20.1776180267334,7.613412857055664,168.91534423828125,9.301774024963379,-0.001026395,0.004337118472903967,,-0.000332732,0.02112186700105667,,1409.241522361822,27321.51411469997,7,SO1,61.13330078,茅栗、白栎灌丛,108.3338642,29.45830756
1065,21.774736404418945,9.696573257446289,354.66170358657837,10.295100212097168,0.0005709936958737671,0.00443302420899272,,0.0013714284868910909,0.020873919129371643,,940.8271075935593,27613.617752184375,2,SO1,38.01313781738281,茅栗、白栎灌丛,108.3284958,29.45794532
1066,18.40013313293457,5.733458042144775,126.02449798583984,7.968811511993408,-0.00010311,0.0032553316559642553,,0.01469019427895546,0.03190957009792328,,1075.9667128182382,27473.769964188126,2,SO1,12.579590797424316,茅栗、白栎灌丛,108.330382,29.45765238
1067,21.987220764160156,3.601644277572632,145.15415954589844,9.89076042175293,-0.004735772,0.001932015409693122,,-0.002054625,0.010095018893480301,,1260.3434811862487,27491.098124055363,2,SO1,11.616013526916504,茅栗、白栎灌丛,108.3317916,29.45882937
1068,20.455799102783203,7.440830707550049,139.21774291992188,9.450830459594727,0.0004472578293643892,0.002405718667432666,,0.0007148278527893126,0.04178914427757263,,1355.1661335931096,26999.318389665783,2,SO1,67.79299926757812,茅栗、白栎灌丛,108.3345037,29.4550533
1069,16.819921493530273,4.22557258605957,150.3341827392578,7.599804878234863,-0.002310348,0.0024444255977869034,,5.1814397011185065e-05,0.008998668752610683,,1281.2329823923856,27428.859611976644,5,SO1,13.604893684387207,茅栗、白栎灌丛,108.3322907,29.45845887
1070,27.082576751708984,3.98008131980896,134.0859375,12.458069801330566,-0.000359228,0.0027722010854631662,,0.00015173725842032582,0.006931341253221035,,1531.9906737854421,27216.278307074383,7,SO1,23.200044631958008,茅栗、白栎灌丛,108.3353468,29.45811375
1071,20.43828582763672,8.620595932006836,103.67509460449219,9.326953887939453,0.0011128467740491033,0.005602758377790451,,-0.000643643,0.026335831731557846,,1166.6705597946855,27264.702389346217,7,SO1,53.145931243896484,茅栗、白栎灌丛,108.3320634,29.45641425
1072,8.697359085083008,4.672885417938232,184.96932983398438,4.02894926071167,0.0011414892505854368,0.003572822781279683,,0.0027101344894617796,0.057880088686943054,,612.874941358645,27613.704565817963,2,SO1,5.668686389923096,茅栗、白栎灌丛,108.3258734,29.45607522
1073,23.224021911621094,7.583797454833984,66.57756042480469,10.805882453918457,-0.001301222,0.00601542554795742,,-0.005779702,0.01488407887518406,,765.7044268718547,27447.32939027491,7,SO1,29.95601463317871,茅栗、白栎灌丛,108.3279684,29.45563965
1074,24.20292854309082,9.61073112487793,21.08321762084961,11.511012077331543,-0.003833285,0.004626601468771696,,0.00027804510318674147,0.016755571588873863,,828.6977732058634,27543.523617098683,2,SO1,35.02280807495117,茅栗、白栎灌丛,108.3280061,29.45678562
1075,21.369022369384766,9.343636512756348,143.52171325683594,10.098917961120605,0.00023471585882361978,0.0035870203282684088,,0.002234093379229307,0.019774645566940308,,1091.1782119212683,27097.83425552989,2,SO1,70.02330780029297,茅栗、白栎灌丛,108.3318925,29.45436723
1076,17.63009262084961,6.1460280418396,106.9218521118164,8.072564125061035,0.0008363634115085006,0.0033891666680574417,,0.008567281998693943,0.04661454260349274,,959.4958002522598,27138.78110807609,7,SO1,48.460384368896484,茅栗、白栎灌丛,108.330613,29.4539365
1077,24.3247127532959,8.097631454467773,121.2218246459961,11.349570274353027,-0.000731227,0.0036174654960632324,,0.0005604286561720073,0.011021317914128304,,1401.646950095107,27240.91157981048,7,SO1,44.90820313,茅栗、白栎灌丛,108.3341461,29.45757811
1078,19.274272918701172,6.844583034515381,140.94216918945312,8.910573959350586,-0.000546832,0.0036565971095114946,,-0.00266317,0.013267734088003635,,1703.2318227291719,26886.763910499936,2,SO1,51.29137420654297,茅栗、白栎灌丛,108.3379115,29.45609249
1079,22.324459075927734,4.647204399108887,140.33409118652344,10.086050033569336,0.00030022600549273193,0.0017704698257148266,,0.0013273891527205706,0.009229486808180809,,1525.896651195519,26964.63812249249,2,SO1,23.508342742919922,茅栗、白栎灌丛,108.3361221,29.45576736
1080,18.445053100585938,5.414968013763428,127.39232635498047,8.165339469909668,0.0008508035680279136,0.002600218867883086,,-0.004692797,0.011531286872923374,,1637.7058153093367,26824.910916788627,2,SO1,22.357484817504883,茅栗、白栎灌丛,108.3374788,29.45509463
1081,11.020425796508789,4.830519199371338,189.50245666503906,5.016512870788574,0.0014686225913465023,0.004929348826408386,,-0.023087705,0.08033351600170135,,494.87285377567923,27536.209149158265,2,SO1,7.531446933746338,茅栗、白栎灌丛,108.3253456,29.4547843
1082,9.22145938873291,3.615896224975586,190.67819213867188,4.223390102386475,0.0006337728700600564,0.0035482135135680437,,-0.001944652,0.028289301320910454,,556.1088226990929,27544.1694809442,2,SO1,7.854394435882568,茅栗、白栎灌丛,108.3258043,29.45521137
1083,12.743548393249512,6.236690044403076,248.0575942993164,5.881361961364746,0.0013197303051128983,0.003640934592112899,,-0.021720396,0.03536265343427658,,613.5730456103998,27460.133805942143,2,SO1,6.759618282318115,茅栗、白栎灌丛,108.3266511,29.45484115
1084,11.730045318603516,6.353539943695068,189.98985290527344,5.4100775718688965,-0.000723945,0.0041275592520833015,,-0.009649832,0.08159469813108444,,504.70731050140876,27396.45431858039,7,SO1,23.466405868530273,茅栗、白栎灌丛,108.3259068,29.45355262
1085,25.39126205444336,12.094979286193848,241.11940002441406,12.688316345214844,0.004423493053764105,0.007111396640539169,,-0.017781829,0.0219449270516634,,391.53101180214463,27581.35299258439,2,SO1,11.170475006103516,茅栗、白栎灌丛,108.3242897,29.4545422
1086,21.39430809020996,7.98190975189209,250.07654571533203,9.896590232849121,-0.000626051,0.004005878698080778,,0.005837346892803907,0.02449885383248329,,459.4996110991947,27472.578941895717,2,SO1,18.93623161315918,茅栗、白栎灌丛,108.3253016,29.4540046
1087,14.07552719116211,7.037619590759277,284.188720703125,6.460638999938965,0.00042078871047124267,0.004266346804797649,,0.00510204816237092,0.03000766783952713,,626.2886604176784,27258.96535123049,7,SO1,17.167373657226562,茅栗、白栎灌丛,108.3273397,29.45298407
1088,17.053180694580078,12.299838066101074,229.6202850341797,8.318986892700195,-5.95E-05,0.005065233912318945,,0.007334396243095398,0.04733802378177643,,332.8791215729718,27570.715571370743,7,SO1,16.11100196838379,茅栗、白栎灌丛,108.3238665,29.45410529
1089,13.690394401550293,6.703461170196533,162.3614501953125,6.2755045890808105,-0.000670937,0.0027142497710883617,,0.0020682215690612793,0.12443988770246506,,800.1889277411202,27191.44597920511,7,SO1,11.10021686553955,茅栗、白栎灌丛,108.3290591,29.45343841
1090,11.544768333435059,11.8670015335083,227.3111572265625,6.1108503341674805,-5.80E-05,0.00404411181807518,,-0.006718058,0.05405774712562561,,287.43142943485805,27557.290406901997,7,SO1,10.510674476623535,茅栗、白栎灌丛,108.3235468,29.45371054
1091,17.900232315063477,9.502190589904785,221.2761993408203,8.506747245788574,-0.001365399,0.003936521243304014,,-0.021946112,0.04061958193778992,,273.07695850989626,27472.53351762779,7,SO1,20.021743774414062,茅栗、白栎灌丛,108.3236574,29.45279041
1092,18.06547737121582,4.7652106285095215,158.1787872314453,7.618912696838379,0.0009314041235484183,0.00416919169947505,,0.005550887901335955,0.024261977523565292,,747.7854523930908,27164.26331568963,7,SO1,12.136955261230469,茅栗、白栎灌丛,108.3286517,29.45282683
1093,9.94154167175293,6.720613956451416,156.49427795410156,6.0809221267700195,0.0003385827294550836,0.0013428742531687021,,-0.089337885,0.21146079897880554,,859.5479684502293,27097.706393919205,7,SO1,3.3106296062469482,茅栗、白栎灌丛,108.3298078,29.45288268
1094,16.290287017822266,6.03149938583374,158.45458984375,7.420953273773193,-0.000613891,0.003113021608442068,,-0.003437619,0.031219150871038437,,1002.2759174350701,26869.043193145233,2,SO1,61.08814239501953,茅栗、白栎灌丛,108.3313725,29.45133896
1095,14.829524040222168,6.060053825378418,224.5412139892578,6.996074676513672,-0.000124788,0.004367091692984104,,-0.00169714,0.0181286558508873,,279.93102783013256,27312.793340849785,7,SO1,38.049861907958984,茅栗、白栎灌丛,108.3238767,29.45106048
1096,18.83823013305664,5.899020671844482,173.05191040039062,8.276337623596191,-2.50E-05,0.00456478726118803,,-0.007367828,0.013670421205461025,,259.98383008718525,27401.04419083501,7,SO1,17.94156837463379,茅栗、白栎灌丛,108.3237136,29.45198555
1097,21.449094772338867,9.531928062438965,194.5972137451172,10.582314491271973,-1.51E-05,0.007029911503195763,,0.004919250961393118,0.041128356009721756,,100.3683849996154,27445.50250435629,7,SO1,16.931140899658203,茅栗、白栎灌丛,108.3220398,29.45125585
1098,15.744118690490723,7.829617977142334,243.08296966552734,7.3642706871032715,-0.000128123,0.00635185744613409,,0.015723129734396935,0.028649471700191498,,623.3576361656103,27155.488519531038,7,SO1,10.737882614135742,茅栗、白栎灌丛,108.3274742,29.45186711
1099,8.27925968170166,3.209123373031616,260.8302688598633,4.14852237701416,-0.000866497,0.003317128401249647,,0.006614857353270054,0.022482052445411682,,562.8546724305047,27172.755879614902,7,SO1,5.429711818695068,茅栗、白栎灌丛,108.3268524,29.45161417
1100,29.23887062072754,7.466413974761963,152.96348571777344,13.976033210754395,0.0007115304470062256,0.004905364941805601,,0.009843798354268074,0.02549878880381584,,669.5591601580409,27006.217901391323,2,SO1,42.02627944946289,茅栗、白栎灌丛,108.3278306,29.45037188
1101,15.441572189331055,3.9033892154693604,271.2208938598633,7.3946533203125,-0.000998267,0.004164709709584713,,0.028268953785300255,0.040554627776145935,,542.4328694607085,27126.36455874163,7,SO1,7.297821044921875,茅栗、白栎灌丛,108.3265722,29.45086044
1102,16.37106704711914,8.623310089111328,169.73597717285156,7.591839790344238,-0.00025981,0.002802611095830798,,-0.009537045,0.035614870488643646,,263.28701201937685,27250.13178353141,7,SO1,33.03963851928711,茅栗、白栎灌丛,108.3235856,29.4500963
1103,10.936708450317383,5.132125377655029,299.3250427246094,4.991342067718506,-0.000206127,0.0052537876181304455,,-0.003313647,0.058181483298540115,,412.87626671517233,27146.07014782888,7,SO1,5.842066287994385,茅栗、白栎灌丛,108.3251287,29.45001946
1104,23.97524070739746,10.161425590515137,158.88919067382812,11.274003028869629,-0.001586584,0.00582770723849535,,0.017917964607477188,0.027612073346972466,,542.3902720236676,27081.667749185897,7,SO1,17.324604034423828,茅栗、白栎灌丛,108.3265022,29.45028046
1105,17.414880752563477,7.013179302215576,201.91021728515625,8.825018882751465,0.002586049260571599,0.005129591096192598,,-0.000305904,0.014124891720712185,,81.36108262779497,27402.98830414554,7,SO1,11.260266304016113,茅栗、白栎灌丛,108.3217562,29.45053333
1106,16.384599685668945,8.18039321899414,184.52236938476562,7.9974822998046875,-0.00035908,0.005445205606520176,,0.003461529966443777,0.015736769884824753,,21.330313955702962,27420.65750294126,1,SO1,15.348928451538086,茅栗、白栎灌丛,108.3209769,29.45015004
1107,14.791704177856445,5.8590087890625,191.480712890625,6.756900310516357,0.0007041289354674518,0.004097877070307732,,0.0006982582854107022,0.012387406080961227,,75.38641249480293,27380.250374274365,7,SO1,11.236733436584473,茅栗、白栎灌丛,108.3215899,29.45013474
1108,26.69086456298828,7.582397937774658,139.4265899658203,12.62312126159668,0.0004843156202696264,0.003948579542338848,,-0.002439953,0.013262530788779259,,839.3658205998464,26720.216299894713,2,SO1,69.17109680175781,茅栗、白栎灌丛,108.3290412,29.44789114
1109,14.403303146362305,9.972417831420898,181.2186737060547,7.2476372718811035,-0.000316353,0.005311691667884588,,0.004757140297442675,0.015231887809932232,,5.697752814919563,27440.887171170576,1,SO1,14.594632148742676,茅栗、白栎灌丛,108.3206704,29.4501577
1110,24.68627166748047,7.253213405609131,139.05128479003906,11.52919864654541,0.0003414581879042089,0.0019636512733995914,,0.003484636079519987,0.01914353296160698,,511.8845470670309,26938.077424911426,7,SO1,90.04878997802734,茅栗、白栎灌丛,108.3251522,29.44756176
1111,23.99772834777832,7.3634209632873535,129.8966064453125,11.211057662963867,-8.89E-05,0.003352430881932378,,-0.000271697,0.01104782149195671,,894.634077760959,26863.51222534738,2,SO1,56.84162139892578,茅栗、白栎灌丛,108.3301662,29.45040304
1112,14.134686470031738,3.898284912109375,179.88775634765625,6.761385440826416,-0.000516728,0.004632598254829645,,0.008386398665606976,0.01773262210190296,,5.334521882761364,27413.20526205167,1,SO1,6.714763641357422,茅栗、白栎灌丛,108.3203447,29.44957514
1113,13.359237670898438,5.733242988586426,183.1259766,6.228950500488281,-0.000379163,0.003360212314873934,,0.0020334760192781687,0.01475185714662075,,31.654010139941757,27375.499250728575,1,SO1,12.7108154296875,茅栗、白栎灌丛,108.3206442,29.44935286
1114,9.860762596130371,7.135385990142822,176.54730224609375,4.747015476226807,-0.00072448,0.0020990793127566576,,0.004462406970560551,0.015502364374697208,,13.098815205835916,27384.181551713424,1,SO1,10.238213539123535,茅栗、白栎灌丛,108.3201758,29.44909606
1115,17.72265625,10.696554183959961,174.67889404296875,8.352178573608398,-0.000336539,0.00256360718049109,,0.0010509664425626397,0.021919401362538338,,210.23772111178852,27221.381631301832,7,SO1,33.42292785644531,茅栗、白栎灌丛,108.322425,29.44887112
1116,13.965914726257324,4.0317230224609375,179.49322509765625,6.498965740203857,-0.001114322,0.002446739235892892,,0.002933144336566329,0.01649884134531021,,71.13266768785809,27333.43915328877,7,SO1,11.997844696044922,茅栗、白栎灌丛,108.3209419,29.44907693
1117,10.702774047851562,6.931718826293945,140.59841918945312,5.162734031677246,0.0009640578646212816,0.004367964807897806,,-0.007691025,0.07537612318992615,,69.11529215247312,27328.508499034597,7,SO1,9.456441879272461,茅栗、白栎灌丛,108.3190031,29.44752275
1118,10.582387924194336,7.889282703399658,166.061767578125,5.150379180908203,-0.001076819,0.0026770923286676407,,0.006835051346570253,0.016521548852324486,,24.76449010919068,27372.569219324963,1,SO1,7.889755725860596,茅栗、白栎灌丛,108.3200138,29.44883161
1119,12.323904037475586,8.100560188293457,150.86305236816406,5.971733093261719,-0.001675475,0.0037186224944889545,,0.0035187103785574436,0.025252094492316246,,46.561113112979655,27350.807306831786,1,SO1,8.94644546508789,茅栗、白栎灌丛,108.320005,29.44856333
1120,23.419355392456055,8.152373313903809,146.53396606445312,11.04086685180664,-0.000501385,0.0030886817257851362,,-0.002706416,0.016120964661240578,,635.5236082070438,26761.742996771198,2,SO1,125.07354736328125,茅栗、白栎灌丛,108.3244729,29.44492897
1121,14.26551342010498,7.094425201416016,153.5870361328125,6.879825592041016,0.0004855576844420284,0.0020469012670218945,,0.0084298774600029,0.02197635918855667,,176.2358712170264,27221.38772259669,7,SO1,9.96768569946289,茅栗、白栎灌丛,108.3197328,29.44679805
1122,5.819832801818848,3.570648193359375,157.27102661132812,3.120082139968872,-0.000454092,0.002461846452206373,,0.012311974540352821,0.10544983297586441,,100.89858979003041,27297.043073880617,7,SO1,3.8471784591674805,茅栗、白栎灌丛,108.3177811,29.44620236
1123,9.861756324768066,4.933684825897217,162.02972412109375,5.012295246124268,-0.000807225,0.0017441876698285341,,0.027740664780139923,0.03228801488876343,,144.55362979327833,27253.262867609847,7,SO1,4.224488735198975,茅栗、白栎灌丛,108.3186445,29.44634192
1124,15.394691467285156,9.803101539611816,145.94586181640625,7.4085283279418945,0.00024217471946030855,0.001901986077427864,,0.03513574227690697,0.0827348455786705,,172.92483096725584,27224.976425246496,7,SO1,12.317366600036621,茅栗、白栎灌丛,108.318454,29.44585512
1125,24.802875518798828,6.602121353149414,146.26622009277344,11.525568008422852,0.00076040014391765,0.002441208576783538,,0.005722413305193186,0.02245924063026905,,295.8051901874716,27101.808812215328,7,SO1,34.92174530029297,茅栗、白栎灌丛,108.3205898,29.44602171
1126,3.2691948413848877,2.3560166358947754,126.43408966064453,2.2142367362976074,-0.000561687,0.0013952298322692513,,0.014593040570616722,0.045236922800540924,,97.53170263128507,27305.729624359203,7,SO1,1.9375340938568115,茅栗、白栎灌丛,108.3173127,29.44594555
1127,28.962810516357422,3.1890130043029785,134.4263916015625,12.960225105285645,-1.11E-05,0.0008971024071797729,,0.0024473972152918577,0.009623180143535137,,396.22902802191555,27001.24427908556,7,SO1,13.080212593078613,茅栗、白栎灌丛,108.3219096,29.44583082
1128,20.4581298828125,6.5507378578186035,151.7935028076172,9.274797439575195,0.00034522401983849704,0.0028229488525539637,,-5.57E-06,0.009059539064764977,,503.6250839502859,26893.92911956469,7,SO1,56.72349548339844,茅栗、白栎灌丛,108.3222743,29.4448223
1129,20.63484764099121,7.234297752380371,158.2762451171875,9.464600563049316,0.00031202062382362783,0.004123085178434849,,0.0011095054214820266,0.02056579478085041,,748.46635811556,26649.46495612868,7,SO1,104.10883331298828,茅栗、白栎灌丛,108.3222339,29.44185321
1130,4.864860534667969,3.2404961585998535,176.45651245117188,2.3711609840393066,-3.43E-05,0.0016272247303277254,,0.01113846991211176,0.022554196417331696,,141.2365039322737,27292.654066130377,7,SC4,3.4121196269989014,茅栗、白栎灌丛,108.3168355,29.44542045
1131,5.698779106140137,3.914886236190796,163.17405700683594,2.9633309841156006,-0.000639299,0.0012874448439106345,,0.01666940189898014,0.02085532434284687,,169.8014716433298,27270.891947166725,7,SC4,3.763364315032959,茅栗、白栎灌丛,108.3168268,29.44515217
1132,23.71925926208496,7.580434799194336,146.89955139160156,11.075170516967773,0.00048757289187051356,0.002957647666335106,,-0.001341993,0.012074429541826248,,682.7921074709939,26714.850574838172,7,SO1,96.13924407958984,茅栗、白栎灌丛,108.323093,29.44330141
1133,23.73602294921875,6.216363906860352,127.97978973388672,10.95498275756836,0.00035522133111953735,0.0019546004477888346,,-0.003563203,0.012643025256693363,,735.6519975259124,26757.678326573405,2,SO1,76.00172424316406,茅栗、白栎灌丛,108.3275215,29.44720163
1134,5.788394927978516,4.247653961181641,140.5157012939453,2.7623486518859863,-0.000467772,0.0017800003988668323,,0.012925270013511181,0.020167365670204163,,175.72977639329494,27280.309971818057,7,SC4,3.346384048461914,茅栗、白栎灌丛,108.316516,29.44502568
1135,11.004895210266113,6.087997913360596,155.55697631835938,5.571563720703125,-0.001499527,0.0022552681621164083,,0.015038433484733105,0.021383604034781456,,199.5793641388557,27234.271288359694,7,SC4,5.9379563331604,茅栗、白栎灌丛,108.3171267,29.44494332
1136,23.993011474609375,8.316128730773926,162.78713989257812,11.260448455810547,0.0003297412768006325,0.0036028914619237185,,0.001153759192675352,0.010572624392807484,,482.6818686503852,26915.914123412036,7,SO1,90.58599090576172,茅栗、白栎灌丛,108.3238174,29.44627625
1137,8.54996109008789,5.819695949554443,111.87886047363281,4.081509113311768,-0.000592134,0.002080846345052123,,0.015311630442738533,0.029548119753599167,,218.57727378881094,27247.66674438621,7,SC4,5.249645233154297,茅栗、白栎灌丛,108.3165029,29.44462326
1138,20.160907745361328,6.235716819763184,135.8105926513672,9.163060188293457,0.0007274089730344713,0.0017165224999189377,,0.0016513450536876917,0.009713015519082546,,515.3729732143445,26912.560656283273,7,SO1,65.43159484863281,茅栗、白栎灌丛,108.3188967,29.44244178
1139,16.1926326751709,7.4763875007629395,145.13967895507812,7.324267387390137,-0.00072373,0.0013221418485045433,,0.012621505185961723,0.013939614407718182,,243.63969671221335,27186.769585634636,7,SC4,14.09017276763916,茅栗、白栎灌丛,108.3174223,29.44460033
1140,18.23676872253418,11.897690773010254,158.70152282714844,8.623091697692871,0.0006396082462742925,0.0025798771530389786,,-0.020334398,0.04065467044711113,,903.0357330152009,26519.06951885961,2,SO1,18.202680587768555,茅栗、白栎灌丛,108.3278505,29.44460833
1141,11.463865280151367,12.49227237701416,169.8790283203125,5.672640323638916,0.00033925980096682906,0.0021869963966310024,,-0.047807995,0.08728392422199249,,944.3415230187952,26477.020730887176,2,SO1,10.800196647644043,茅栗、白栎灌丛,108.3281482,29.44433238
1142,9.48897933959961,5.994647026062012,123.96366119384766,4.733639717102051,0.00026729985256679356,0.0019279741682112217,,0.017929622903466225,0.04018064960837364,,275.48237890807263,27220.570662006383,7,SC4,5.864073276519775,茅栗、白栎灌丛,108.316125,29.44400619
1143,21.340717315673828,4.221046447753906,105.45909881591797,9.573789596557617,0.0003296402283012867,0.00423306692391634,,0.0010917247273027897,0.00707582850009203,,705.2034041045152,26698.10280552749,7,SO1,85.1031265258789,茅栗、白栎灌丛,108.3210268,29.44150699
1144,20.9459285736084,5.255385875701904,137.0681915283203,9.212019920349121,-0.000643425,0.0012894832761958241,,0.0031503813806921244,0.011840363033115864,,280.6204232067722,27144.708432151598,7,SC4,18.216400146484375,茅栗、白栎灌丛,108.31772,29.44432441
1145,27.218589782714844,4.229503631591797,164.41700744628906,12.716710090637207,-0.00047684,0.0019115288741886616,,0.000674173585139215,0.004522825125604868,,771.6832264885525,26625.623146427653,2,SO1,28.6898250579834,茅栗、白栎灌丛,108.3252194,29.44386864
1146,13.13266372680664,7.077098846435547,40.73388672,4.958024024963379,0.002130956156179309,0.004580100532621145,,-0.016256984,0.011668394319713116,,354.7136414321241,27198.422715066536,7,SC4,8.77833366394043,茅栗、白栎灌丛,108.3152533,29.44306784
1147,29.2823486328125,4.0486249923706055,160.6223602294922,13.761488914489746,-0.000224256,0.0025379518046975136,,0.0014682243345305324,0.0038555474020540714,,823.8721043653757,26573.413082385032,2,SO1,25.546430587768555,茅栗、白栎灌丛,108.3256703,29.44358888
1148,13.222236633300781,6.511172294616699,97.12782287597656,6.15645694732666,-0.000121097,0.003280575852841139,,0.01494619157165289,0.02996322140097618,,316.129058154766,27201.216149689702,7,SC4,8.850393295288086,茅栗、白栎灌丛,108.3158551,29.44356542
1149,19.254117965698242,4.178624629974365,144.1992645263672,8.838123321533203,-0.000650703,0.0038103237748146057,,0.004259555600583553,0.009260231629014015,,377.6609203738703,27131.114068462644,7,SC4,9.575307846069336,茅栗、白栎灌丛,108.3163513,29.44310556
1150,13.493663787841797,7.599878311157227,135.14468383789062,6.107826232910156,-0.001906288,0.001778255682438612,,0.011838643811643124,0.015890710055828094,,448.8486847493256,27093.136706185178,7,SC4,5.840704441070557,茅栗、白栎灌丛,108.315969,29.44235435
1151,23.25838851928711,6.6542181968688965,131.57008361816406,10.66927719116211,0.0015457166591659188,0.0030039099510759115,,-0.000415067,0.007759442087262869,,883.0834966591792,26552.602714545148,2,SO1,115.99195861816406,茅栗、白栎灌丛,108.320713,29.43951637
1152,21.933897018432617,4.898077011108398,141.35293579101562,10.109586715698242,-8.15E-05,0.0027350785676389933,,0.00048028226592577994,0.006670673377811909,,740.0631123641821,26741.432883386773,7,SO1,75.36743927001953,茅栗、白栎灌丛,108.3187593,29.44027918
1153,8.961910247802734,5.072719573974609,88.04875183105469,3.914623975753784,-0.000384912,0.0020820298232138157,,0.002039580838754773,0.020405130460858345,,500.34432087021,27100.07745956347,7,SC4,9.36137580871582,茅栗、白栎灌丛,108.3149297,29.44163629
1154,6.954148769378662,4.986440181732178,51.14134216308594,3.2644941806793213,6.51119917165488e-05,0.00267476262524724,,0.003742881352081895,0.02499333582818508,,418.027189860725,27193.900140352645,7,SC4,4.764745235443115,茅栗、白栎灌丛,108.3142792,29.44226221
1155,16.364059448242188,5.219969749450684,144.0249481201172,7.352967262268066,8.851338498061523e-05,0.0018487207125872374,,-0.000298872,0.01305041741579771,,561.357424403975,26986.52030129238,7,SC4,14.432560920715332,茅栗、白栎灌丛,108.3163981,29.44140391
1156,14.414833068847656,5.34079647064209,151.24478149414062,6.490060329437256,0.0006931613315828145,0.0017315525328740478,,-0.000560693,0.012549623847007751,,581.5684708504327,26985.056992377504,7,SC4,11.530928611755371,茅栗、白栎灌丛,108.3160829,29.44114327
1157,21.925630569458008,10.26732063293457,160.39111328125,10.251241683959961,-0.000476317,0.002712793881073594,,0.0018504932522773743,0.0181773379445076,,864.7850985376897,26686.84599748395,7,SO1,122.9012451171875,茅栗、白栎灌丛,108.3178245,29.43890233
1158,20.572303771972656,9.665186882019043,145.19815063476562,9.560591697692871,0.00015090600936673582,0.001868575345724821,,0.001891797874122858,0.01780514046549797,,912.5391124767244,26756.23072772633,7,SO1,84.70985412597656,茅栗、白栎灌丛,108.3154805,29.43792854
1159,16.714458465576172,8.633166313171387,178.11358642578125,8.336008071899414,0.002052891533821821,0.006065702065825462,,-0.013957517,0.03468242287635803,,696.861858494132,27075.332594270487,7,SC4,8.641602516174316,茅栗、白栎灌丛,108.3121344,29.43918316
1160,12.119112014770508,6.200235843658447,150.03334045410156,5.830865383148193,-0.000617536,0.003591455053538084,,0.01719452068209648,0.09016551822423935,,687.1296160408083,27076.308208583065,7,SC4,9.454038619995117,茅栗、白栎灌丛,108.3123445,29.43935693
1161,11.47238826751709,4.453463554382324,175.11387634277344,5.584712982177734,-0.001575615,0.003745528869330883,,-0.001967062,0.039543844759464264,,648.7994910450626,27105.293253238244,7,SC4,5.3463239669799805,茅栗、白栎灌丛,108.3115697,29.43910772
1162,14.466845512390137,6.566452503204346,149.35491943359375,7.105256080627441,-0.000126025,0.003842344041913748,,0.02582215890288353,0.1304795891046524,,664.6066565945702,27053.082284380795,7,SC4,12.403568267822266,茅栗、白栎灌丛,108.3120206,29.438828
1163,25.467132568359375,11.872489929199219,135.61805725097656,12.366852760314941,9.27114742808044e-05,0.002849769312888384,,-0.001803776,0.02179909683763981,,1020.9473151619355,26505.949774252473,2,SO1,141.2777557373047,茅栗、白栎灌丛,108.3169237,29.43603357
1164,15.139688491821289,7.518664836883545,134.0508575439453,8.11755084991455,0.0004790950915776193,0.003426623996347189,,0.0024941947776824236,0.025947775691747665,,680.0967829016312,27021.902078189585,7,SC4,8.74576187133789,茅栗、白栎灌丛,108.3123227,29.43868623
1165,15.618566513061523,6.588249206542969,146.65036010742188,7.551977157592773,-0.000181996,0.0033810269087553024,,0.03426416218280792,0.14483396708965302,,631.1945825477371,27006.928678073094,7,SO1,20.076631546020508,茅栗、白栎灌丛,108.3120218,29.43827419
1166,14.595602989196777,5.247158527374268,126.4129409790039,6.66524076461792,0.00040812353836372495,0.0022700319532305002,,0.0010551705490797758,0.013482625596225262,,696.8322101256699,26990.721861752652,7,SC4,11.01414966583252,茅栗、白栎灌丛,108.3126248,29.43854446
1167,14.858484268188477,7.239509582519531,86.37417602539062,6.8992533683776855,-0.002157636,0.004809292033314705,,0.03311733528971672,0.12966375052928925,,534.2379369114484,27090.753280722238,7,SC4,8.241390228271484,茅栗、白栎灌丛,108.3107775,29.43832195
1168,21.69190216064453,9.0617094039917,140.19482421875,10.080676078796387,0.000488968042191118,0.0021284723188728094,,0.002529737539589405,0.017478855326771736,,658.3112211644944,26661.386853367465,7,SO1,71.71634674072266,茅栗、白栎灌丛,108.3132059,29.43503442
1169,14.511548042297363,6.687966823577881,67.08667755126953,6.765557289123535,-0.001870764,0.005321612115949392,,0.026609444990754128,0.12950563430786133,,492.3604454980169,27089.289752205288,7,SC4,9.9614839553833,茅栗、白栎灌丛,108.3104623,29.4380613
1170,11.104198455810547,7.286543369293213,106.22862243652344,5.061971664428711,0.00015176272427197546,0.0024339715018868446,,-0.004131498,0.048616923391819,,463.99539372213303,26925.371740417635,7,SO1,20.470508575439453,茅栗、白栎灌丛,108.3110258,29.43652579
1171,21.69673728942871,8.011445999145508,134.70579528808594,9.966891288757324,0.0004273427475709468,0.0031163597013801336,,-0.001752232,0.012804834172129631,,827.1637146064203,26521.68176613185,2,SO1,130.57748413085938,茅栗、白栎灌丛,108.3149296,29.43468481
1172,11.063511848449707,4.9937052726745605,117.65982055664062,4.97845458984375,0.00022730942873749882,0.0016239200485870242,,-0.004771498,0.015160487964749336,,696.8294642001844,26863.074098636334,7,SO1,7.429556369781494,茅栗、白栎灌丛,108.3132028,29.43745607
1173,30.36342430114746,4.7381134033203125,121.41775512695312,14.345125198364258,0.0008536080713383853,0.0027835643850266933,,-0.000843129,0.0063126711174845695,,1129.550334236491,26325.88790821449,2,SO1,32.37264633178711,茅栗、白栎灌丛,108.321481,29.43738389
1174,9.77787971496582,5.659759998321533,199.7386474609375,4.826309680938721,0.0005977373803034425,0.002846276154741645,,-0.007257761,0.0380716435611248,,338.98496598410134,27060.39312638339,7,SC4,6.321561813354492,茅栗、白栎灌丛,108.3094371,29.43692331
1175,17.445344924926758,7.50126314163208,141.6163787841797,7.944369316101074,-0.0003995,0.001300460658967495,,-0.0021129,0.01839117892086506,,432.6889737317417,26764.05694770483,7,SO1,54.88888931274414,茅栗、白栎灌丛,108.3108505,29.43445179
1176,10.280237197875977,5.897134304046631,188.79571533203125,5.0670881271362305,-0.00059138,0.0029580299742519855,,0.007509927731007338,0.020586255937814713,,294.3946713371723,27039.91020402671,7,SC4,8.624818801879883,茅栗、白栎灌丛,108.3091843,29.43648211
1177,21.018714904785156,8.564518928527832,154.3029327392578,9.599180221557617,0.0003400634741410613,0.0030700366478413343,,0.004973220638930798,0.03228462114930153,,605.7427277742775,26614.626418890464,7,SO1,91.21923065185547,茅栗、白栎灌丛,108.312613,29.43401518
1178,26.018680572509766,10.433501243591309,135.23904418945312,12.43459701538086,0.0001780129678081721,0.002343086525797844,,0.0025746494065970182,0.012291223742067814,,975.5297283078194,26617.93659590877,2,SO1,120.04763793945312,茅栗、白栎灌丛,108.3174478,29.43778365
1179,9.020305633544922,5.8897600173950195,197.9508819580078,4.664834499359131,-0.000995062,0.003333011409267783,,0.005493012722581625,0.024672415107488632,,197.43886449070865,27046.94936266164,7,SC4,5.922641277313232,茅栗、白栎灌丛,108.3083614,29.43593201
1180,38.25878906,1.7768054008483887,139.71636962890625,18.84161949157715,0.001944297575391829,0.0011572397779673338,,-0.00397429,0.003023412311449647,,1265.6455832615397,26275.77704690454,2,SO1,16.968656539916992,茅栗、白栎灌丛,108.3200452,29.43567451
1181,24.143198013305664,13.009324073791504,116.55378723144531,11.84473705291748,0.0023194889072328806,0.002623922424390912,,-0.013819695,0.022052209824323654,,1306.836141288351,26223.56677163695,2,SO1,20.49978256225586,茅栗、白栎灌丛,108.3204961,29.43539476
1182,15.391602516174316,12.56373405456543,97.15824890136719,7.719753742218018,0.0021351410541683435,0.002375182695686817,,-0.014263119,0.050570473074913025,,1344.1410533921483,26181.505823062253,2,SO1,10.844091415405273,茅栗、白栎灌丛,108.3207938,29.43511883
1183,6.731741428375244,4.0224409103393555,40.266761779785156,3.737048625946045,-0.001280172,0.0031284268479794264,,-0.009059598,0.06039639562368393,,104.72920748273697,27046.61231132961,7,SC4,4.167550563812256,茅栗、白栎灌丛,108.3075093,29.43527077
1184,21.909652709960938,6.894526481628418,140.57772827148438,10.049221992492676,2.1244515664875507e-05,0.0020092304330319166,,-0.001917123,0.039732493460178375,,623.8137501109128,26470.83826453404,2,SO1,110.33000183105469,茅栗、白栎灌丛,108.3122458,29.43200383
1185,11.087298393249512,6.445506572723389,160.19036865234375,5.830917835235596,-0.001427407,0.0036267642863094807,,0.007034703623503447,0.02910161018371582,,85.48497466210118,27031.12799836571,1,SC4,8.736084938049316,茅栗、白栎灌丛,108.3072934,29.43491814
1186,13.648774147033691,6.945468902587891,160.68804931640625,6.596807956695557,-0.001505481,0.0034801436122506857,,0.007165730930864811,0.025068078190088272,,115.46131544835652,26999.947659486268,7,SC4,12.227325439453125,茅栗、白栎灌丛,108.3075955,29.43477638
1187,17.297725677490234,4.3195719718933105,162.59689331054688,7.891767978668213,-0.000534254,0.003814494237303734,,0.002299588406458497,0.01176541019231081,,101.25015020198087,26977.453061472672,7,SC4,7.852825164794922,茅栗、白栎灌丛,108.3074292,29.43437776
1188,15.665641784667969,5.702558994293213,133.55514526367188,7.325334072113037,-0.00018138,0.0014774295268580317,,-0.000883967,0.012593168765306473,,254.43577798728018,26856.106665343254,7,SO1,23.242694854736328,茅栗、白栎灌丛,108.3089948,29.43412686
1189,11.434012413024902,7.719393253326416,184.21435546875,5.7353925704956055,9.429360216017812e-05,0.004695739597082138,,0.009956186637282372,0.025840114802122116,,46.225003136842886,26997.578539747596,1,SC4,6.191914081573486,茅栗、白栎灌丛,108.3068257,29.4341541
1190,20.026216506958008,3.220130205154419,137.82369995117188,8.899335861206055,0.0002183613833039999,0.001079340698197484,,0.0004343873879406601,0.008421924896538258,,171.65701693842132,26904.650200923996,7,SC4,14.600846290588379,茅栗、白栎灌丛,108.3081236,29.4340383
1191,20.43300437927246,5.891802787780762,156.15103149414062,9.301431655883789,0.00035381995257921517,0.0023605588357895613,,0.00140091753564775,0.009202356450259686,,393.30126943404196,26657.920607443662,7,SO1,58.99536895751953,茅栗、白栎灌丛,108.3097382,29.43231821
1192,15.533881187438965,4.7661638259887695,153.96441650390625,7.161098957061768,0.0015583987114951015,0.0018895197426900268,,0.0020403070375323296,0.016287242993712425,,278.75368228686807,26789.456445105698,7,SO1,12.05221176147461,茅栗、白栎灌丛,108.3090447,29.43336429
1193,10.472496032714844,8.307007789611816,132.74993896484375,5.044264793395996,0.0005046360311098397,0.0018648728728294373,,-0.022232687,0.04819817841053009,,107.93273909036822,26916.471069218533,7,SO1,14.64680004119873,茅栗、白栎灌丛,108.3062843,29.43276167
1194,13.206413269042969,5.935842990875244,143.40309143066406,6.0414137840271,0.0004664610605686903,0.0008965868619270623,,0.0014117687242105603,0.017617998644709587,,305.0670034292787,26780.22174979489,7,SO1,12.24390697479248,茅栗、白栎灌丛,108.3093949,29.43352339
1195,28.928539276123047,8.565364837646484,148.7482452392578,14.024154663085938,0.0003322857082821429,0.003680409863591194,,0.0013900091871619225,0.008977429941296577,,968.248661856424,26421.241391155607,2,SO1,101.93850708007812,茅栗、白栎灌丛,108.31638,29.43459624
1196,18.258895874023438,7.543162822723389,143.04229736328125,8.296454429626465,0.0006916570710018277,0.0010114245815202594,,0.006218767259269953,0.014480655081570148,,380.22035858607796,26696.09862732471,7,SO1,16.34539222717285,茅栗、白栎灌丛,108.3099903,29.43297158
1197,16.170337677001953,7.2632856369018555,145.7007293701172,7.380522727966309,0.0005382216186262667,0.0010995726333931088,,0.005504527594894171,0.01498430222272873,,352.65134890744315,26716.397475470578,7,SO1,13.523725509643555,茅栗、白栎灌丛,108.3096839,29.4329792
1198,16.30088233947754,4.8912353515625,137.90919494628906,7.650326251983643,-0.000704982,0.002899890299886465,,-0.000354577,0.014438875019550323,,235.92620737709825,26798.689172703045,7,SO1,31.5511417388916,茅栗、白栎灌丛,108.3078439,29.43254899
1199,22.135238647460938,7.604557514190674,150.12254333496094,10.228598594665527,0.00029998720856383443,0.003021786455065012,,-0.000651515,0.011587703600525856,,604.3095294070131,26434.570157444443,2,SO1,112.41426086425781,茅栗、白栎灌丛,108.3107763,29.43043452
1200,23.6925048828125,7.965941429138184,153.54933166503906,11.040369033813477,-0.000399046,0.0030636449810117483,,-0.004197754,0.01309261191636324,,939.940628542222,26200.729003973596,2,SO1,41.39706802368164,茅栗、白栎灌丛,108.3153802,29.43117498
1201,8.76614761352539,2.2217109203338623,179.19638061523438,4.7217183113098145,-0.00186127,0.0032073447946459055,,-0.00812961,0.019022898748517036,,84.26759763959154,26922.948235753352,7,SC4,4.698384761810303,茅栗、白栎灌丛,108.3050484,29.43188619
1202,23.54929542541504,9.146468162536621,169.78233337402344,10.830488204956055,0.0016704733716323972,0.003339682938531041,,-0.006241738,0.010932798497378826,,1012.3977742070334,26182.77466873909,2,SO1,22.230712890625,茅栗、白栎灌丛,108.3163903,29.43173821
1203,16.01776695251465,9.93958854675293,197.18067932128906,7.434406280517578,0.0012600962072610855,0.0031255593057721853,,-0.007263161,0.01467210240662098,,1063.2676791479648,26130.56417118858,2,SO1,14.47054672241211,茅栗、白栎灌丛,108.3168412,29.43145847
1204,22.87407112121582,9.740372657775879,155.3702392578125,10.806230545043945,-0.000184768,0.0029528257437050343,,-0.003364037,0.03540408983826637,,685.656462948086,26334.693215429153,2,SO1,109.63014221191406,茅栗、白栎灌丛,108.3102179,29.4288034
1205,21.381921768188477,2.448505163192749,153.4941406,9.631871223449707,-0.000636066,0.0021152189001441,,0.001542606158182025,0.005501692648977041,,474.95221503543905,26565.52212802472,7,SO1,18.21192741394043,茅栗、白栎灌丛,108.3099381,29.43136189
1206,6.515563488006592,5.31539249420166,93.06198120117188,3.552168369293213,-0.001543137,0.0038550803437829018,,0.00711000245064497,0.06071152538061142,,103.59285395926092,26892.021242482842,7,SC4,3.155280351638794,茅栗、白栎灌丛,108.3044699,29.43106822
1207,17.183149337768555,9.563281059265137,138.6232147216797,8.180502891540527,-0.000880879,0.0034875187557190657,,0.004249666817486286,0.022275537252426147,,405.8258172973247,26598.18755762772,7,SO1,38.79517364501953,茅栗、白栎灌丛,108.3071793,29.42962652
1208,21.192955017089844,8.764046669006348,146.19351196289062,9.817415237426758,-8.24E-05,0.002880255226045847,,-0.002414145,0.014806623570621014,,635.1313390737778,26366.071434051824,2,SO1,108.5819091796875,茅栗、白栎灌丛,108.3086661,29.4279836
1209,12.117790222167969,7.89815092086792,152.57261657714844,6.238085746765137,-0.000711013,0.0033695187885314226,,0.009459219872951508,0.035852715373039246,,158.50562140261619,26815.93797120075,7,SO1,7.603305339813232,茅栗、白栎灌丛,108.3035566,29.42944922
1210,16.256580352783203,8.830333709716797,138.56370544433594,7.758140563964844,-0.001201127,0.0033285554964095354,,0.015106916427612305,0.035128556191921234,,164.89058256395583,26822.08695918709,7,SO1,13.459705352783203,茅栗、白栎灌丛,108.304379,29.43015758
1211,20.431861877441406,6.709070682525635,143.42233276367188,9.562477111816406,8.948188042268157e-05,0.0027256812900304794,,0.0009582240600138903,0.015115818940103054,,456.3602333461713,26568.44951102205,7,SO1,59.8234977722168,茅栗、白栎灌丛,108.3088333,29.4305449
1212,20.524465560913086,9.096738815307617,135.0615234,9.612439155578613,0.00013555189070757478,0.002152617322281003,,-0.008509687,0.061140276491642,,702.4791509013106,26290.02291921051,2,SO1,114.91598510742188,茅栗、白栎灌丛,108.3086151,29.42703022
1213,12.747464179992676,10.086334228515625,139.4705810546875,6.504858493804932,-0.001265195,0.0028930071275681257,,0.02767041325569153,0.12646235525608063,,176.0829531115583,26781.389584313067,7,SO1,11.30489730834961,茅栗、白栎灌丛,108.3026329,29.42832144
1214,18.326610565185547,6.9293670654296875,153.3174285888672,8.308021545410156,0.0007417022716253996,0.0023710443638265133,,-0.006562109,0.06923770159482956,,488.8831742490236,26487.530143925527,7,SO1,46.11673355102539,茅栗、白栎灌丛,108.3060716,29.42744209
1215,26.147480010986328,10.861928939819336,161.7841339111328,13.055974960327148,-0.000832865,0.002132602734491229,,0.10840306431055069,0.31851691007614136,,242.26962235802907,26719.76089581511,7,SO1,20.59064292907715,茅栗、白栎灌丛,108.3033946,29.42816828
1216,7.111990928649902,6.032158851623535,126.7076644897461,4.03368616104126,-0.001064091,0.0026163375005126,,0.02773667871952057,0.13752895593643188,,142.17841602142715,26811.837945389703,7,SO1,4.67690896987915,茅栗、白栎灌丛,108.3021733,29.42833285
1217,15.045557975769043,6.2018303871154785,143.15687561035156,6.949813365936279,0.0004122290702071041,0.0020072301849722862,,-0.012570273,0.05439258739352226,,346.85661557971423,26601.756436585667,7,SO1,32.6854248046875,茅栗、白栎灌丛,108.3033212,29.42669336
1218,22.384336471557617,9.45926570892334,151.95916748046875,10.494369506835938,9.958896043826826e-06,0.0024881050921976566,,-0.0021818,0.015404662117362022,,793.1056614151337,26160.940520310567,2,SO1,99.96527862548828,茅栗、白栎灌丛,108.3068899,29.42414805
1219,8.738197326660156,2.422433614730835,102.45199584960938,4.325029373168945,-0.000748201,0.003439712803810835,,-0.010535114,0.03973947837948799,,157.48127035918807,26788.2445328206,7,SO1,4.376884937286377,茅栗、白栎灌丛,108.3017707,29.42773871
1220,15.119608879089355,6.964749336242676,142.77867126464844,6.85841178894043,-0.000345477,0.0015469265636056662,,-0.002422096,0.024394864216446877,,375.93568397654155,26565.57225109742,7,SO1,34.78779602050781,茅栗、白栎灌丛,108.3030919,29.42608151
1221,20.906627655029297,10.99869155883789,160.60081481933594,10.304048538208008,-0.000535989,0.0012160869082435966,,-0.015277021,0.016400886699557304,,336.9531995708984,26625.24358187599,7,SO1,8.783958435058594,茅栗、白栎灌丛,108.3040907,29.42756925
1222,7.33165168762207,4.098961353302002,172.67503356933594,4.1301164627075195,-0.000680369,0.0028296797536313534,,-0.003504249,0.02747519314289093,,167.31403397446647,26762.08843952729,7,SO1,3.9888718128204346,茅栗、白栎灌丛,108.3008167,29.42668838
1223,10.289932250976562,3.374518871307373,141.7353973388672,4.4690842628479,-0.000724172,0.0005304392543621361,,0.007404315285384655,0.00943298265337944,,411.73750035133753,26552.24537627842,7,SO1,4.519944190979004,茅栗、白栎灌丛,108.304743,29.42719505
1224,17.485816955566406,6.471339702606201,130.79368591308594,7.932596683502197,-0.000406781,0.001849965425208211,,0.0003638115304056555,0.012685945257544518,,287.5411629064163,26646.99891736375,7,SO1,26.547122955322266,茅栗、白栎灌丛,108.3020201,29.4262334
1225,17.11832046508789,9.07058334350586,132.90187072753906,8.42768669128418,-0.000670335,0.0030798190273344517,,0.01054172683507204,0.07003024220466614,,233.09700113620227,26692.456208905984,7,SO1,16.133691787719727,茅栗、白栎灌丛,108.3010248,29.42601197
1226,26.030521392822266,8.834430694580078,157.31838989257812,12.37597656,0.0005984158487990499,0.003327994141727686,,-0.003076582,0.022912992164492607,,868.8822906256522,26106.886150770373,2,SO1,79.50420379638672,茅栗、白栎灌丛,108.308784,29.42495942
1227,10.58640193939209,7.918304443359375,119.99114227294922,5.346276760101318,-0.00136246,0.0027381121180951595,,0.18092946708202362,0.7141709923744202,,201.58835814859364,26715.99942154716,7,SO1,7.32736349105835,茅栗、白栎灌丛,108.300248,29.42569562
1228,18.43915367126465,12.301695823669434,149.4745635986328,9.110119819641113,0.00025323478621430695,0.0023293590638786554,,0.032761190086603165,0.27851444482803345,,313.58050433141074,26609.931840891295,7,SO1,27.799135208129883,茅栗、白栎灌丛,108.3014637,29.4253586
1229,5.392052173614502,4.260776996612549,56.01072692871094,3.152848482131958,-0.000331898,0.0027366906870156527,,0.28813615441322327,1.0065993070602417,,203.12960879845676,26706.141590641513,7,SO1,4.527766704559326,茅栗、白栎灌丛,108.2996849,29.42514275
1230,19.249637603759766,4.741247653961182,144.3565216064453,8.874938011169434,-0.000584495,0.0028751844074577093,,-0.003288279,0.011541146785020828,,331.76232513724636,26582.863186926414,7,SO1,26.304454803466797,茅栗、白栎灌丛,108.3009811,29.42466097
1231,15.312233924865723,7.9082818031311035,130.5704803466797,7.341050148010254,-0.001037281,0.002480127615854144,,0.17905588448047638,0.714459240436554,,243.58158660913173,26673.937312095386,7,SO1,13.527629852294922,茅栗、白栎灌丛,108.3005457,29.42541973
1232,14.2304105758667,10.14545726776123,152.50453186035156,6.773397445678711,0.0007757160346955061,0.0014416048070415854,,-0.027707485,0.08467741310596466,,404.95936965529546,26525.510912607864,7,SO1,13.151540756225586,茅栗、白栎灌丛,108.3026022,29.42522225
1233,19.811359405517578,7.154315948486328,140.4325408935547,9.164530754089355,-0.000417989,0.002483483636751771,,0.05102241411805153,0.26534608006477356,,285.5747987720445,26631.875220836835,7,SO1,17.04239273071289,茅栗、白栎灌丛,108.3008434,29.42514385
1234,24.35146141052246,6.1282806396484375,155.092041015625,11.237752914428711,0.0004912004806101322,0.003170283976942301,,-0.007179407,0.02094586379826069,,349.9679444210249,26569.514356724612,7,SO1,13.805222511291504,茅栗、白栎灌丛,108.3014475,29.42486036
1235,11.521164894104004,11.20141315460205,163.6092071533203,5.682559967041016,0.00025748249026946723,0.002014636294916272,,-0.020700181,0.07108171284198761,,414.36105690931527,26507.153525609465,7,SO1,10.471207618713379,茅栗、白栎灌丛,108.3020517,29.42457687
1236,14.450153350830078,7.16565465927124,161.7666473388672,6.536601543426514,0.0004033527511637658,0.0016667279414832592,,0.006993102841079235,0.0199283380061388,,617.65956016638,26317.893911843326,7,SO1,27.97868537902832,茅栗、白栎灌丛,108.304474,29.42417079
1237,17.16098976135254,9.69679069519043,160.5229949951172,7.908651828765869,0.0001366076903650537,0.0022699914406985044,,0.011601514182984829,0.05674760788679123,,310.90738049648184,26595.33648829472,7,SO1,21.830224990844727,茅栗、白栎灌丛,108.3002523,29.4242486
1238,5.044764995574951,4.005934238433838,157.64041137695312,3.169562578201294,-0.000706887,0.0017831834265962243,,0.01764228194952011,0.05665268003940582,,256.1377685862232,26636.50742901458,7,SO1,2.509364128112793,茅栗、白栎灌丛,108.298919,29.42371483
1239,12.204232215881348,6.697683811187744,153.56129455566406,5.876290321350098,0.00015985795471351594,0.0020353023428469896,,-0.010441081,0.06885603815317154,,440.3775754896554,26469.549699920153,7,SO1,9.255729675292969,茅栗、白栎灌丛,108.3014391,29.42365232
1240,21.714740753173828,7.544797420501709,158.519287109375,9.810486793518066,-0.000797201,0.002766367979347706,,0.0025500115007162094,0.010508893989026546,,777.9130510117926,26151.120453689262,2,SO1,50.613502502441406,茅栗、白栎灌丛,108.3051893,29.42271812
1241,14.06314468383789,5.939033508300781,141.83082580566406,6.358453750610352,0.000763826014008373,0.003452703356742859,,0.002149529755115509,0.030078507959842682,,511.20821010921065,26399.885643391543,7,SO1,11.349863052368164,茅栗、白栎灌丛,108.3020298,29.42327072
1242,17.60710906982422,6.66637659072876,142.90167236328125,7.174863338470459,0.0012584715150296688,0.0029963708948343992,,0.012529737316071987,0.025573866441845894,,334.6429436621375,26563.9788430438,7,SO1,17.472206115722656,茅栗、白栎灌丛,108.299897,29.42359763
1243,12.296605110168457,7.0711164474487305,168.45936584472656,6.09827184677124,0.0005968306213617325,0.0011771322460845113,,0.00865652970969677,0.03435466066002846,,587.0112282427349,26341.346503520184,7,SO1,6.907805919647217,茅栗、白栎灌丛,108.3037677,29.42390778
1244,13.967316627502441,5.9384236335754395,146.15054321289062,6.2548346519470215,-0.00080957,0.0016559625510126352,,-0.002368435,0.026154059916734695,,443.5049262267949,26447.420422747033,7,SO1,22.91853904724121,茅栗、白栎灌丛,108.3001498,29.42239167
1245,14.354117393493652,5.836900234222412,153.4652099609375,6.543881416320801,9.657705231802538e-05,0.0020245639607310295,,-0.004792277,0.017300106585025787,,422.7275576315673,26479.532227339936,7,SO1,12.671341896057129,茅栗、白栎灌丛,108.3007826,29.42326586
1246,16.838539123535156,6.708174705505371,148.1084442138672,7.706739902496338,0.0008629517978988588,0.0017822911031544209,,-0.000783703,0.01901325397193432,,685.888192968927,26218.466581168253,7,SO1,34.38629150390625,茅栗、白栎灌丛,108.3028227,29.42170188
1247,12.075997352600098,7.653969764709473,131.5882110595703,5.685145854949951,3.7249083106871694e-06,0.002528867917135358,,0.001204906846396625,0.04270413517951965,,417.90205447197434,26440.19069363675,7,SO1,22.48781394958496,茅栗、白栎灌丛,108.2976989,29.4204138
1248,22.374393463134766,8.840948104858398,134.1807861328125,10.530760765075684,5.002321267966181e-05,0.002187983365729451,,-0.004729478,0.031812362372875214,,938.2647802798848,25982.178493994223,2,SO1,80.86941528320312,茅栗、白栎灌丛,108.3057512,29.42112102
1249,12.028191566467285,5.446855545043945,165.18556213378906,5.58950662612915,0.0014758292818441987,0.0037923671770840883,,-0.008928565,0.029018869623541832,,580.2729933913124,26326.198571374676,7,SO1,10.001802444458008,茅栗、白栎灌丛,108.3022082,29.42252263
1250,6.373937129974365,5.289845943450928,298.46935653686523,2.9127283096313477,-3.68E-05,0.0005311119020916522,,0.004158354829996824,0.030093960464000702,,142.65432885924437,27123.69502276492,7,SO1,11.503199577331543,夏稻、冬小麦、蚕豆、玉米；大豆、冬油菜；茶、油桐、棕榈；杨梅、苹果,108.287278,29.42058877
1251,27.527324676513672,7.627362251281738,161.7765655517578,13.109038352966309,-4.32E-06,0.003115864237770438,,-0.004966566,0.013939285650849342,,1055.5953911552176,25882.08418706019,2,SO1,26.768157958984375,茅栗、白栎灌丛,108.3077776,29.42148118
1252,14.383803367614746,7.343311309814453,120.7922134399414,6.516993522644043,-0.000149185,0.0014674270059913397,,-0.007050127,0.014051098376512527,,462.7697998035276,26413.915297168056,7,SO1,20.85521697998047,茅栗、白栎灌丛,108.2993055,29.42133756
1253,20.07054901123047,8.999603271484375,150.2854766845703,9.322707176208496,0.0003446460759732872,0.002611977281048894,,0.006089115981012583,0.01709003560245037,,845.0015726625292,26027.481493545496,7,SO1,65.24427795410156,茅栗、白栎灌丛,108.3017685,29.41859301
1254,23.23686408996582,6.955920219421387,162.02101135253906,10.597915649414062,-3.58E-06,0.002995387651026249,,0.002444059820845723,0.008015879429876804,,855.5760340504331,26042.430263960498,2,SO1,61.324073791503906,茅栗、白栎灌丛,108.3036066,29.4201908
1255,22.687421798706055,10.172952651977539,173.86932373046875,10.823092460632324,-0.000158998,0.0031795694958418608,,-0.00531893,0.02199232205748558,,1097.5565933474475,25840.022530313363,2,SO1,20.267608642578125,茅栗、白栎灌丛,108.3080753,29.42120528
1256,15.52863883972168,8.85974407196045,314.3252410888672,7.200023174285889,0.0005031457985751331,0.003512321040034294,,0.006868661846965551,0.030103804543614388,,305.9402593652042,27325.01541240086,7,SO1,25.97736930847168,夏稻、冬小麦、蚕豆、玉米；大豆、冬油菜；茶、油桐、棕榈；杨梅、苹果,108.2835718,29.42014874
1257,3.9754388332366943,3.8762688636779785,306.4299087524414,1.9164469242095947,0.0001803599006962031,0.0009546481887809932,,-0.003263389,0.02731216698884964,,124.07095473019926,27042.61183453613,7,SO1,9.92258358001709,夏稻、冬小麦、蚕豆、玉米；大豆、冬油菜；茶、油桐、棕榈；杨梅、苹果,108.2896011,29.42140675
1258,12.061177253723145,7.604818820953369,17.741897583007812,5.9714436531066895,0.0016853442648425698,0.003920015413314104,,-0.017616564,0.029221566393971443,,441.8917533817185,27509.823705357303,2,SO1,6.6262969970703125,夏稻、冬小麦、蚕豆、玉米；大豆、冬油菜；茶、油桐、棕榈；杨梅、苹果,108.2812864,29.42060655
1259,1.6096256971359253,0.6795024871826172,202.81797790527344,0.7632366418838501,-0.00010032,0.0006155757582746446,,0.008077980019152164,0.024267693981528282,,83.66107319430982,26836.666905547874,1,SO1,0.7554457187652588,夏稻、冬小麦、蚕豆、玉米；大豆、冬油菜；茶、油桐、棕榈；杨梅、苹果,108.2907329,29.41980456
1260,18.993906021118164,11.434110641479492,136.32167053222656,8.903650283813477,-0.000125562,0.0021381487604230642,,-0.003956519,0.02535438910126686,,969.5672223919005,25893.408653466016,2,SO1,100.04583740234375,茅栗、白栎灌丛,108.3020094,29.41716735
1261,13.59856128692627,6.140833854675293,222.80615234375,6.16452693939209,-0.001557975,0.005124155431985855,,-0.011651105,0.025970814749598503,,404.94718710758053,27502.101776998814,2,SO1,12.029436111450195,夏稻、冬小麦、蚕豆、玉米；大豆、冬油菜；茶、油桐、棕榈；杨梅、苹果,108.2805601,29.4199532
1262,17.22040367126465,9.778289794921875,231.03640747070312,8.381269454956055,0.0016394417034462094,0.005444190464913845,,-0.009168613,0.03808898851275444,,364.34710282336414,27472.406530437198,2,SO1,15.967321395874023,夏稻、冬小麦、蚕豆、玉米；大豆、冬油菜；茶、油桐、棕榈；杨梅、苹果,108.2801955,29.4193148
1263,8.099425315856934,6.882923603057861,286.1223678588867,3.7578437328338623,0.0005165419424884021,0.0025934118311852217,,0.008337628096342087,0.028950845822691917,,84.51133896183389,27098.91316552299,7,SO1,8.626191139221191,夏稻、冬小麦、蚕豆、玉米；大豆、冬油菜；茶、油桐、棕榈；杨梅、苹果,108.2850697,29.41858672
1264,8.6895170211792,5.025513648986816,195.18417358398438,4.117287635803223,-0.000537097,0.0029452950693666935,,-0.010838361,0.0317327119410038,,379.67486748101004,26456.09708081726,7,SO1,6.270254611968994,茅栗、白栎灌丛,108.2957415,29.4190948
1265,25.326416015625,8.286375045776367,142.8166046142578,12.078439712524414,4.4319785956759006e-05,0.003290606662631035,,-0.004238404,0.021863553673028946,,1065.0988715014944,25824.976450658123,2,SO1,74.15821075439453,茅栗、白栎灌丛,108.3045682,29.41831895
1266,22.360109329223633,13.51416016,138.23489379882812,11.128621101379395,0.0024615786969661713,0.0031730597838759422,,-0.024243008,0.05293211713433266,,1164.6221383697607,25747.110698999928,2,SO1,19.07442855834961,茅栗、白栎灌丛,108.3067801,29.41908948
1267,16.27829933166504,11.359160423278809,125.61585998535156,8.213114738464355,0.0021781562827527523,0.0033299289643764496,,-0.029240673,0.05291954055428505,,1206.6150115516502,25705.048990183062,2,SO1,8.983002662658691,茅栗、白栎灌丛,108.3070778,29.41881358
1268,3.4434423446655273,2.184401273727417,101.98979949951172,1.6467819213867188,0.0005265969666652381,0.0008664960623718798,,0.006746828556060791,0.03060269169509411,,35.652701068240034,26946.59182330559,1,SO1,2.483151912689209,夏稻、冬小麦、蚕豆、玉米；大豆、冬油菜；茶、油桐、棕榈；杨梅、苹果,108.288324,29.41926709
1269,3.3950729370117188,4.307157516479492,210.20281982421875,1.7287009954452515,0.00017751421546563506,0.0009671874577179551,,0.0029718552250415087,0.05546809360384941,,97.58288235907257,26891.100446826935,1,SO1,2.14431095123291,夏稻、冬小麦、蚕豆、玉米；大豆、冬油菜；茶、油桐、棕榈；杨梅、苹果,108.2882218,29.41852114
1270,2.8444905281066895,2.8022408485412598,139.47100830078125,1.1289863586425781,-8.99E-05,0.0009915666887536645,,-0.011457938,0.05146808922290802,,155.16012371188992,26739.05362619398,7,SO1,2.4771335124969482,茅栗、白栎灌丛,108.2920377,29.41963805
1271,7.289305686950684,5.449193954467773,128.9134521484375,3.448756694793701,0.00026811930001713336,0.0013130726292729378,,0.004331754986196756,0.020504223182797432,,276.9789090216663,26650.45353073894,7,SO1,15.728456497192383,茅栗、白栎灌丛,108.2915998,29.41823518
1272,10.073347091674805,4.143796443939209,161.66368103027344,4.3152689933776855,0.00026910906308330595,0.0016909338301047683,,-0.002777423,0.008827046491205692,,531.6628300867058,26309.09423873125,7,SO1,15.32944107055664,茅栗、白栎灌丛,108.2973215,29.41854693
1273,11.426603317260742,5.294997215270996,186.9638672,4.993143558502197,0.0004305897746235132,0.0029783707577735186,,-0.006160682,0.03355215862393379,,449.2788611418896,26394.044878910277,7,SO1,10.980627059936523,茅栗、白栎灌丛,108.2955222,29.41817966
1274,9.382451057434082,2.3895351886749268,92.30968475341797,4.122260570526123,0.0011942882556468248,0.0013985683908686042,,0.011576377786695957,0.016400625929236412,,262.32677560968574,26641.865557494424,7,SO1,5.069908142089844,茅栗、白栎灌丛,108.2923114,29.41868106
1275,18.293621063232422,7.331475257873535,5.316303730010986,8.49815559387207,-0.000543843,0.005399851128458977,,0.00229098298586905,0.032782651484012604,,427.82404577925547,27465.80727863201,2,SO1,32.38408279418945,夏稻、冬小麦、蚕豆、玉米；大豆、冬油菜；茶、油桐、棕榈；杨梅、苹果,108.2781091,29.4176252
1276,23.661039352416992,7.794530391693115,225.2792510986328,11.106673240661621,0.003924872260540724,0.0041482397355139256,,0.009413308463990688,0.02512427791953087,,265.8377625788535,27353.000316426915,2,SO1,19.506940841674805,夏稻、冬小麦、蚕豆、玉米；大豆、冬油菜；茶、油桐、棕榈；杨梅、苹果,108.2800198,29.41774379
1277,19.994949340820312,8.52721881866455,203.3687286376953,9.364595413208008,0.002551187062636018,0.004870872478932142,,-0.007369509,0.040305234491825104,,318.83425431836247,27426.05323056421,2,SO1,15.818426132202148,夏稻、冬小麦、蚕豆、玉米；大豆、冬油菜；茶、油桐、棕榈；杨梅、苹果,108.2800897,29.41867598
1278,15.657244682312012,11.493446350097656,278.3385009765625,7.502752304077148,0.00023170978238340467,0.0040630800649523735,,0.0017174776876345277,0.017486248165369034,,145.00348623413922,27247.20848082942,2,SO1,32.84071350097656,夏稻、冬小麦、蚕豆、玉米；大豆、冬油菜；茶、油桐、棕榈；杨梅、苹果,108.2818854,29.4179119
1279,5.851317405700684,3.224181652069092,333.75170707702637,2.468053102493286,-0.000303527,0.0016453803982585669,,0.024664271622896194,0.03743552416563034,,679.8519308675852,26169.874961328034,7,SO1,3.042830467224121,茅栗、白栎灌丛,108.2990081,29.41817481
1280,7.2298479080200195,5.029552459716797,266.7174987792969,3.388256311416626,0.0007072471780702472,0.0026925154961645603,,-0.031600554,0.09948890656232834,,162.40271037426078,27182.92402572212,7,SO1,5.113690376281738,夏稻、冬小麦、蚕豆、玉米；大豆、冬油菜；茶、油桐、棕榈；杨梅、苹果,108.2843326,29.4190278
1281,4.405542850494385,6.32706880569458,214.10752868652344,2.18182110786438,0.00011770534911192954,0.0016896110028028488,,0.011069444008171558,0.019832514226436615,,20.635447201183567,27029.48832355506,1,SO1,4.307240009307861,夏稻、冬小麦、蚕豆、玉米；大豆、冬油菜；茶、油桐、棕榈；杨梅、苹果,108.2859068,29.41839823
1282,17.748809814453125,16.58066177368164,116.61406707763672,9.816059112548828,-0.001953388,0.00881105288863182,,0.003203590866178274,0.016384419053792953,,321.78373198019693,26573.495227852676,7,SO1,20.57340431213379,茅栗、白栎灌丛,108.2929581,29.4183582
1283,0.3567175269126892,0.24070023000240326,184.1659698486328,0.1993613988161087,-3.25E-05,0.00019930973940063268,,-0.001187381,0.013485707342624664,,11.578818597519366,27027.290914504825,1,SO1,0.22912879288196564,夏稻、冬小麦、蚕豆、玉米；大豆、冬油菜；茶、油桐、棕榈；杨梅、苹果,108.2854343,29.41800715
1284,3.337446451187134,5.486536979675293,175.2740478515625,1.8040786981582642,1.6603311451035552e-05,0.0016447218367829919,,0.015246549621224403,0.03553992137312889,,15.133247511009552,26996.84241267264,1,SO1,2.626464844,夏稻、冬小麦、蚕豆、玉米；大豆、冬油菜；茶、油桐、棕榈；杨梅、苹果,108.2858939,29.4179958
1285,6.995394706726074,6.099740505218506,118.3492202758789,3.1928131580352783,5.7560824643587694e-05,0.0009703835239633918,,-0.002143057,0.040042754262685776,,393.0654096473011,26609.176947633263,7,SO1,34.63437271118164,茅栗、白栎灌丛,108.2890609,29.41577984
1286,11.366735458374023,5.2621026039123535,122.368408203125,4.971292018890381,0.0009889573557302356,0.0011185258626937866,,-0.013439164,0.020233754068613052,,295.5502883005413,26663.16571924605,7,SO1,7.202536106109619,茅栗、白栎灌丛,108.2906353,29.41764371
1287,11.86192512512207,4.066116809844971,152.97459411621094,5.390524864196777,0.0003525882202666253,0.0011423585237935185,,-0.005403662,0.008418077602982521,,516.2668512632948,26319.76092000443,7,SO1,12.207412719726562,茅栗、白栎灌丛,108.2967879,29.41826339
1288,23.176883697509766,9.467331886291504,21.037857055664062,11.128107070922852,-0.002039493,0.005854278802871704,,-0.001728954,0.029759539291262627,,496.2793554144322,27556.533210322912,2,SO1,13.57492446899414,夏稻、冬小麦、蚕豆、玉米；大豆、冬油菜；茶、油桐、棕榈；杨梅、苹果,108.2777832,29.41846431
1289,13.32221508026123,4.251236438751221,201.8841094970703,5.443709850311279,-0.00185984,0.004611378535628319,,-0.004096944,0.011005081236362457,,578.8379204017591,26262.387134251654,7,SO1,19.64778709411621,茅栗、白栎灌丛,108.2964401,29.4173054
1290,10.932435989379883,4.883857727050781,226.1204376220703,5.070209503173828,0.0002812199236359447,0.0038254447281360626,,0.017426852136850357,0.0392732210457325,,704.187291410698,26133.682380438113,7,SO1,5.348657608032227,茅栗、白栎灌丛,108.298349,29.41723126
1291,23.968338012695312,7.37665319442749,156.8813018798828,11.106485366821289,0.0002109553897753358,0.003874687012284994,,0.0016209783498197794,0.01217749621719122,,1058.9528730826867,25785.996538172785,2,SO1,85.52977752685547,茅栗、白栎灌丛,108.3014087,29.41541293
1292,17.53040313720703,9.946690559387207,39.11310958862305,9.116908073425293,0.0021312632597982883,0.004216985777020454,,-0.010061624,0.06478863209486008,,513.1573876948338,27543.453709169113,2,SO1,13.582198143005371,夏稻、冬小麦、蚕豆、玉米；大豆、冬油菜；茶、油桐、棕榈；杨梅、苹果,108.2773064,29.41793904
1293,21.898426055908203,4.913998603820801,294.49715423583984,9.92173957824707,0.002946697873994708,0.004261258989572525,,-0.009570152,0.02780730277299881,,216.97085889158336,27320.162605140817,2,SO1,16.32821273803711,夏稻、冬小麦、蚕豆、玉米；大豆、冬油菜；茶、油桐、棕榈；杨梅、苹果,108.2806766,29.41785601
1294,22.42610740661621,4.185232639312744,294.0696716308594,10.044867515563965,0.0028410095255821943,0.00435065571218729,,-0.001240193,0.009501112625002861,,201.8633749882982,27298.398497926588,2,SO1,17.84076499938965,夏稻、冬小麦、蚕豆、玉米；大豆、冬油菜；茶、油桐、棕榈；杨梅、苹果,108.280668,29.41758772
1295,22.61192512512207,3.671858310699463,304.41588973999023,10.115939140319824,0.0020522268023341894,0.003636168548837304,,5.1111779612256214e-05,0.010211066342890263,,175.84816043732232,27278.099369083386,2,SO1,19.519241333007812,夏稻、冬小麦、蚕豆、玉米；大豆、冬油菜；茶、油桐、棕榈；杨梅、苹果,108.2809744,29.41758016
1296,4.582705020904541,6.351905345916748,164.6224822998047,2.265582799911499,-0.000378164,0.001841756864450872,,0.018330560997128487,0.03633326664566994,,21.171010005440845,26995.377464716283,1,SO1,3.1481893062591553,夏稻、冬小麦、蚕豆、玉米；大豆、冬油菜；茶、油桐、棕榈；杨梅、苹果,108.2855788,29.41773508
1297,5.90004825592041,6.907521724700928,156.9005584716797,2.8034589290618896,-0.000316663,0.0017202777089551091,,0.01640227623283863,0.03397802636027336,,31.69518045647306,26993.91249856355,1,SO1,4.242510795593262,夏稻、冬小麦、蚕豆、玉米；大豆、冬油菜；茶、油桐、棕榈；杨梅、苹果,108.2852638,29.41747435
1298,7.826376914978027,5.980636119842529,114.36283874511719,3.5062553882598877,0.0002258118911413476,0.0011203765170648694,,-0.010529284,0.022629637271165848,,304.852952032106,26669.129636896014,7,SO1,5.6708760261535645,夏稻、冬小麦、蚕豆、玉米；大豆、冬油菜；茶、油桐、棕榈；杨梅、苹果,108.290166,29.41735325
1299,7.772308826446533,5.101006031036377,125.70084381103516,3.5264830589294434,0.00025958431069739163,0.001017996808513999,,-0.007254697,0.0180644653737545,,318.49115778433884,26648.83078358886,7,SO1,5.3486647605896,夏稻、冬小麦、蚕豆、玉米；大豆、冬油菜；茶、油桐、棕榈；杨梅、苹果,108.2904724,29.41734568
1300,12.097192764282227,5.597390174865723,120.17315673828125,5.658278942108154,-1.02E-06,0.0024622087366878986,,-0.003609178,0.02713433839380741,,276.2933938662887,26666.147846866024,7,SO1,11.524604797363281,茅栗、白栎灌丛,108.291082,29.41802423
1301,12.463561058044434,8.255175590515137,153.39987182617188,6.038366317749023,0.00034995508030988276,0.0031952441204339266,,-0.005314725,0.029758434742689133,,592.2444782266535,26311.130347080365,7,SO1,33.13759994506836,茅栗、白栎灌丛,108.294234,29.41618908
1302,12.453205108642578,9.118917465209961,52.81514358520508,7.7813920974731445,0.0013362641911953688,0.009024892933666706,,-0.055680551,0.12791360914707184,,475.3300828659888,26415.394601092896,7,SO1,8.923192977905273,茅栗、白栎灌丛,108.2939958,29.41725852
1303,21.470705032348633,6.724490642547607,283.9780044555664,9.859286308288574,0.0028483776841312647,0.004944607615470886,,-0.005994692,0.039685506373643875,,228.7915545874176,27318.697635661563,2,SO1,15.691200256347656,夏稻、冬小麦、蚕豆、玉米；大豆、冬油菜；茶、油桐、棕榈；杨梅、苹果,108.2803616,29.41759527
1304,6.9328999519348145,9.157816886901855,263.8988723754883,3.384683847427368,-4.05E-05,0.0007084978860802948,,0.016661150380969048,0.03303460404276848,,58.71024184440927,27137.12794360309,1,SO1,11.795022964477539,夏稻、冬小麦、蚕豆、玉米；大豆、冬油菜；茶、油桐、棕榈；杨梅、苹果,108.2816617,29.41641598
1305,26.994531631469727,3.455313205718994,311.1825866699219,12.151862144470215,-0.000757025,0.0006772117922082543,,-0.002934641,0.005112366285175085,,139.65723648185983,27247.650681704927,7,SO1,9.423637390136719,夏稻、冬小麦、蚕豆、玉米；大豆、冬油菜；茶、油桐、棕榈；杨梅、苹果,108.281434,29.41756883
1306,19.411251068115234,8.347975730895996,309.8712692260742,9.057920455932617,0.0006608504918403924,0.002569003961980343,,0.010015817359089851,0.026220114901661873,,135.32067797924162,27236.03615121232,7,SO1,18.921554565429688,夏稻、冬小麦、蚕豆、玉米；大豆、冬油菜；茶、油桐、棕榈；杨梅、苹果,108.2812722,29.41730432
1307,17.2618350982666,10.800594329833984,303.70858001708984,8.081511497497559,-0.000286062,0.0016726388130337,,0.012449636124074459,0.027514435350894928,,109.67121898462152,27215.73704923995,7,SO1,16.53517723083496,夏稻、冬小麦、蚕豆、玉米；大豆、冬油菜；茶、油桐、棕榈；杨梅、苹果,108.2815785,29.41729677
1308,0.6677940487861633,1.3415076732635498,184.76365661621094,0.5064092874526978,-6.24E-05,0.00023363575746770948,,0.008188224397599697,0.018251607194542885,,8.229635295890654,27060.400009917284,1,SO1,0,夏稻、冬小麦、蚕豆、玉米；大豆、冬油菜；茶、油桐、棕榈；杨梅、苹果,108.2842121,29.41746195
1309,3.965654134750366,5.668702602386475,164.7825927734375,2.011932134628296,-0.000522229,0.0011324243387207389,,0.019394923001527786,0.035042114555835724,,18.930219415474724,27014.211502966504,1,SO1,2.127157688140869,夏稻、冬小麦、蚕豆、玉米；大豆、冬油菜；茶、油桐、棕榈；杨梅、苹果,108.2849574,29.41748191
1310,7.082935333251953,3.3966081142425537,132.16506958007812,3.1546149253845215,0.000327439745888114,0.001043821801431477,,0.0003270500455982983,0.017918812111020088,,143.7787596275391,26908.164672873347,7,SO1,9.982414245605469,夏稻、冬小麦、蚕豆、玉米；大豆、冬油菜；茶、油桐、棕榈；杨梅、苹果,108.2850726,29.41629599
1311,6.712407112121582,6.740417957305908,145.640380859375,2.9784743785858154,-0.000425737,0.0012085620546713471,,0.015968170017004013,0.0348098948597908,,45.81617457770888,26992.44751421174,1,SO1,5.290769100189209,夏稻、冬小麦、蚕豆、玉米；大豆、冬油菜；茶、油桐、棕榈；杨梅、苹果,108.2849488,29.41721362
1312,10.773761749267578,6.010761737823486,147.8400115966797,4.891987323760986,0.00018055592954624444,0.0012488223146647215,,0.007943077944219112,0.01751519925892353,,492.6885667213169,26479.50601222505,7,SO1,21.560161590576172,茅栗、白栎灌丛,108.2913059,29.41595354
1313,7.844804286956787,4.302153587341309,134.71786499023438,3.5850605964660645,0.00041617933311499655,0.0011027428554371,,-0.005163805,0.01629859022796154,,332.12935744629596,26628.53193917205,7,SO1,5.6354289054870605,夏稻、冬小麦、蚕豆、玉米；大豆、冬油菜；茶、油桐、棕榈；杨梅、苹果,108.2907787,29.4173381
1314,5.334561824798584,3.0932347774505615,135.75582885742188,2.499091625213623,6.239764479687437e-05,0.0007844517822377384,,-0.002700259,0.020964380353689194,,344.9444653721201,26627.06695857566,7,SO1,4.031898498535156,夏稻、冬小麦、蚕豆、玉米；大豆、冬油菜；茶、油桐、棕榈；杨梅、苹果,108.2904637,29.41707739
1315,6.071890830993652,2.886507272720337,145.24151611328125,2.776066303253174,0.00011973047367064282,0.0008959602564573288,,-0.000451179,0.018972128629684448,,358.58265386688413,26606.768123256294,7,SO1,4.931210041046143,茅栗、白栎灌丛,108.2907701,29.41706982
1316,19.723350524902344,6.870504856109619,87.6612319946289,9.155011177062988,-4.02E-05,0.00428352365270257,,0.0036138449795544147,0.02874395251274109,,647.3552301415943,26203.62799829534,7,SO1,20.242448806762695,茅栗、白栎灌丛,108.2963747,29.41654871
1317,15.048370361328125,8.653051376342773,55.37831497192383,7.848214149475098,0.0033130100928246975,0.0025673862546682358,,0.02599000558257103,0.0310839656740427,,522.4111481494616,27531.106636948945,2,SO1,6.767971038818359,夏稻、冬小麦、蚕豆、玉米；大豆、冬油菜；茶、油桐、棕榈；杨梅、苹果,108.276987,29.41754415
1318,14.08360481262207,11.982722282409668,286.29112243652344,6.717066287994385,-0.000455941,0.0015032137744128704,,0.013415644876658916,0.02743992581963539,,86.68927752780061,27195.437956157657,2,SO1,13.57996654510498,夏稻、冬小麦、蚕豆、玉米；大豆、冬油菜；茶、油桐、棕榈；杨梅、苹果,108.2818849,29.41728921
1319,13.508024215698242,10.80321216583252,298.89018630981445,6.354222774505615,-0.000172251,0.0014567208709195256,,0.013963227160274982,0.027163146063685417,,95.86276659975663,27193.972951533953,7,SO1,12.755294799804688,夏稻、冬小麦、蚕豆、玉米；大豆、冬油菜；茶、油桐、棕榈；杨梅、苹果,108.2815699,29.41702848
1320,9.916650772094727,10.864408493041992,272.7026824951172,4.848251819610596,-0.000457298,0.0014453178737312555,,0.015822742134332657,0.028521450236439705,,68.78179965008901,27173.67386754797,1,SO1,9.666850090026855,夏稻、冬小麦、蚕豆、玉米；大豆、冬油菜；茶、油桐、棕榈；杨梅、苹果,108.2818763,29.41702092
1321,1.178784728050232,2.883218765258789,169.4088592529297,0.8288405537605286,-6.10E-05,0.00033089573844335973,,0.005707016680389643,0.01301328744739294,,5.243681357602936,27073.643584328525,1,SO1,0.6985071301460266,夏稻、冬小麦、蚕豆、玉米；大豆、冬油菜；茶、油桐、棕榈；杨梅、苹果,108.2837232,29.41724387
1322,1.6616194248199463,3.310150623321533,167.03952026367188,0.919779360294342,2.3640142899239436e-05,0.0004207251186016947,,0.00691238371655345,0.014875728636980057,,8.877358040761015,27072.17858094862,1,SO1,1.4082179069519043,夏稻、冬小麦、蚕豆、玉米；大豆、冬油菜；茶、油桐、棕榈；杨梅、苹果,108.2834082,29.41698314
1323,2.7915711402893066,4.310037136077881,160.40762329101562,1.3829776048660278,9.069159568753093e-05,0.0005472829798236489,,0.008165298029780388,0.01575321890413761,,21.64232496660232,27051.879550293826,1,SO1,2.5892889499664307,夏稻、冬小麦、蚕豆、玉米；大豆、冬油菜；茶、油桐、棕榈；杨梅、苹果,108.2837146,29.41697558
1324,6.116497993469238,3.3514223098754883,149.32093811035156,2.746626377105713,-8.85E-05,0.0007724004681222141,,0.00815003551542759,0.019572682678699493,,385.0359563789325,26585.00429844896,7,SO1,5.132693767547607,茅栗、白栎灌丛,108.2907614,29.41680153
1325,21.129499435424805,9.25977611541748,149.3701629638672,9.890785217285156,0.001297301845625043,0.0018129084492102265,,-0.015956996,0.03142838925123215,,1228.9641370818679,25652.73288821829,2,SO1,19.85843276977539,茅栗、白栎灌丛,108.30517,29.41671299
1326,16.57399559020996,9.17980670928955,43.22962188720703,8.31160831451416,0.000477524969028309,0.004120462574064732,,0.0028442945331335068,0.019592666998505592,,531.6648717703658,27518.759504205023,2,SO1,15.347373008728027,夏稻、冬小麦、蚕豆、玉米；大豆、冬油菜；茶、油桐、棕榈；杨梅、苹果,108.2766677,29.41714926
1327,17.934524536132812,6.474826335906982,24.20737648010254,8.20180892944336,0.00012854720989707857,0.005054517649114132,,0.0025835258420556784,0.014835655689239502,,268.41477384787197,27286.45788682772,7,SO1,34.4176025390625,夏稻、冬小麦、蚕豆、玉米；大豆、冬油菜；茶、油桐、棕榈；杨梅、苹果,108.279225,29.41633048
1328,6.45097017288208,10.209168434143066,226.7087860107422,3.3789799213409424,-0.000472803,0.0014050392201170325,,0.014430179260671139,0.02888783998787403,,44.6021703439898,27153.374792450897,1,SO1,6.468682289123535,夏稻、冬小麦、蚕豆、玉米；大豆、冬油菜；茶、油桐、棕榈；杨梅、苹果,108.2821827,29.41701337
1329,3.540374755859375,7.385967254638672,207.64215087890625,1.9787870645523071,-0.00023579,0.001110761659219861,,0.013107053004205227,0.029776129871606827,,29.39845460669087,27131.61070404254,1,SO1,3.533442258834839,夏稻、冬小麦、蚕豆、玉米；大豆、冬油菜；茶、油桐、棕榈；杨梅、苹果,108.2821741,29.41674508
1330,5.181296348571777,4.259363174438477,134.7822266,2.4509851932525635,6.980968464631587e-05,0.0009566139196977019,,0.006726299412548542,0.055169131606817245,,224.13906829321076,26857.86694646428,7,SO1,8.361763000488281,夏稻、冬小麦、蚕豆、玉米；大豆、冬油菜；茶、油桐、棕榈；杨梅、苹果,108.2845871,29.41531671
1331,16.122879028320312,10.302082061767578,163.6366729736328,7.542419910430908,0.0008115585660561919,0.00187018106225878,,-0.018786833,0.037868499755859375,,1270.957114371049,25610.671091356067,2,SO1,13.524008750915527,茅栗、白栎灌丛,108.3054677,29.41643709
1332,16.12392807006836,5.643824577331543,328.54026222229004,7.3025922775268555,-0.000851962,0.003928124438971281,,-0.001924982,0.03891206160187721,,192.823721180313,27253.405233376467,2,SO1,11.258112907409668,夏稻、冬小麦、蚕豆、玉米；大豆、冬油菜；茶、油桐、棕榈；杨梅、苹果,108.2803357,29.4167904
1333,1.4541326761245728,4.292486667633057,186.77195739746094,1.1103132963180542,-0.000248209,0.000991273671388626,,0.010692529380321503,0.029002023860812187,,2.5592862412498723,27111.31164693009,1,SO1,0.15464739501476288,夏稻、冬小麦、蚕豆、玉米；大豆、冬油菜；茶、油桐、棕榈；杨梅、苹果,108.2824804,29.41673752
1334,1.368571162223816,2.4020729064941406,181.20692443847656,0.8695186972618103,-0.000222174,0.0009749770979396999,,0.012347003445029259,0.02918305993080139,,9.828316035734504,27089.547558730323,1,SO1,0.7026879787445068,夏稻、冬小麦、蚕豆、玉米；大豆、冬油菜；茶、油桐、棕榈；杨梅、苹果,108.2824718,29.41646923
1335,6.202993392944336,4.092329502105713,147.89590454101562,2.782538414001465,0.0006162052159197628,0.0006218825583346188,,0.005263194907456636,0.026292402297258377,,95.24804662748674,26972.598177812433,7,SO1,8.384580612182617,夏稻、冬小麦、蚕豆、玉米；大豆、冬油菜；茶、油桐、棕榈；杨梅、苹果,108.2828366,29.41534492
1336,21.607162475585938,6.33236026763916,139.4894256591797,9.871275901794434,0.0001666701427893713,0.002994419075548649,,0.013008324429392815,0.1896103322505951,,1137.772654963678,25699.142412591045,2,SO1,72.49537658691406,茅栗、白栎灌丛,108.300494,29.4136632
1337,16.460630416870117,6.228783130645752,148.7680206298828,7.40942907333374,0.0003918808070011437,0.002061168197542429,,0.006562773138284683,0.009365556761622429,,475.25926281445817,26475.36977935715,7,SO1,17.7294864654541,茅栗、白栎灌丛,108.2919442,29.41639638
1338,15.611600875854492,4.876527786254883,301.3577194213867,6.992921352386475,0.0001284859754377976,0.002746979705989361,,0.004290785640478134,0.0136125972494483,,244.16967457906804,27209.31838320133,7,SO1,31.690380096435547,夏稻、冬小麦、蚕豆、玉米；大豆、冬油菜；茶、油桐、棕榈；杨梅、苹果,108.2769558,29.41365164
1339,17.72193717956543,6.736042022705078,278.46527099609375,8.339799880981445,0.002243311144411564,0.005768530070781708,,-0.010089247,0.024065380915999413,,238.89581782399028,27091.644194115557,7,SO1,15.15180492401123,夏稻、冬小麦、蚕豆、玉米；大豆、冬油菜；茶、油桐、棕榈；杨梅、苹果,108.2783851,29.41334027
1340,22.232025146484375,3.861856460571289,126.03423309326172,10.028697967529297,0.0002523958100937307,0.0022690489422529936,,6.1003327573416755e-05,0.005893921945244074,,1063.231945380585,25788.23070309153,2,SO1,53.02991485595703,茅栗、白栎灌丛,108.2988752,29.41348506
1341,8.308405876159668,4.655638217926025,217.91021728515625,3.9246456623077393,0.0005243718042038381,0.00326941953971982,,-0.00283961,0.02406666800379753,,807.1074743407422,26080.061279462687,7,SO1,8.589950561523438,茅栗、白栎灌丛,108.2960227,29.41479183
1342,3.1868555545806885,6.015388488769531,185.32969665527344,1.8467334508895874,-0.000663657,0.0017105372389778495,,0.01547233946621418,0.020323220640420914,,35.916298221715934,27085.152329617697,1,SO1,1.274105191230774,夏稻、冬小麦、蚕豆、玉米；大豆、冬油菜；茶、油桐、棕榈；杨梅、苹果,108.2815268,29.41568703
1343,2.8226470947265625,5.462893009185791,175.45155334472656,1.6469188928604126,-0.000348754,0.0014574896777048707,,0.013393784873187542,0.018625576049089432,,23.92696926348646,27063.38817855599,1,SO1,0.9887173771858215,夏稻、冬小麦、蚕豆、玉米；大豆、冬油菜；茶、油桐、棕榈；杨梅、苹果,108.2815181,29.41541874
1344,15.847119331359863,9.433385848999023,1.612454891204834,7.4344024658203125,-0.000327457,0.003046343568712473,,0.0003654336032923311,0.01433083601295948,,145.39631649492833,27077.068262707086,7,SO1,24.117340087890625,夏稻、冬小麦、蚕豆、玉米；大豆、冬油菜；茶、油桐、棕榈；杨梅、苹果,108.2798859,29.41432343
1345,6.232583522796631,4.014038562774658,181.07057189941406,2.7109286785125732,0.0005105087184347212,0.0004781799507327378,,0.008623261004686356,0.023311695083975792,,84.18311879042449,26919.032692964414,1,SO1,8.478095054626465,夏稻、冬小麦、蚕豆、玉米；大豆、冬油菜；茶、油桐、棕榈；杨梅、苹果,108.2822723,29.4142655
1346,12.755803108215332,5.946285724639893,150.86854553222656,5.6938652992248535,0.0011790590360760689,0.0021352400071918964,,-0.000771251,0.01545917522162199,,678.1836860540083,26247.49290951464,7,SO1,13.542146682739258,茅栗、白栎灌丛,108.2939639,29.41521572
1347,12.120918273925781,6.271410942077637,159.54759216308594,5.369963645935059,-0.000175184,0.0020263749174773693,,-0.004642923,0.02236102893948555,,693.7076946953365,26263.937222489418,7,SO1,17.421611785888672,茅栗、白栎灌丛,108.2929584,29.41463754
1348,11.337601661682129,6.4536261558532715,163.46823120117188,5.1585164070129395,0.0007141763344407082,0.0020017840433865786,,0.0044868276454508305,0.016507722437381744,,747.5039795343284,26168.774171605444,7,SO1,11.296540260314941,茅栗、白栎灌丛,108.2946838,29.41482498
1349,2.4987354278564453,2.872852325439453,246.1640396118164,1.1200424432754517,0.00013121489610057324,0.0005009791348129511,,0.021337762475013733,0.20205771923065186,,313.2144792841711,26716.56900189513,7,SO1,4.696821689605713,夏稻、冬小麦、蚕豆、玉米；大豆、冬油菜；茶、油桐、棕榈；杨梅、苹果,108.28477,29.41375937
1350,4.010072708129883,5.505141735076904,243.75531005859375,2.12636137008667,-0.000115845,0.001544686034321785,,0.008817785419523716,0.06671495735645294,,491.4175368459078,26537.928956181036,7,SO1,1.9501681327819824,茅栗、白栎灌丛,108.2877832,29.41393741
1351,17.903898239135742,6.351590156555176,140.22061157226562,8.086384773254395,0.00011741058551706374,0.0017237873980775476,,0.005480807740241289,0.013462795875966549,,940.5781641959871,25947.438127786718,7,SO1,29.983932495117188,茅栗、白栎灌丛,108.2967601,29.41376669
1352,14.083575248718262,6.347609043121338,145.380615234375,6.299753189086914,0.00031300168484449387,0.0014965662267059088,,0.002479640766978264,0.012328505516052246,,959.2700845101651,26032.572752753687,7,SO1,75.4545669555664,茅栗、白栎灌丛,108.2933125,29.4121297
1353,17.58858299255371,7.5946269035339355,126.08296203613281,7.938215732574463,-0.000700754,0.004985828883945942,,0.007461851928383112,0.04779241234064102,,1204.7740042029448,25733.946952416485,7,SO1,62.05418395996094,茅栗、白栎灌丛,108.296541,29.41103151
1354,1.3212393522262573,0.9918807744979858,231.71575927734375,0.810221254825592,6.309443415375426e-05,0.0005878593074157834,,0.1293211579322815,0.4548165202140808,,448.2280274066294,26604.411072401053,7,SO1,0.6937816739082336,夏稻、冬小麦、蚕豆、玉米；大豆、冬油菜；茶、油桐、棕榈；杨梅、苹果,108.28676,29.41394689
1355,15.101707458496094,5.1751604080200195,146.0217742919922,6.733916759490967,-0.000743437,0.0022945418022572994,,0.001984790898859501,0.013420295901596546,,722.4073160358085,26284.937631911955,7,SO1,28.91221046447754,茅栗、白栎灌丛,108.2907702,29.41320141
1356,13.505524635314941,7.873226642608643,160.65658569335938,6.690507411956787,-0.00076909,0.00359182246029377,,0.013555116020143032,0.041861217468976974,,625.3028654864345,26393.41801911084,7,SO1,12.929487228393555,茅栗、白栎灌丛,108.2892703,29.41334787
1357,5.596641540527344,4.158587455749512,197.06724548339844,2.5331170558929443,3.713210389832966e-05,0.00041191931813955307,,0.007743745110929012,0.01966875232756138,,63.98608274337177,26798.220321993347,1,SO1,7.525260925292969,夏稻、冬小麦、蚕豆、玉米；大豆、冬油菜；茶、油桐、棕榈；杨梅、苹果,108.28239,29.41290401
1358,1.6601804494857788,0.8059083223342896,273.57837677001953,0.77257239818573,0.00011919198004761711,0.0005102254217490554,,0.05491859093308449,0.28781890869140625,,408.7851099511907,26606.555319581723,7,SO1,1.2095648050308228,夏稻、冬小麦、蚕豆、玉米；大豆、冬油菜；茶、油桐、棕榈；杨梅、苹果,108.2860534,29.41342733
1359,1.5210343599319458,0.8339265584945679,272.75455474853516,0.7778041958808899,-2.62E-05,0.0006120632169768214,,0.04874937981367111,0.29189449548721313,,435.1095090442965,26586.25648718348,7,SO1,1.1771118640899658,夏稻、冬小麦、蚕豆、玉米；大豆、冬油菜；茶、油桐、棕榈；杨梅、苹果,108.2863597,29.41341977
1360,0.8845773339271545,1.1494694948196411,55.006134033203125,0.4961925148963928,-0.000223582,0.0003589220577850938,,0.03263917192816734,0.08289320766925812,,369.20325610011713,26513.702476058137,7,SO1,0.3707379996776581,茅栗、白栎灌丛,108.2861737,29.41240406
1361,17.344379425048828,5.922842979431152,135.09278869628906,7.787014961242676,0.0006503100739791989,0.0015155995497480035,,-0.002608368,0.020888010039925575,,754.7204494851511,25969.368377694336,7,SO1,63.3524284362793,茅栗、白栎灌丛,108.2916064,29.41005342
1362,18.15005111694336,6.499628067016602,133.45123291015625,8.182313919067383,-4.38E-06,0.0013875666772946715,,-0.004065508,0.027599819004535675,,923.6374440895107,25790.88043464892,2,SO1,83.86482238769531,茅栗、白栎灌丛,108.2934615,29.40933954
1363,1.209604024887085,0.6294812560081482,226.67637634277344,0.5683072805404663,-8.69E-05,0.0003967373922932893,,0.01529937144368887,0.015999967232346535,,322.3334280415929,26632.634621692636,7,SO1,0.7070996165275574,夏稻、冬小麦、蚕豆、玉米；大豆、冬油菜；茶、油桐、棕榈；杨梅、苹果,108.2852383,29.41311182
1364,22.3890438079834,6.121714115142822,162.39212036132812,10.151704788208008,0.0011615125695243478,0.0033894444350153208,,0.0008365688263438642,0.009948311373591423,,1201.1093867210998,25700.187189225773,2,SO1,63.09228516,茅栗、白栎灌丛,108.2978014,29.41159823
1365,11.295931816101074,8.054880142211914,4.571136951446533,5.262564659118652,0.0001604852150194347,0.001634923624806106,,0.015814896672964096,0.021236585453152657,,59.31230092753714,26929.628373840107,7,SO1,7.482806205749512,夏稻、冬小麦、蚕豆、玉米；大豆、冬油菜；茶、油桐、棕榈；杨梅、苹果,108.2807839,29.41324407
1366,14.081185340881348,7.823988914489746,353.19000911712646,6.468731880187988,0.001508082146756351,0.002768492791801691,,0.00454995222389698,0.01981452852487564,,145.02061953497062,26861.210942297334,7,SO1,18.283145904541016,夏稻、冬小麦、蚕豆、玉米；大豆、冬油菜；茶、油桐、棕榈；杨梅、苹果,108.2804199,29.41214067
1367,1.2065664529800415,0.7244006395339966,205.84188842773438,0.6041520833969116,-0.000100752,0.00027483070152811706,,0.0033769216388463974,0.03540167212486267,,249.40280659003918,26664.521343558914,7,SO1,0.8383601307868958,夏稻、冬小麦、蚕豆、玉米；大豆、冬油菜；茶、油桐、棕榈；杨梅、苹果,108.2845042,29.41292856
1368,6.465357780456543,4.058442115783691,184.96267700195312,2.831676721572876,0.0002959673583973199,0.0008937199600040913,,0.0065865907818078995,0.028459083288908005,,170.35419001031494,26628.07440520755,7,SO1,7.6981306076049805,夏稻、冬小麦、蚕豆、玉米；大豆、冬油菜；茶、油桐、棕榈；杨梅、苹果,108.2840429,29.41213444
1369,1.3561283349990845,1.526739478111267,103.95894622802734,0.6300781965255737,0.00011377476766938344,0.00041656126268208027,,0.004911729600280523,0.131138876080513,,307.26901361340555,26558.213270868477,7,SO1,1.1683108806610107,夏稻、冬小麦、蚕豆、玉米；大豆、冬油菜；茶、油桐、棕榈；杨梅、苹果,108.2854682,29.41239462
1370,2.580857515335083,2.7794880867004395,195.23858642578125,1.2415865659713745,-3.46E-05,0.0003499405283946544,,-0.012721797,0.021660037338733673,,209.19826830444248,26663.05605299194,7,SO1,1.8260499238967896,夏稻、冬小麦、蚕豆、玉米；大豆、冬油菜；茶、油桐、棕榈；杨梅、苹果,108.2841892,29.41266784
1371,15.849713325500488,6.119928359985352,162.25747680664062,7.693371772766113,4.819076639250852e-05,0.004518363159149885,,-0.001653773,0.024102726951241493,,602.6882469450385,26371.81034279986,7,SO1,10.067963600158691,茅栗、白栎灌丛,108.2887114,29.41265687
1372,11.301103591918945,8.07062816619873,166.4761505126953,5.555383205413818,-0.000318914,0.003493913682177663,,0.009206327609717846,0.03421558439731598,,530.5957619927153,26366.525521237345,7,SO1,10.443678855895996,茅栗、白栎灌丛,108.2881591,29.41216707
1373,21.69088363647461,8.646958351135254,156.27943420410156,10.202427864074707,0.0007265202584676445,0.0027483783196657896,,0.009986027143895626,0.030187197029590607,,588.0719027954615,26292.445286907736,7,SO1,23.554214477539062,茅栗、白栎灌丛,108.2889681,29.41190096
1374,5.991847038269043,4.582652568817139,201.97528076171875,2.68467116355896,4.041025385959074e-05,0.00043162269867025316,,0.01315347384661436,0.02053963951766491,,49.815531165696584,26721.02204466073,1,SO1,5.485316276550293,夏稻、冬小麦、蚕豆、玉米；大豆、冬油菜；茶、油桐、棕榈；杨梅、苹果,108.2826401,29.41216905
1375,6.728375434875488,6.008805274963379,212.33766174316406,3.175433397293091,-9.06E-05,0.0014113144716247916,,0.0025652823969721794,0.03692066669464111,,113.98111008914852,26549.467750431857,7,SO1,10.704660415649414,夏稻、冬小麦、蚕豆、玉米；大豆、冬油菜；茶、油桐、棕榈；杨梅、苹果,108.2839618,29.41112688
1376,9.845735549926758,5.207208633422852,154.9598846435547,5.750896453857422,0.0011096367379650474,0.0014609115896746516,,-0.011553566,0.023499110713601112,,493.1832818332634,26389.963138653577,7,SO1,5.169142723083496,茅栗、白栎灌丛,108.2877491,29.41213245
1377,17.67350196838379,6.298173904418945,147.12646484375,7.971805095672607,-0.00019442,0.0019188104197382927,,0.0010799769079312682,0.019059952348470688,,691.1601905687494,25882.416502411994,7,SO1,93.4644775390625,茅栗、白栎灌丛,108.2910857,29.40860641
1378,3.399538040161133,3.1673595905303955,193.470458984375,1.6780602931976318,4.4143020204501227e-05,0.00038017757469788194,,0.01727421209216118,0.019185563549399376,,9.610903835225537,26719.556698878005,1,SO1,2.3239400386810303,夏稻、冬小麦、蚕豆、玉米；大豆、冬油菜；茶、油桐、棕榈；杨梅、苹果,108.2823251,29.41190831
1379,2.605123519897461,3.5151195526123047,39.75249099731445,1.264615535736084,0.00012088762014172971,0.0006561867194250226,,-0.000842397,0.035439908504486084,,26.465041380946364,26610.88039059312,1,SO1,2.350375175476074,夏稻、冬小麦、蚕豆、玉米；大豆、冬油菜；茶、油桐、棕榈；杨梅、苹果,108.2824588,29.41070515
1380,2.3868658542633057,1.3011246919631958,68.58258056640625,1.0859497785568237,0.0004316245613154024,0.0005099836853332818,,0.004920079372823238,0.08540761470794678,,285.3005731619462,26474.505310308778,7,SO1,1.3917896747589111,夏稻、冬小麦、蚕豆、玉米；大豆、冬油菜；茶、油桐、棕榈；杨梅、苹果,108.2856865,29.41155687
1381,10.156829833984375,8.505561828613281,112.37554931640625,4.677784442901611,0.00017636962002143264,0.0016807954525575042,,0.008132027462124825,0.040070462971925735,,411.4805117667616,26279.809606402523,7,SO1,31.11524200439453,茅栗、白栎灌丛,108.2876137,29.41070379
1382,13.512015342712402,6.252048492431641,207.379150390625,6.493232250213623,0.00032019559876061976,0.00423217611387372,,0.014982983469963074,0.05282839760184288,,2.2588430644882274,26816.968599361822,7,SO1,10.702966690063477,夏稻、冬小麦、蚕豆、玉米；大豆、冬油菜；茶、油桐、棕榈；杨梅、苹果,108.2792929,29.41073899
1383,19.151493072509766,8.196988105773926,146.20960998535156,8.775424003601074,0.00030090587097220123,0.0021545353811234236,,0.0020351894199848175,0.013751260936260223,,526.7745764443189,25858.743612184997,7,SO1,99.69153594970703,茅栗、白栎灌丛,108.28924,29.40689749
1384,8.694655418395996,6.1069016456604,17.78177261352539,3.986018180847168,0.0002620517334435135,0.0015445497119799256,,0.01131382118910551,0.028865240514278412,,117.43119894589744,26554.07311914502,7,SO1,13.055937767028809,茅栗、白栎灌丛,108.2818211,29.40953004
1385,13.200222969055176,7.7554450035095215,85.82424926757812,6.241673469543457,-0.000474423,0.0024626320227980614,,0.010348834097385406,0.09550510346889496,,37.11379139578045,26962.99847427152,7,SO1,12.716565132141113,夏稻、冬小麦、蚕豆、玉米；大豆、冬油菜；茶、油桐、棕榈；杨梅、苹果,108.2771427,29.41083481
1386,20.13216209411621,9.351238250732422,223.10235595703125,9.687692642211914,0.0011012795148417354,0.005630707833915949,,-0.012003266,0.02558860182762146,,1443.5748969237598,25433.417399880076,2,SO1,16.5304012298584,茅栗、白栎灌丛,108.300051,29.41012752
1387,14.246896743774414,7.733615875244141,73.58712005615234,6.745809555053711,0.0006321293767541647,0.0036309678107500076,,-0.000235534,0.04409705847501755,,84.92673348934008,26795.621617441244,7,SO1,11.781661033630371,夏稻、冬小麦、蚕豆、玉米；大豆、冬油菜；茶、油桐、棕榈；杨梅、苹果,108.2787395,29.4100552
1388,7.4555792808532715,4.720765590667725,137.21035766601562,3.362717866897583,-0.000382102,0.001602980773895979,,0.016078287735581398,0.030805744230747223,,181.31811664525898,26821.69274828159,7,SO1,6.294989109039307,夏稻、冬小麦、蚕豆、玉米；大豆、冬油菜；茶、油桐、棕榈；杨梅、苹果,108.2775351,29.40943895
1389,8.771244049072266,6.679535388946533,207.31541442871094,4.074031829833984,-0.000189556,0.0009598701726645231,,-0.007448322,0.038019079715013504,,136.92823029752998,26426.58068570558,7,SO1,8.8074369430542,夏稻、冬小麦、蚕豆、玉米；大豆、冬油菜；茶、油桐、棕榈；杨梅、苹果,108.2847242,29.41023811
1390,13.444157600402832,8.395718574523926,141.9490203857422,6.420814037322998,0.0005978299886919558,0.0030023306608200073,,-0.005593493,0.10260051488876343,,281.197860464241,26087.286909210394,7,SO1,51.66578674316406,茅栗、白栎灌丛,108.2867867,29.40775131
1391,6.041417598724365,6.967092037200928,192.0469970703125,2.7460923194885254,-0.000249245,0.0008045055437833071,,0.014172595925629139,0.022690344601869583,,56.519838599279204,26423.64972700929,1,SO1,5.896426200866699,夏稻、冬小麦、蚕豆、玉米；大豆、冬油菜；茶、油桐、棕榈；杨梅、苹果,108.2840942,29.40971666
1392,20.068151473999023,10.52520751953125,157.18202209472656,9.361214637756348,-0.000686096,0.0025271913036704063,,0.004736033268272877,0.01818445511162281,,160.25220209201012,26206.249206363238,7,SO1,32.36911392211914,茅栗、白栎灌丛,108.28558,29.40825006
1393,18.901325225830078,5.647855281829834,120.49652099609375,8.546592712402344,0.0005160471191629767,0.0018093864200636744,,-0.00055858,0.013848803006112576,,1129.78979566893,25655.047992783486,2,SO1,61.325889587402344,茅栗、白栎灌丛,108.2955881,29.40934781
1394,17.295846939086914,7.257497787475586,89.90005493164062,8.36390495300293,0.0018339663511142135,0.0035891374573111534,,0.006157181225717068,0.07754349708557129,,1348.9645503437416,25466.68668050158,2,SO1,12.452261924743652,茅栗、白栎灌丛,108.2978631,29.40883924
1395,8.532807350158691,5.862892150878906,333.566068649292,4.002028942108154,0.0003737464430741966,0.0018994610290974379,,0.008228818885982037,0.05163966491818428,,211.19943272580554,26473.884358735668,7,SO1,23.47016716003418,茅栗、白栎灌丛,108.2803233,29.40740999
1396,20.14678192138672,5.888918876647949,138.98863220214844,8.919519424438477,0.0006292996113188565,0.0016450714319944382,,-0.005667011,0.009215716272592545,,535.4290165635892,25970.72847871641,7,SO1,11.451943397521973,茅栗、白栎灌丛,108.2894691,29.40842043
1397,4.72064733505249,0.7075481414794922,9.066213607788086,2.217134952545166,0.000706089660525322,0.00038912653690204024,,-0.00245017,0.0073034493252635,,91.50017906904823,26364.109520134883,11,SO1,2.376775026321411,夏稻、冬小麦、蚕豆、玉米；大豆、冬油菜；茶、油桐、棕榈；杨梅、苹果,108.2829702,29.40813337
1398,4.9410400390625,5.900333404541016,331.07142448425293,2.840402126312256,-0.000167841,0.0020593733061105013,,0.009367755614221096,0.024131756275892258,,45.53654857160694,26311.8971026937,1,SO1,2.9524075984954834,茅栗、白栎灌丛,108.2834211,29.40785374
1399,11.744526863098145,13.560590744018555,168.48696899414062,6.118194103240967,-0.000891868,0.002453120891004801,,0.011778483167290688,0.023395434021949768,,13.917311944402176,26271.299686658873,1,SO1,10.862709999084473,茅栗、白栎灌丛,108.2840338,29.40783863
1400,22.4190731048584,12.077192306518555,154.82064819335938,11.159966468811035,-0.001755864,0.0030830984469503164,,0.010786059312522411,0.0193356741219759,,39.89298395136327,26217.621775821583,1,SO1,18.983234405517578,茅栗、白栎灌丛,108.2841697,29.40729827
1401,14.946534156799316,8.582757949829102,11.303963661193848,6.909976959228516,0.001280055963434279,0.003837487194687128,,0.002437129383906722,0.019818473607301712,,400.26914787044007,26703.242967908558,7,SO1,20.96564292907715,夏稻、冬小麦、蚕豆、玉米；大豆、冬油菜；茶、油桐、棕榈；杨梅、苹果,108.2759712,29.4069818
1402,18.856002807617188,13.518852233886719,156.42640686035156,9.613261222839355,-0.000984067,0.0029682908207178116,,0.010205301456153393,0.02243219129741192,,45.01743246164162,26229.236674024767,1,SO1,18.916351318359375,茅栗、白栎灌丛,108.2843315,29.40756278
1403,14.109113693237305,14.637699127197266,166.39341735839844,7.529072284698486,-0.000605213,0.0025859237648546696,,0.012039227411150932,0.02299903891980648,,6.8954104193621655,26248.069709052328,1,SO1,13.286599159240723,茅栗、白栎灌丛,108.2837102,29.40730961
1404,17.70496368408203,14.789008140563965,161.26075744628906,9.239189147949219,-0.00068497,0.003525699721649289,,0.00918560940772295,0.01697775162756443,,26.956428637581276,26226.305355123644,1,SO1,18.351016998291016,茅栗、白栎灌丛,108.2837015,29.40704132
1405,26.413877487182617,10.340641021728516,143.86907958984375,12.648895263671875,-0.000315049,0.0025999436620622873,,0.0022738503757864237,0.013500423170626163,,79.34061087925707,26187.173679583924,7,SO1,24.848270416259766,茅栗、白栎灌丛,108.2846292,29.40728693
1406,22.86766242980957,13.81152344,153.16334533691406,11.540486335754395,-0.000741816,0.003541508223861456,,0.007681888993829489,0.01625414378941059,,48.93952646081754,26206.00667884214,1,SO1,22.929981231689453,茅栗、白栎灌丛,108.2840079,29.40703376
1407,19.839811325073242,9.621665000915527,141.1296844482422,9.418718338012695,0.000291398202534765,0.003380670677870512,,0.001762198400683701,0.01914224401116371,,203.28307705152756,26045.490139835376,7,SO1,56.67792510986328,茅栗、白栎灌丛,108.2835538,29.40475375
1408,21.510292053222656,7.4042439460754395,143.31666564941406,9.857994079589844,-0.000262835,0.0018558722222223878,,-0.002762757,0.01248134858906269,,543.3533668005922,25718.47788853362,2,SO1,102.61357879638672,茅栗、白栎灌丛,108.2880773,29.40431411
1409,15.727492332458496,6.510963439941406,328.38079261779785,7.193979740142822,9.751949255587533e-05,0.002546908799558878,,0.010121758095920086,0.0807768851518631,,187.15320350603497,26477.26892586721,7,SO1,34.820587158203125,夏稻、冬小麦、蚕豆、玉米；大豆、冬油菜；茶、油桐、棕榈；杨梅、苹果,108.277172,29.4052222
1410,16.21605110168457,5.395726203918457,308.66850662231445,7.21482515335083,-0.000314596,0.0025317519903182983,,0.0004209570470266044,0.01096266508102417,,372.6177873420175,26539.757076494392,2,SO1,35.7047233581543,夏稻、冬小麦、蚕豆、玉米；大豆、冬油菜；茶、油桐、棕榈；杨梅、苹果,108.2741503,29.40392925
1411,25.866525650024414,13.678707122802734,129.6945343017578,13.3662691116333,0.0017232924001291394,0.00510192709043622,,0.01830478198826313,0.032687075436115265,,51.84093983750222,26251.892258244574,1,SO1,19.750076293945312,夏稻、冬小麦、蚕豆、玉米；大豆、冬油菜；茶、油桐、棕榈；杨梅、苹果,108.2793815,29.40413674
1412,14.721936225891113,10.26954460144043,138.3688507080078,6.989612579345703,-0.000835019,0.003707299707457423,,0.03601498529314995,0.05683603882789612,,7.511377549541443,26276.941243521716,1,SO1,10.268507957458496,夏稻、冬小麦、蚕豆、玉米；大豆、冬油菜；茶、油桐、棕榈；杨梅、苹果,108.2805776,29.40523882
1413,22.911380767822266,2.882108211517334,115.29635620117188,10.212347030639648,-0.000155141,0.002274312311783433,,0.0008801748044788837,0.003822470083832741,,714.7259194380249,25719.55825474243,2,SO1,40.952083587646484,茅栗、白栎灌丛,108.2911641,29.40670935
1414,20.0932674407959,6.983516693115234,148.3392791748047,9.134018898010254,-0.000199103,0.0030919250566512346,,-0.003845738,0.035600315779447556,,496.17951864088695,25765.406877319914,2,SO1,105.51188659667969,茅栗、白栎灌丛,108.2847084,29.40227804
1415,23.780136108398438,7.06344747543335,148.404541015625,10.922804832458496,0.0008634009282104671,0.0020798537880182266,,-0.006284704,0.013769391924142838,,790.426750395209,25499.497912514813,2,SO1,43.380638122558594,茅栗、白栎灌丛,108.2907623,29.40375402
1416,19.965078353881836,8.410691261291504,307.5358467102051,9.351136207580566,0.00013344980834517628,0.0038682417944073677,,0.0018645668169483542,0.03067711368203163,,119.0811537313677,26634.720615649563,2,SO1,50.93642807006836,夏稻、冬小麦、蚕豆、玉米；大豆、冬油菜；茶、油桐、棕榈；杨梅、苹果,108.2687038,29.40139879
1417,24.30558967590332,14.323134422302246,179.15225219726562,13.075397491455078,-0.000688802,0.006444157566875219,,0.03303087502717972,0.11462503671646118,,13.48039814399257,26233.021850435518,1,SO1,23.06019401550293,夏稻、冬小麦、蚕豆、玉米；大豆、冬油菜；茶、油桐、棕榈；杨梅、苹果,108.278211,29.40314909
1418,19.511333465576172,7.626363277435303,129.13998413085938,8.95071792602539,-3.25E-05,0.001834652735851705,,-0.00118533,0.014963635243475437,,490.6265349612532,25795.77925833987,2,SO1,90.51258850097656,茅栗、白栎灌丛,108.2834166,29.40165118
1419,12.525867462158203,7.621620178222656,299.3698081970215,5.898816108703613,0.00068286107853055,0.00303513347171247,,-0.012091862,0.019058676436543465,,351.6412350444939,26856.12169212615,2,SO1,8.859169006347656,夏稻、冬小麦、蚕豆、玉米；大豆、冬油菜；茶、油桐、棕榈；杨梅、苹果,108.2679484,29.40340141
1420,15.77468204498291,7.445239543914795,324.7528839111328,7.553553104400635,0.0006459026481024921,0.004174131900072098,,-0.009079317,0.01793072558939457,,345.88491619361656,26870.08801434633,2,SO1,12.381938934326172,夏稻、冬小麦、蚕豆、玉米；大豆、冬油菜；茶、油桐、棕榈；杨梅、苹果,108.2673271,29.40314815
1421,16.76894760131836,4.38040828704834,254.27078247070312,6.942012310028076,0.0011813779128715396,0.002709591994062066,,-0.00159768,0.014185873791575432,,245.63758661459036,26424.657803752645,7,SO1,23.658292770385742,夏稻、冬小麦、蚕豆、玉米；大豆、冬油菜；茶、油桐、棕榈；杨梅、苹果,108.2753063,29.40339321
1422,20.510713577270508,14.824129104614258,297.5830726623535,11.504362106323242,0.0003643619129434228,0.00481032719835639,,0.031455934047698975,0.12235363572835922,,61.82369936326848,26261.29595947924,1,SO1,20.7763614654541,夏稻、冬小麦、蚕豆、玉米；大豆、冬油菜；茶、油桐、棕榈；杨梅、苹果,108.2770208,29.40268117
1423,24.77153205871582,14.819835662841797,164.6986541748047,13.519330978393555,-0.002104986,0.0063219256699085236,,0.04063355550169945,0.11988922208547592,,40.50449897248641,26200.488262701656,2,SO1,25.824905395507812,夏稻、冬小麦、蚕豆、玉米；大豆、冬油菜；茶、油桐、棕榈；杨梅、苹果,108.2783556,29.40287703
1424,25.34967613220215,13.087554931640625,146.21066284179688,12.876704216003418,0.000842857698444277,0.005954465828835964,,-0.001297205,0.039994556456804276,,79.32504563248538,26186.522231127274,2,SO1,23.592824935913086,夏稻、冬小麦、蚕豆、玉米；大豆、冬油菜；茶、油桐、棕榈；杨梅、苹果,108.2789769,29.40313023
1425,25.6420841217041,14.063834190368652,155.95492553710938,13.373747825622559,-0.000804798,0.005890524014830589,,0.005432240664958954,0.0428018718957901,,66.84235515412516,26181.888420912757,2,SO1,27.605892181396484,夏稻、冬小麦、蚕豆、玉米；大豆、冬油菜；茶、油桐、棕榈；杨梅、苹果,108.2786619,29.40286949
1426,13.283016204833984,8.275890350341797,164.51902770996094,6.075781345367432,-3.26E-05,0.0024446623865514994,,-0.005163188,0.009695163927972317,,266.91855433923183,25990.75343770575,7,SO1,21.444337844848633,茅栗、白栎灌丛,108.2803599,29.40183262
1427,30.633926391601562,11.293999671936035,138.61148071289062,14.074122428894043,-0.001352966,0.007859259843826294,,0.0027482921723276377,0.022207941859960556,,56.50084226956611,26133.78126852362,2,SO1,26.296951293945312,茅栗、白栎灌丛,108.2778422,29.40178344
1428,27.1072998046875,10.844779014587402,147.45855712890625,13.557699203491211,-0.001737607,0.004515699576586485,,-0.003302187,0.01736161857843399,,94.55270927047857,26135.421089239517,2,SO1,28.08073616027832,夏稻、冬小麦、蚕豆、玉米；大豆、冬油菜；茶、油桐、棕榈；杨梅、苹果,108.2786447,29.40233291
1429,22.529802322387695,7.085765838623047,134.5283966064453,10.314276695251465,0.00012527985381893814,0.0017727137310430408,,-0.004037995,0.030530037358403206,,620.9369082370706,25627.19313516178,2,SO1,88.84424591064453,茅栗、白栎灌丛,108.2874748,29.40275182
1430,20.998790740966797,8.814727783203125,350.0701484680176,11.094331741333008,-0.003008469,0.004290746990591288,,0.012863565236330032,0.025118831545114517,,78.71531754955132,26239.29703132689,2,SO1,11.123005867004395,夏稻、冬小麦、蚕豆、玉米；大豆、冬油菜；茶、油桐、棕榈；杨梅、苹果,108.2762817,29.40194357
1431,19.912202835083008,12.230059623718262,319.4590263366699,10.239706039428711,-5.84E-05,0.004082689993083477,,0.004468068480491638,0.0536942183971405,,57.11472883843075,26214.518603974084,2,SO1,12.215874671936035,夏稻、冬小麦、蚕豆、玉米；大豆、冬油菜；茶、油桐、棕榈；杨梅、苹果,108.2761681,29.40158836
1432,29.908061981201172,12.503130912780762,159.02577209472656,15.893316268920898,0.0030887085013091564,0.003947166725993156,,0.0687263011932373,0.18598859012126923,,5.013292464540868,26165.702065879454,1,SO1,21.845653533935547,夏稻、冬小麦、蚕豆、玉米；大豆、冬油菜；茶、油桐、棕榈；杨梅、苹果,108.2767765,29.40143914
1433,15.898726463317871,10.561871528625488,311.9079818725586,7.974027156829834,-0.000254933,0.0040329862385988235,,0.0025484219659119844,0.0537300743162632,,77.82121922387238,26233.11846248185,2,SO1,11.29799747467041,夏稻、冬小麦、蚕豆、玉米；大豆、冬油菜；茶、油桐、棕榈；杨梅、苹果,108.2758618,29.4015959
1434,17.040712356567383,9.209569931030273,324.3082962036133,8.947452545166016,-0.000895276,0.00399714894592762,,-0.000715169,0.0759868174791336,,47.62512060824392,26198.7376125588,2,SO1,11.01771068572998,夏稻、冬小麦、蚕豆、玉米；大豆、冬油菜；茶、油桐、棕榈；杨梅、苹果,108.2757238,29.40111599
1435,21.737579345703125,13.216856956481934,330.8431816101074,11.035667419433594,0.0004990246379747987,0.004342425148934126,,0.0012658380437642336,0.05300472676753998,,35.73766923005149,26191.28482338082,1,SO1,14.916486740112305,夏稻、冬小麦、蚕豆、玉米；大豆、冬油菜；茶、油桐、棕榈；杨梅、苹果,108.2761595,29.40132007
1436,30.282299041748047,10.890993118286133,166.5640411376953,15.639126777648926,0.00024847156601026654,0.005815928336232901,,0.016262011602520943,0.03387558460235596,,1.0015944375194592,26155.25965099338,1,SO1,22.67767333984375,夏稻、冬小麦、蚕豆、玉米；大豆、冬油菜；茶、油桐、棕榈；杨梅、苹果,108.2764594,29.40111131
1437,17.39129638671875,7.287668704986572,146.173583984375,7.912818908691406,0.000330343988025561,0.0022759295534342527,,-0.006462451,0.05067833140492439,,566.5476235566946,25612.23811,2,SO1,70.45169830322266,茅栗、白栎灌丛,108.2815479,29.39834057
1438,18.73885154724121,8.364152908325195,147.3867950439453,8.549505233764648,0.00043832388473674655,0.002915606601163745,,-0.00203506,0.03287858888506889,,627.8446656297283,25621.887453753876,2,SO1,76.25534057617188,茅栗、白栎灌丛,108.2831191,29.39948907
1439,23.44856071472168,14.064397811889648,173.51858520507812,12.404919624328613,7.846931839594617e-05,0.004555238410830498,,-0.001347001,0.05221191421151161,,7.016477176336408,26144.81723765037,1,SO1,20.93570327758789,夏稻、冬小麦、蚕豆、玉米；大豆、冬油菜；茶、油桐、棕榈；杨梅、苹果,108.2761423,29.40078349
1440,24.329416275024414,13.515490531921387,161.70440673828125,12.626321792602539,-8.46E-06,0.0043128374963998795,,0.0052178227342665195,0.028385577723383904,,27.722931713921103,26126.217416551553,1,SO1,25.223196029663086,夏稻、冬小麦、蚕豆、玉米；大豆、冬油菜；茶、油桐、棕榈；杨梅、苹果,108.2764486,29.40077595
1441,10.510994911193848,9.503873825073242,275.50279998779297,6.804631233215332,0.0010377217549830675,0.0049760485999286175,,-0.00253865,0.019821317866444588,,25.577403670018665,26170.86981917664,1,SO1,8.529540061950684,夏稻、冬小麦、蚕豆、玉米；大豆、冬油菜；茶、油桐、棕榈；杨梅、苹果,108.2754002,29.40058694
1442,25.941823959350586,15.583248138427734,146.05166625976562,14.125317573547363,-0.003662571,0.003727416507899761,,0.006089868489652872,0.0244616586714983,,56.069950709003805,26090.387450689075,7,SO1,18.43515396118164,夏稻、冬小麦、蚕豆、玉米；大豆、冬油菜；茶、油桐、棕榈；杨梅、苹果,108.2760326,29.40009575
1443,23.51107406616211,15.011612892150879,166.51260375976562,12.906885147094727,-0.000575259,0.0045546600595116615,,0.0029595871455967426,0.025157947093248367,,28.393563976687187,26121.583432511026,1,SO1,22.979007720947266,夏稻、冬小麦、蚕豆、玉米；大豆、冬油菜；茶、油桐、棕榈；杨梅、苹果,108.2761337,29.4005152
1444,24.1935977935791,13.941271781921387,160.2539063,12.813959121704102,-0.001015906,0.0041923969984054565,,0.0027121366001665592,0.024895168840885162,,49.10000958781028,26102.983621153246,2,SO1,26.20511817932129,夏稻、冬小麦、蚕豆、玉米；大豆、冬油菜；茶、油桐、棕榈；杨梅、苹果,108.27644,29.40050766
1445,5.962856769561768,7.6102070808410645,209.1954345703125,4.893401145935059,0.001139352098107338,0.002459628274664283,,0.020162004977464676,0.0347762331366539,,38.39945525744464,26178.557364204844,1,SO1,4.690896511077881,夏稻、冬小麦、蚕豆、玉米；大豆、冬油菜；茶、油桐、棕榈；杨梅、苹果,108.2749019,29.40034412
1446,24.309024810791016,12.506101608276367,159.2127227783203,12.334080696105957,-0.000459608,0.004012116696685553,,-5.39E-05,0.023797793313860893,,69.80644613404328,26084.383817978352,7,SO1,25.406892776489258,夏稻、冬小麦、蚕豆、玉米；大豆、冬油菜；茶、油桐、棕榈；杨梅、苹果,108.2767464,29.40050012
1447,29.846614837646484,11.421217918395996,153.0091552734375,14.565816879272461,-0.002844736,0.003849147353321314,,-0.004448255,0.015471973456442356,,101.70437805873945,26050.691646469655,7,SO1,23.931888580322266,夏稻、冬小麦、蚕豆、玉米；大豆、冬油菜；茶、油桐、棕榈；杨梅、苹果,108.2768122,29.40016287
1448,25.039958953857422,12.607710838317871,108.31937408447266,12.589808464050293,0.0008576366817578673,0.005998852662742138,,0.0068561662919819355,0.032490719109773636,,168.56358918523557,26331.108293323126,2,SO1,45.703922271728516,夏稻、冬小麦、蚕豆、玉米；大豆、冬油菜；茶、油桐、棕榈；杨梅、苹果,108.2702767,29.39900795
1449,13.792887687683105,12.040472984313965,134.19219970703125,7.369086265563965,-0.00058254,0.0036566646303981543,,0.02801339700818062,0.03672807663679123,,2.799092319642468,26168.11487973379,1,SO1,8.256096839904785,夏稻、冬小麦、蚕豆、玉米；大豆、冬油菜；茶、油桐、棕榈；杨梅、苹果,108.2745848,29.40001629
1450,19.698408126831055,15.884976387023926,137.92507934570312,11.411023139953613,-0.001361114,0.003245533676818013,,0.0017463676631450653,0.02747289277613163,,36.13001723799501,26103.691191674578,1,SO1,21.820192337036133,夏稻、冬小麦、蚕豆、玉米；大豆、冬油菜；茶、油桐、棕榈；杨梅、苹果,108.2753664,29.39980528
1451,12.919106483459473,4.504981994628906,132.09814453125,5.714505195617676,-0.000372958,0.0020160882268100977,,0.0006479352596215904,0.01371458824723959,,496.34859460974116,25707.376039502775,7,SO1,50.907203674316406,茅栗、白栎灌丛,108.2755403,29.3954411
1452,22.02449607849121,4.359728813171387,158.00645446777344,10.020057678222656,0.0003307848237454891,0.00178495270665735,,-0.003270859,0.0067623271606862545,,153.74985173106907,26002.261362886984,7,SO1,11.370540618896484,茅栗、白栎灌丛,108.2774468,29.40003537
1453,16.41439437866211,4.864266872406006,145.591552734375,7.449328422546387,0.000193958287127316,0.001953274942934513,,-0.001541261,0.010954882018268108,,510.8085786417985,25645.489472752004,7,SO1,65.08617401123047,茅栗、白栎灌丛,108.279825,29.39757655
1454,20.60506820678711,5.488158226013184,156.6184539794922,9.247633934020996,0.00015016333782114089,0.0015014364616945386,,-0.005451287,0.011287271976470947,,206.74540422858837,25947.266258149408,7,SO1,13.673933982849121,茅栗、白栎灌丛,108.2776352,29.39953848
1455,18.79204750061035,14.908147811889648,138.49996948242188,10.200178146362305,-0.001587216,0.0033596560824662447,,0.00629427982494235,0.02781268209218979,,30.40556791565584,26107.68136346724,1,SO1,19.146984100341797,夏稻、冬小麦、蚕豆、玉米；大豆、冬油菜；茶、油桐、棕榈；杨梅、苹果,108.2751889,29.39973293
1456,19.717269897460938,12.55738639831543,127.85462951660156,10.093427658081055,-0.002022589,0.003466180060058832,,0.0005396648775786161,0.022638602182269096,,53.192420255527054,26084.447496373174,2,SO1,20.641443252563477,夏稻、冬小麦、蚕豆、玉米；大豆、冬油菜；茶、油桐、棕榈；杨梅、苹果,108.2751803,29.39946464
1457,15.414341926574707,5.402647018432617,146.8529052734375,6.924154281616211,-6.15E-05,0.0017549515468999743,,-0.000980089,0.013474667444825172,,597.4077693934747,25547.039281637673,7,SO1,58.52286911010742,茅栗、白栎灌丛,108.2794413,29.39620995
1458,15.14304256439209,4.203888893127441,156.3857422,6.610568523406982,-0.000222876,0.0017665004124864936,,-0.004496091,0.007035843096673489,,216.7632557970984,25940.28339791855,7,SO1,13.252336502075195,茅栗、白栎灌丛,108.2779459,29.39966508
1459,25.789304733276367,7.089376926422119,263.5438690185547,11.988055229187012,0.0012791062472388148,0.004511604085564613,,0.0039715575985610485,0.021124256774783134,,303.8401218879677,26689.90114018956,2,SO1,35.99603271484375,夏稻、冬小麦、蚕豆、玉米；大豆、冬油菜；茶、油桐、棕榈；杨梅、苹果,108.2625055,29.3979207
1460,17.45400619506836,8.733402252197266,145.86380004882812,8.796327590942383,0.0003544133505783975,0.0023441999219357967,,-0.012405341,0.015280923806130886,,90.27504747194698,26047.26380344833,2,SO1,5.9655985832214355,夏稻、冬小麦、蚕豆、玉米；大豆、冬油菜；茶、油桐、棕榈；杨梅、苹果,108.2754014,29.3991907
1461,8.93532943725586,5.494542598724365,146.34674072265625,4.356296062469482,-0.000810095,0.0015418403781950474,,0.005144799128174782,0.030736012384295464,,373.1852386167767,25790.310095287707,7,SO1,9.271735191345215,茅栗、白栎灌丛,108.2794973,29.39899648
1462,15.664789199829102,7.512763977050781,148.3674774169922,7.153445243835449,0.0007258336991071701,0.0033873312640935183,,0.0010313083184882998,0.013422275893390179,,456.8463570685297,25701.85946059425,7,SO1,17.492862701416016,茅栗、白栎灌丛,108.2796631,29.39810654
1463,26.400619506835938,13.895703315734863,309.8738479614258,14.301294326782227,0.001201531384140253,0.005433888174593449,,-0.00116617,0.017995797097682953,,174.97318297561623,26575.46072470093,2,SO1,60.97087860107422,夏稻、冬小麦、蚕豆、玉米；大豆、冬油菜；茶、油桐、棕榈；杨梅、苹果,108.2644345,29.39790381
1464,19.139795303344727,7.961548805236816,42.45372772216797,8.974953651428223,0.0009137341985478997,0.005207202862948179,,0.0008428342989645898,0.017951540648937225,,395.44099694226657,26725.56412087819,2,SO1,24.757266998291016,夏稻、冬小麦、蚕豆、玉米；大豆、冬油菜；茶、油桐、棕榈；杨梅、苹果,108.2604438,29.39695938
1465,29.11550521850586,18.049209594726562,160.25674438476562,17.118078231811523,-0.00201945,0.00610473332926631,,0.010774892754852772,0.022474465891718864,,12.44507745380408,26424.00596508825,1,SO1,24.319881439208984,夏稻、冬小麦、蚕豆、玉米；大豆、冬油菜；茶、油桐、棕榈；杨梅、苹果,108.2668491,29.39778979
1466,25.322303771972656,12.094799041748047,124.12372589111328,12.792585372924805,0.00038690638029947877,0.005254692398011684,,-0.002608126,0.024760544300079346,,191.01600151833793,26208.594344305107,2,SO1,51.10624694824219,夏稻、冬小麦、蚕豆、玉米；大豆、冬油菜；茶、油桐、棕榈；杨梅、苹果,108.266794,29.39531856
1467,22.20231819152832,7.421761512756348,86.86601257324219,9.96583366394043,0.0025380817241966724,0.00415487214922905,,-0.003161348,0.01880611665546894,,260.06653710507914,26159.365910225755,2,SO1,34.2260627746582,夏稻、冬小麦、蚕豆、玉米；大豆、冬油菜；茶、油桐、棕榈；杨梅、苹果,108.2682977,29.39575724
1468,8.008301734924316,7.9020586013793945,347.78068923950195,3.757002830505371,0.00027042743749916553,0.0015817193780094385,,0.004020897205919027,0.02283734641969204,,41.11306882046387,38463.25786819966,7,SC4,16.6993408203125,茅栗、白栎灌丛,108.0687991,29.40139896
1469,7.0478596687316895,4.548820972442627,133.05555725097656,2.985921859741211,3.060171729885042e-05,0.0009609546978026628,,0.00325351906940341,0.016784543171525,,158.83235606890716,38240.19545677098,7,SC4,10.027236938476562,茅栗、白栎灌丛,108.0705249,29.40000162
1470,19.395984649658203,9.941266059875488,154.60641479492188,9.294694900512695,0.00014639612345490605,0.008502968586981297,,-0.007687628,0.040639717131853104,,340.6663873769317,26089.066234053877,2,SO1,30.87201690673828,夏稻、冬小麦、蚕豆、玉米；大豆、冬油菜；茶、油桐、棕榈；杨梅、苹果,108.2691204,29.39550704
1471,16.588844299316406,6.54648494720459,13.068780899047852,7.7129364013671875,0.0012672505108639598,0.004806851036846638,,-0.001001121,0.02887631207704544,,425.73614383345546,26040.48923142457,2,SO1,30.260202407836914,夏稻、冬小麦、蚕豆、玉米；大豆、冬油菜；茶、油桐、棕榈；杨梅、苹果,108.2718973,29.39679557
1472,19.988893508911133,10.530376434326172,323.9654350280762,9.471846580505371,0.00036759895738214254,0.004191022366285324,,-0.002015608,0.01893206313252449,,334.1093796180374,38770.39039493446,2,SC4,92.27789306640625,茅栗、白栎灌丛,108.063832,29.40171358
1473,6.230217933654785,5.74223518371582,137.68919372558594,2.996711492538452,-0.000372196,0.0024707147385925055,,0.016082091256976128,0.04704178869724274,,59.12886277332939,38277.13285681612,7,SC4,4.906755447387695,茅栗、白栎灌丛,108.0716516,29.4010933
1474,13.813582420349121,3.6630563735961914,134.44252014160156,6.094481945037842,0.0002749024424701929,0.0027690716087818146,,0.0007150553283281624,0.012441525235772133,,322.4451014057463,38006.63911554419,7,SC4,33.65633010864258,茅栗、白栎灌丛,108.073033,29.39896433
1475,21.992767333984375,7.6408185958862305,21.13646697998047,10.609930992126465,0.000451394182164222,0.005343523807823658,,0.007035916205495596,0.02779472805559635,,233.08395204761413,26601.134430450802,2,SO1,21.355960845947266,夏稻、冬小麦、蚕豆、玉米；大豆、冬油菜；茶、油桐、棕榈；杨梅、苹果,108.2621763,29.39669952
1476,26.74899673461914,7.796326637268066,289.39102935791016,12.604727745056152,0.00010437731543788686,0.0037783433217555285,,-0.000296486,0.011751322075724602,,434.9471163690977,38750.80547574246,2,SC4,82.22374725341797,茅栗、白栎灌丛,108.0599234,29.39901616
1477,30.30528450012207,19.689510345458984,296.6371307373047,19.43999671936035,-0.003090747,0.004371352028101683,,0.0020677894353866577,0.023747315630316734,,66.44553382431778,26452.000056962122,2,SO1,33.75602340698242,夏稻、冬小麦、蚕豆、玉米；大豆、冬油菜；茶、油桐、棕榈；杨梅、苹果,108.2640406,29.39624763
1478,32.451942443847656,21.64300537109375,289.2129364013672,20.84796714782715,-0.002747286,0.004677134566009045,,0.005867126863449812,0.022966181859374046,,45.21371045237534,26428.765724578592,2,SO1,29.884790420532227,夏稻、冬小麦、蚕豆、玉米；大豆、冬油菜；茶、油桐、棕榈；杨梅、苹果,108.264032,29.39597934
1479,19.924360275268555,8.146913528442383,351.09135246276855,9.227397918701172,-0.000518788,0.0033943650778383017,,-0.00044999,0.012501362711191177,,438.039545880468,38705.07069492887,2,SC4,70.51184844970703,茅栗、白栎灌丛,108.0586167,29.39765948
1480,21.68629264831543,10.243969917297363,322.2492218017578,10.284090995788574,0.0007293486269190907,0.004028541035950184,,0.005397208500653505,0.019274812191724777,,176.61657986981854,38555.00230180692,2,SC4,60.20170593261719,茅栗、白栎灌丛,108.0638,29.39930271
1481,33.580928802490234,13.935652732849121,195.24374389648438,18.621641159057617,0.002926483517512679,0.004858805797994137,,0.002754681743681431,0.03602978214621544,,88.59829526651359,26112.146713687263,2,SO1,54.187034606933594,夏稻、冬小麦、蚕豆、玉米；大豆、冬油菜；茶、油桐、棕榈；杨梅、苹果,108.2652402,29.39320013
1482,27.2829647064209,12.793516159057617,14.298454284667969,14.087676048278809,-0.000177942,0.005005165468901396,,0.00010333557293051854,0.021865708753466606,,193.2707085804066,26304.922091631073,2,SO1,69.23561096191406,夏稻、冬小麦、蚕豆、玉米；大豆、冬油菜；茶、油桐、棕榈；杨梅、苹果,108.2619804,29.39322174
1483,18.441762924194336,8.476487159729004,2.579899549484253,8.356074333190918,0.0009968498488888144,0.00403371499851346,,0.006214831490069628,0.011478228494524956,,226.63868512692414,38656.36385547841,7,SC4,29.508861541748047,茅栗、白栎灌丛,108.0651399,29.40126776
1484,10.948772430419922,5.142052173614502,139.5045623779297,4.849567890167236,-0.000271011,0.001988978125154972,,0.0001742193999234587,0.01854984648525715,,308.21032614325406,38068.50497023892,7,SC4,28.059459686279297,茅栗、白栎灌丛,108.0698893,29.39771912
1485,15.764852523803711,5.439203262329102,109.24115753173828,6.918071269989014,-0.003333088,0.004691945854574442,,0.008405224420130253,0.033243246376514435,,653.9880545514679,25782.969493696746,7,SC2,11.352590560913086,茅栗、白栎灌丛,108.2725942,29.3943461
1486,22.146848678588867,8.39658260345459,308.1822395324707,10.44266128540039,0.0001503957319073379,0.004137694835662842,,0.0030192802660167217,0.013876465149223804,,869.6090644002484,39027.516340451475,2,SC4,49.282772064208984,茅栗、白栎灌丛,108.053029,29.39762239
1487,14.461087226867676,4.964297294616699,146.05809020996094,6.323855876922607,0.0016441476764157414,0.00238154293037951,,0.00417002709582448,0.015182474628090858,,75.36049637296152,38292.4883229609,7,SC4,16.735885620117188,茅栗、白栎灌丛,108.0665157,29.39809671
1488,12.029577255249023,4.146482944488525,150.5248260498047,5.247715950012207,0.000409900676459074,0.002603381872177124,,-0.000658425,0.009577786549925804,,705.8252818088523,25565.912610135772,7,SC2,30.02068519592285,茅栗、白栎灌丛,108.2750524,29.3935194
1489,6.0559000968933105,4.447742462158203,99.69173431396484,2.7237777709960938,0.00021953103714622557,0.0011964243603870273,,0.014086623676121235,0.025408856570720673,,154.53123227746036,38219.13687592222,7,SC4,9.17501449584961,茅栗、白栎灌丛,108.0710359,29.4000822
1490,9.991973876953125,4.259573936462402,32.22964859008789,4.815652847290039,-0.000119054,0.0038633341901004314,,0.006967326160520315,0.03433035686612129,,638.8618693615283,25816.455094665125,7,SC2,6.236952781677246,夏稻、冬小麦、蚕豆、玉米；大豆、冬油菜；茶、油桐、棕榈；杨梅、苹果,108.2718863,29.39425609
1491,9.04368782043457,3.8956549167633057,124.72059631347656,4.087123394012451,-0.000196564,0.001265264581888914,,0.003272031666710973,0.019383706152439117,,704.8326794681658,25625.070800148744,7,SC2,13.593379974365234,茅栗、白栎灌丛,108.2741122,29.39356592
1492,14.36485767364502,4.958377361297607,132.81475830078125,6.388183594,0.0003919033333659172,0.0020083438139408827,,-0.002489769,0.01511850394308567,,600.8966486509818,25540.51015030286,7,SO1,52.826698303222656,茅栗、白栎灌丛,108.2780295,29.39520208
1493,14.802657127380371,5.658735752105713,345.54043197631836,6.6420063972473145,0.0015005439054220915,0.003519512480124831,,0.0028947365935891867,0.012090013362467289,,511.43958165678106,25797.16987964915,7,SO1,15.658369064331055,夏稻、冬小麦、蚕豆、玉米；大豆、冬油菜；茶、油桐、棕榈；杨梅、苹果,108.2702904,29.39298207
1494,11.172234535217285,4.973258972167969,146.46038818359375,4.935000419616699,0.00016948592383414507,0.001498944591730833,,-0.003347794,0.03680667281150818,,800.0320780921849,25390.721562309027,7,SC2,25.937257766723633,茅栗、白栎灌丛,108.2746122,29.39124801
1495,23.845149993896484,9.142261505126953,232.35255432128906,11.347541809082031,0.0010630928445607424,0.0033428131137043238,,0.004250901751220226,0.013127682730555534,,961.0016148319183,39177.7584977587,2,SC4,38.98255157470703,茅栗、白栎灌丛,108.0500351,29.39732349
1496,14.158878326416016,4.055943012237549,128.09654235839844,6.223251819610596,-0.000351693,0.0024163443595170975,,-0.002995483,0.011659777723252773,,449.0118595998207,37921.55487254215,7,SC4,22.323179244995117,茅栗、白栎灌丛,108.0723797,29.39763163
1497,25.910127639770508,10.60444450378418,251.2629623413086,12.671446800231934,-0.000333771,0.005862528458237648,,-0.003511597,0.017110807821154594,,247.6633373666958,25890.07056131532,2,SO1,44.46738052368164,夏稻、冬小麦、蚕豆、玉米；大豆、冬油菜；茶、油桐、棕榈；杨梅、苹果,108.267643,29.39228017
1498,11.336517333984375,6.217894077301025,113.44625091552734,5.166935920715332,-0.00040845,0.002511209575459361,,0.017846079543232918,0.02802240289747715,,601.8283310065864,25651.18585409706,7,SC2,14.811155319213867,茅栗、白栎灌丛,108.271752,29.39229931
1499,20.173503875732422,12.333230018615723,240.3265380859375,10.430875778198242,0.0031742260325700045,0.0045426818542182446,,-0.01490128,0.025336336344480515,,1079.085673320954,39269.66700554694,2,SC4,12.354595184326172,茅栗、白栎灌丛,108.0504215,29.39862747
1500,7.519438743591309,4.835446834564209,63.526451110839844,3.6529500484466553,0.0004558389773592353,0.0024321232922375202,,0.017598498612642288,0.057341255247592926,,670.5667541989795,37634.04288244295,7,SC4,8.20671272277832,茅栗、白栎灌丛,108.0769252,29.39723331
1501,27.11541175842285,12.302437782287598,228.8509063720703,14.073275566101074,0.0024613551795482635,0.0064748553559184074,,-0.009174688,0.02458704076707363,,1072.781353925214,39274.57630280472,2,SC4,28.249191284179688,茅栗、白栎灌丛,108.0499539,29.39836965
1502,5.635897636413574,2.810758113861084,168.39414978027344,2.716172933578491,-0.000182285,0.0015210424317047,,-0.000344469,0.027725620195269585,,736.0329419858289,37556.46548434888,7,SC4,7.512983798980713,茅栗、白栎灌丛,108.0785918,29.39738245
1503,10.53715705871582,4.323247909545898,277.4245910644531,4.767604827880859,0.000528009666595608,0.003011815482750535,,0.002702194033190608,0.0258816946297884,,569.572822399902,37626.026452438186,2,SC4,12.53040599822998,茅栗、白栎灌丛,108.0759429,29.39655411
1504,12.192221641540527,4.975635528564453,132.70191955566406,5.356602191925049,0.00042736640898510814,0.003139376873150468,,-0.004506454,0.037686802446842194,,732.0647341334924,37256.41188229106,7,SC4,22.552282333374023,茅栗、白栎灌丛,108.0817659,29.39599622
1505,11.175384521484375,3.9812171459198,45.05398941040039,5.001241207122803,0.0006098060985095799,0.0026850185822695494,,-0.000992382,0.020351653918623924,,240.4765163057879,38141.81106398554,7,SC4,15.995795249938965,茅栗、白栎灌丛,108.0682348,29.39750215
1506,11.756617546081543,6.2320237159729,180.65415954589844,5.265391826629639,-6.12E-06,0.0021922586020082235,,-0.007474137,0.04050749912858009,,603.5245728590943,37265.674923364284,11,SC4,34.701358795166016,茅栗、白栎灌丛,108.0804706,29.39533042
1507,14.84412670135498,5.272642612457275,348.2869234085083,6.861073017120361,0.0004334627592470497,0.0050733317621052265,,0.011820534244179726,0.022441428154706955,,483.37031096009116,25736.12398151621,7,SC2,11.75832748413086,夏稻、冬小麦、蚕豆、玉米；大豆、冬油菜；茶、油桐、棕榈；杨梅、苹果,108.2703532,29.39233367
1508,15.464458465576172,5.471972465515137,170.4564666748047,6.861744403839111,0.00041137560037896037,0.0032356115989387035,,-0.000484517,0.017564116045832634,,327.98780807351574,25633.564958579693,7,SC2,31.4964656829834,茅栗、白栎灌丛,108.2695577,29.39064808
1509,11.497440338134766,5.578008651733398,109.72268676757812,5.113790512084961,0.00019215444626752287,0.002266306895762682,,0.00514189200475812,0.018366890028119087,,693.0450025465218,25630.705661829557,7,SC2,10.040611267089844,茅栗、白栎灌丛,108.272611,29.39263621
1510,9.522562026977539,4.924402713775635,20.147735595703125,4.313241958618164,0.0004096879274584353,0.0027373586781322956,,-0.003887939,0.031471747905015945,,607.4309821181402,25458.088848500756,2,SC2,7.178508758544922,茅栗、白栎灌丛,108.272707,29.39074873
1511,11.312976837158203,6.038985729217529,115.75324249267578,4.49644136428833,0.0008737821481190622,0.0018146235961467028,,0.03710094839334488,0.04574832320213318,,31.185129435367482,38230.305922338994,7,SC4,8.149378776550293,茅栗、白栎灌丛,108.0644737,29.39611526
1512,17.98366355895996,7.443122386932373,220.19204711914062,8.190107345581055,0.0004901475622318685,0.0025857023429125547,,0.006202179938554764,0.03604748472571373,,229.46764576283226,38085.45959441025,7,SC4,17.891035079956055,茅栗、白栎灌丛,108.0669443,29.39606847
1513,7.946417808532715,3.561122179031372,44.572505950927734,3.6238486766815186,0.0005648160586133599,0.003262976882979274,,0.003470078809186816,0.03971611335873604,,466.8613962800805,37607.20636878422,2,SC4,7.789839744567871,茅栗、白栎灌丛,108.0750803,29.3958248
1514,16.79302978515625,11.93729305267334,247.4590072631836,7.960788249969482,0.00039965458563528955,0.00238131545484066,,0.010334404185414314,0.045656561851501465,,191.67305038827226,37651.2311097417,7,SC4,54.23690414428711,茅栗、白栎灌丛,108.0713713,29.39402768
1515,11.798831939697266,5.340536117553711,152.0469207763672,5.420702934265137,0.0002963039150927216,0.0016201213002204895,,-0.003013538,0.012089846655726433,,920.1149644634258,25310.10290897174,2,SC2,19.42336082458496,茅栗、白栎灌丛,108.2767335,29.3917405
1516,22.75674057006836,12.349477767944336,324.4632759094238,11.191272735595703,0.0012371125631034374,0.006118778605014086,,0.021619129925966263,0.09137776494026184,,949.4834671833892,39261.07750506347,7,SC4,25.841991424560547,茅栗、白栎灌丛,108.0482058,29.39703504
1517,8.538029670715332,4.678820610046387,294.2413635253906,3.6035892963409424,-0.000216154,0.0020246051717549562,,0.01235312782227993,0.01785528101027012,,8.35235173276086,38298.72433755346,7,SC4,3.787943124771118,茅栗、白栎灌丛,108.0637585,29.39642238
1518,9.456271171569824,6.15294075012207,132.1090545654297,4.360645771026611,0.000523249851539731,0.0017484900308772922,,-0.314405113,1.462809443473816,,955.518538472547,25243.266456601945,2,SC2,7.796192169189453,茅栗、白栎灌丛,108.2776875,29.39161634
1519,11.979722023010254,3.019183874130249,327.6149444580078,5.538229465484619,0.0034341842401772738,0.002126584993675351,,-0.009671665,0.008748804219067097,,500.689370907743,26313.937323312315,2,SO1,5.9507341384887695,夏稻、冬小麦、蚕豆、玉米；大豆、冬油菜；茶、油桐、棕榈；杨梅、苹果,108.2593702,29.39159605
1520,17.804746627807617,9.584850311279297,184.7255096435547,8.310955047607422,-0.000178762,0.003712506266310811,,-0.001712696,0.01828417368233204,,667.6982655773955,38803.36309255091,2,SC4,31.20075798034668,茅栗、白栎灌丛,108.0551346,29.39648373
1521,7.195919513702393,3.8385136127471924,219.20596313476562,3.1892483234405518,0.001076243817806244,0.0019961665384471416,,-0.011962446,0.01895587518811226,,349.0195529324889,37900.93515142055,2,SC4,5.321733474731445,茅栗、白栎灌丛,108.0695723,29.39566992
1522,11.693246841430664,5.732064723968506,302.2230033874512,5.304090976715088,-0.001149555,0.0017077572410926223,,0.014774812385439873,0.019278399646282196,,826.4409863832748,39132.618395774916,7,SC4,6.460850238800049,茅栗、白栎灌丛,108.0488094,29.39597905
1523,20.681089401245117,6.458168029785156,317.1712417602539,9.561312675476074,0.0004827782977372408,0.002831659745424986,,-0.000189325,0.010392937809228897,,282.8850421230191,38385.11177053945,7,SC4,63.72246170043945,茅栗、白栎灌丛,108.0598356,29.39485829
1524,15.914576530456543,6.223485469818115,344.7477560043335,7.150205135345459,0.00027963623870164156,0.003158695762977004,,0.00559853995218873,0.022201482206583023,,97.19010942618279,38262.70694304317,7,SC4,28.99309730529785,茅栗、白栎灌丛,108.0619408,29.39485183
1525,11.49160099029541,6.680179119110107,277.0443572998047,5.344229221343994,-0.00239142,0.002097855322062969,,0.02240169607102871,0.029958439990878105,,10.153508558394485,38302.635454160976,7,SC4,5.182833671569824,茅栗、白栎灌丛,108.0629114,29.39592398
1526,15.390471458435059,8.487311363220215,205.89024353027344,7.2683305740356445,0.0017313576536253095,0.0033535321708768606,,-0.007724644,0.03685665875673294,,53.6301844118723,38177.62910037507,7,SC4,14.063424110412598,茅栗、白栎灌丛,108.0634939,29.3949004
1527,24.533580780029297,8.843225479125977,309.1306800842285,11.562355995178223,-0.000513538,0.005130595527589321,,-0.001084185,0.01792745292186737,,389.05597263079665,37422.67288928418,2,SC4,24.8869571685791,茅栗、白栎灌丛,108.0765271,29.39467866
1528,23.400333404541016,8.80505084991455,227.85597229003906,10.9976167678833,0.00022042900673113763,0.0022967334371060133,,0.006946442183107138,0.027673708274960518,,225.3445889825412,37052.1574828695,7,SC4,59.83618927001953,茅栗、白栎灌丛,108.0790064,29.39211853
1529,18.616046905517578,6.745497703552246,277.6342468261719,8.523649215698242,0.00018107029609382153,0.002739356132224202,,0.004784831311553717,0.019825199618935585,,443.9165817124014,26116.57491356657,2,SO1,28.839548110961914,夏稻、冬小麦、蚕豆、玉米；大豆、冬油菜；茶、油桐、棕榈；杨梅、苹果,108.260785,29.39030163
1530,17.999025344848633,8.974841117858887,347.0923261642456,8.337713241577148,2.5463334623054834e-06,0.0037719733081758022,,0.003940883092582226,0.022811612114310265,,799.8402130396822,39259.339790779646,7,SC4,30.065067291259766,茅栗、白栎灌丛,108.0455472,29.39519268
1531,21.912553787231445,9.026863098144531,260.46424865722656,10.129108428955078,0.0014081198023632169,0.003547933418303728,,0.0009808241156861186,0.014053169637918472,,747.0865333455921,38973.956475202656,7,SC4,34.173980712890625,茅栗、白栎灌丛,108.0506945,29.39544839
1532,16.093111038208008,5.458842754364014,28.65555191040039,7.240396976470947,-0.000664831,0.0037644701078534126,,-0.002151513,0.014728736132383347,,537.6135930522705,38890.699127342334,7,SC4,35.142906188964844,茅栗、白栎灌丛,108.049059,29.39338287
1533,15.0697021484375,7.199374198913574,257.2083282470703,6.814736843109131,-0.000362552,0.0022665872238576412,,-0.001128883,0.018278522416949272,,176.99458738493036,37941.67778058718,7,SC4,20.72064208984375,茅栗、白栎灌丛,108.0668688,29.39442189
1534,13.700322151184082,8.447270393371582,233.38226318359375,6.3650593757629395,0.0009156247833743691,0.0017653899267315865,,0.00845419429242611,0.0352642759680748,,148.025213536042,37823.52609048739,1,SC4,37.438720703125,茅栗、白栎灌丛,108.06827,29.39399414
1535,10.81182861328125,3.7053959369659424,145.1787109,4.638322353363037,0.00023583855363540351,0.0030261860229074955,,0.0021584711503237486,0.012712284922599792,,694.2479675927392,36939.37847641091,2,SC4,13.27066707611084,茅栗、白栎灌丛,108.084479,29.39414798
1536,17.349658966064453,6.148677825927734,323.3457794189453,8.117997169494629,0.002493912586942315,0.0033769598230719566,,-0.011020537,0.014886726625263691,,345.06218464091955,26094.275908526528,2,SC2,11.592841148376465,夏稻、冬小麦、蚕豆、玉米；大豆、冬油菜；茶、油桐、棕榈；杨梅、苹果,108.2617163,29.39066597
1537,23.686206817626953,5.660271644592285,331.3357639312744,10.678253173828125,0.0012685628607869148,0.0038675738032907248,,-0.003005699,0.015541303902864456,,298.7957433024562,38399.38021425396,7,SC4,60.02348709106445,茅栗、白栎灌丛,108.0587444,29.39430436
1538,22.9017391204834,6.070686340332031,295.5992889404297,10.578983306884766,0.0017882698448374867,0.0025503356009721756,,-0.003792256,0.007594389840960503,,339.7301990669367,38479.65275433806,2,SC4,41.77351760864258,茅栗、白栎灌丛,108.0567015,29.39386187
1539,9.027228355407715,3.9677186012268066,99.48888397216797,4.111489772796631,-0.000301107,0.0023867443669587374,,0.005820551421493292,0.023885726928710938,,131.4840962305747,38129.07147095069,7,SC4,6.586516857147217,茅栗、白栎灌丛,108.0655352,29.39566221
1540,15.707916259765625,7.36365270614624,275.61932373046875,7.391082286834717,0.0003158181207254529,0.0027724928222596645,,-0.007817359,0.022753167897462845,,146.04779611752852,38072.04206103502,1,SC4,15.661673545837402,茅栗、白栎灌丛,108.0645465,29.39439555
1541,23.453712463378906,10.34518814086914,261.01673889160156,11.123857498168945,0.00019526862888596952,0.003702688030898571,,0.0012873030500486493,0.030178885906934738,,222.7645266563584,37451.885726412,7,SC4,54.7598991394043,茅栗、白栎灌丛,108.0744041,29.39370324
1542,8.052094459533691,3.912982702255249,77.71904754638672,3.5220837593078613,0.0005827443092130125,0.0023974489886313677,,0.008161959238350391,0.025709453970193863,,642.5757983128264,37006.151199472144,2,SC4,5.778428077697754,茅栗、白栎灌丛,108.0833458,29.39420742
1543,19.03115463256836,6.5149149894714355,308.5564956665039,9.254558563232422,0.0035619980189949274,0.003912743180990219,,-0.008352986,0.025462906807661057,,243.62481483603594,25939.411369091664,2,SC2,25.586034774780273,夏稻、冬小麦、蚕豆、玉米；大豆、冬油菜；茶、油桐、棕榈；杨梅、苹果,108.2633132,29.38997236
1544,23.547779083251953,15.786184310913086,195.78683471679688,13.536511421203613,-0.001477849,0.0061436803080141544,,0.01430934015661478,0.03420066088438034,,3.5098590352795465,25810.644773153323,1,SC2,19.33136749267578,夏稻、冬小麦、蚕豆、玉米；大豆、冬油菜；茶、油桐、棕榈；杨梅、苹果,108.2659961,29.39029257
1545,29.790876388549805,18.064178466796875,192.98741149902344,18.27535629272461,0.0001544489205116406,0.007936178706586361,,0.0022391648963093758,0.02356915920972824,,44.36655826925906,25767.871549436364,7,SC2,27.488880157470703,夏稻、冬小麦、蚕豆、玉米；大豆、冬油菜；茶、油桐、棕榈；杨梅、苹果,108.2665441,29.39017172
1546,18.100345611572266,7.577380657196045,219.15650939941406,8.332257270812988,0.004128629807382822,0.00239109736867249,,-0.020620843,0.031809672713279724,,504.28714029390085,38637.03688988091,7,SC4,10.652397155761719,茅栗、白栎灌丛,108.0561467,29.3952738
1547,12.526019096374512,7.010103225708008,218.50457763671875,5.678104877471924,0.0007209270261228085,0.001133845653384924,,0.009206509217619896,0.018885891884565353,,246.73403719254654,37977.94359113941,7,SC4,9.79790210723877,茅栗、白栎灌丛,108.0671766,29.39502022
1548,14.896212577819824,6.4591383934021,231.39686584472656,6.73146390914917,0.0006608276744373143,0.0015286330599337816,,0.002802369650453329,0.014108517207205296,,220.30264347390892,37936.22022949346,7,SC4,10.282078742980957,茅栗、白栎灌丛,108.0674749,29.39474482
1549,27.944229125976562,18.552003860473633,115.47454833984375,16.751907348632812,-0.001156972,0.007308533415198326,,0.01116147730499506,0.01695379801094532,,44.58003456351713,25773.99403902548,7,SC2,18.642942428588867,夏稻、冬小麦、蚕豆、玉米；大豆、冬油菜；茶、油桐、棕榈；杨梅、苹果,108.2657738,29.38973117
1550,29.464527130126953,17.008386611938477,196.37232971191406,16.615114212036133,-0.000528489,0.00502712931483984,,0.0036763048265129328,0.028104184195399284,,113.26147963113631,25567.90031937527,7,SC2,49.32925033569336,茅栗、白栎灌丛,108.2680509,29.38890873
1551,14.358379364013672,13.70417594909668,218.79837036132812,7.1749186515808105,-0.000330458,0.0022030009422451258,,0.00059828523080796,0.02222559042274952,,318.6111798744114,25388.891029612445,11,SC2,42.146846771240234,茅栗、白栎灌丛,108.2704336,29.38846224
1552,18.720298767089844,12.005940437316895,293.2444839477539,8.893786430358887,-0.000142363,0.0028130742721259594,,-0.001128689,0.018554093316197395,,518.9037467134515,39052.505313640344,2,SC4,57.64910125732422,茅栗、白栎灌丛,108.0447623,29.3922638
1553,24.06379508972168,3.551151990890503,303.5068664550781,10.818595886230469,0.0014445062261074781,0.001760930404998362,,-0.001797183,0.0056990571320056915,,357.65648137798144,38488.248904045155,7,SC4,18.587215423583984,茅栗、白栎灌丛,108.0570338,29.39417931
1554,21.538034439086914,7.67021369934082,33.62775802612305,10.06923770904541,0.0007332271779887378,0.004998026415705681,,0.0033204134088009596,0.02251710370182991,,304.54845407954116,25817.98709646264,2,SC2,38.443904876708984,夏稻、冬小麦、蚕豆、玉米；大豆、冬油菜；茶、油桐、棕榈；杨梅、苹果,108.2633958,29.38865461
1555,26.21196174621582,19.342002868652344,182.3931121826172,15.536412239074707,-0.001847001,0.0072425417602062225,,0.011152510531246662,0.020422324538230896,,14.313764574592568,25722.34175204859,1,SC2,19.912700653076172,夏稻、冬小麦、蚕豆、玉米；大豆、冬油菜；茶、油桐、棕榈；杨梅、苹果,108.2662767,29.38948017
1556,20.06519317626953,12.627889633178711,28.997159957885742,10.053462982177734,0.0005712222773581743,0.004008793272078037,,0.0016945366514846683,0.03151058033108711,,199.77787915637103,25578.95995058447,7,SC2,56.19397735595703,茅栗、白栎灌丛,108.2652885,29.38720555
1557,18.147720336914062,11.557580947875977,157.5209503173828,8.760266304016113,-0.00017684,0.0031455361749976873,,-0.007822588,0.03078649565577507,,348.45203255207167,25221.526531960255,2,SC2,37.79201889038086,茅栗、白栎灌丛,108.2712159,29.38708831
1558,23.931241989135742,8.519201278686523,293.25331115722656,11.16653823852539,0.0009668867569416761,0.0018660794012248516,,-0.004999766,0.016636230051517487,,303.08136086650086,38462.56816661222,2,SC4,45.4109992980957,茅栗、白栎灌丛,108.0560082,29.39320704
1559,26.964399337768555,5.507575035095215,297.2259407043457,12.511093139648438,0.0005170687800273299,0.002216310938820243,,-0.000417491,0.006681467406451702,,206.0827294642019,38328.87600512861,2,SC4,38.69131851196289,茅栗、白栎灌丛,108.0582076,29.39315495
1560,17.317148208618164,9.517459869384766,280.4704055786133,8.235918045043945,0.000621899904217571,0.0036459469702094793,,0.001981911947950721,0.02997840940952301,,144.11719273600002,37269.128528771565,7,SC4,27.55752944946289,茅栗、白栎灌丛,108.0758174,29.39255856
1561,13.142054557800293,4.212044715881348,155.09576416015625,5.92623233795166,0.0008589208591729403,0.0016835492569953203,,-0.000751215,0.010262849740684032,,491.818250989521,37196.89000757042,11,SC4,32.88370895385742,茅栗、白栎灌丛,108.0800905,29.39435371
1562,20.978153228759766,7.907451629638672,232.09380340576172,9.587060928344727,1.7016232959576882e-05,0.0025603631511330605,,-0.002993839,0.012024075724184513,,416.1729181650616,36785.81173062688,7,SC4,65.95476531982422,茅栗、白栎灌丛,108.0833514,29.39181347
1563,21.846288681030273,6.7639641761779785,288.2444305419922,10.750859260559082,0.00039913435466587543,0.0027934517711400986,,0.0031705673318356276,0.011735006235539913,,529.8788521015687,26159.40603321522,2,SO1,28.037057876586914,夏稻、冬小麦、蚕豆、玉米；大豆、冬油菜；茶、油桐、棕榈；杨梅、苹果,108.2598613,29.39017438
1564,12.584070205688477,5.649593353271484,171.1358642578125,5.4766035079956055,0.0008716959273442626,0.002341637620702386,,-0.003363441,0.02081536129117012,,660.6242751956672,25234.11859758232,2,SC2,10.429019927978516,茅栗、白栎灌丛,108.2739258,29.38902383
1565,8.36943531036377,5.646387577056885,190.97763061523438,3.7738797664642334,0.0006833787192590535,0.0023274533450603485,,0.0025972374714910984,0.03240758553147316,,678.856361492175,25192.28494224068,2,SC2,6.060801982879639,茅栗、白栎灌丛,108.2742235,29.38874801
1566,19.337305068969727,11.328139305114746,1.8747365474700928,9.318965911865234,-2.41E-05,0.0038260375149548054,,-0.003885214,0.027298877015709877,,510.29110524663486,39100.40790659652,2,SC4,62.00755310058594,茅栗、白栎灌丛,108.0431503,29.39168304
1567,8.79692268371582,5.105136394500732,198.38760375976562,4.053168296813965,0.0009803405264392495,0.001233559218235314,,-0.000996258,0.020586397498846054,,573.2460051096145,36904.17126242023,2,SC4,6.334347724914551,茅栗、白栎灌丛,108.0836807,29.39329643
1568,23.604536056518555,15.182151794433594,123.55184173583984,13.900979995727539,0.002102387137711048,0.01214450690895319,,0.002262361813336611,0.027624469250440598,,500.1365753215081,25947.143738390616,2,SC2,32.28676986694336,夏稻、冬小麦、蚕豆、玉米；大豆、冬油菜；茶、油桐、棕榈；杨梅、苹果,108.2611401,29.38862153
1569,25.27178192138672,12.266498565673828,229.95057678222656,12.582962989807129,0.0015251804143190384,0.0031622506212443113,,0.0017451780149713159,0.03439750522375107,,338.627843954287,38537.599442129045,2,SC4,44.874393463134766,茅栗、白栎灌丛,108.0540497,29.39274581
1570,19.78166961669922,7.646147727966309,350.0619878768921,9.117850303649902,0.0009961940813809633,0.0026882882229983807,,0.005078146234154701,0.023178361356258392,,309.69513501899337,38547.46940567995,2,SC4,32.72043991088867,茅栗、白栎灌丛,108.0525082,29.39181455
1571,24.29345703,10.011075019836426,75.46231842041016,11.918129920959473,0.0028051810804754496,0.005095490720123053,,0.006843253504484892,0.020263822749257088,,421.23761110891763,25913.03398040114,2,SC2,22.48651885986328,夏稻、冬小麦、蚕豆、玉米；大豆、冬油菜；茶、油桐、棕榈；杨梅、苹果,108.2619627,29.38878039
1572,18.8646183013916,7.568760871887207,311.05798721313477,8.627381324768066,-0.001292038,0.005438291467726231,,0.0032257072161883116,0.015768324956297874,,744.5658497064175,39427.664363040225,7,SC4,27.184967041015625,茅栗、白栎灌丛,108.0390595,29.39257394
1573,23.749303817749023,6.6696553230285645,301.4919738769531,11.150287628173828,0.0017423391109332442,0.004335582721978426,,0.003999415319412947,0.01192962285131216,,88.88720691077559,38191.62197792314,1,SC4,25.07674217224121,茅栗、白栎灌丛,108.059768,29.39263495
1574,3.1714861392974854,1.2617661952972412,251.30929565429688,1.534272313117981,-9.18E-05,0.0017205214826390147,,9.483223402639851e-05,0.04834161698818207,,28.451803922058946,37705.08143820288,1,SC4,1.2813631296157837,茅栗、白栎灌丛,108.0678873,29.39243361
1575,25.546606063842773,6.836245536804199,131.8583221435547,12.450178146362305,0.0014516395749524236,0.0034428078215569258,,-0.003850617,0.012170935980975628,,498.22183156661566,45006.9010304782,2,SO2,33.4381217956543,含木、映山红的马尾松林,107.9571214,29.39408553
1576,22.675012588500977,8.630579948425293,132.9735870361328,11.114544868469238,-0.000673458,0.0048756906762719154,,0.00499215442687273,0.01727238856256008,,460.90444577355436,44844.59337316769,2,SO2,29.16166114807129,含木、映山红的马尾松林,107.9591913,29.3938829
1577,12.405858993530273,8.045164108276367,59.6296501159668,5.595830917358398,0.0004964256077073514,0.0029805207159370184,,0.002606066642329097,0.02948732115328312,,641.148557464004,39088.75332359925,7,SC4,27.277565002441406,茅栗、白栎灌丛,108.0466693,29.39400886
1578,18.767831802368164,11.19182014465332,11.119171142578125,9.710526466369629,0.0024304066319018602,0.00692647835239768,,-0.003196133,0.05313253030180931,,626.619742008326,25876.274115407974,2,SC2,18.0703125,夏稻、冬小麦、蚕豆、玉米；大豆、冬油菜；茶、油桐、棕榈；杨梅、苹果,108.2604315,29.38735143
1579,21.677587509155273,14.397783279418945,47.662689208984375,11.35278606414795,0.0028973310254514217,0.006105712149292231,,0.6167662739753723,3.280620813369751,,516.8815007071734,25880.529544060813,2,SC2,15.821526527404785,夏稻、冬小麦、蚕豆、玉米；大豆、冬油菜；茶、油桐、棕榈；杨梅、苹果,108.2613244,29.38799051
1580,19.034971237182617,8.45091724395752,345.0383176803589,8.917276382446289,-0.000241479,0.004445933736860752,,0.0037044768687337637,0.04375286027789116,,423.2999416521852,25577.725069489796,2,SC2,45.20872116088867,茅栗、白栎灌丛,108.261471,29.38466491
1581,17.649150848388672,8.272754669189453,248.8411102294922,8.373066902160645,0.00046878718421794474,0.004877007566392422,,-0.00655788,0.03140600025653839,,316.2986152167225,25507.132041064917,2,SC2,33.77644348144531,茅栗、白栎灌丛,108.2632861,29.38506835
1582,21.3117618560791,7.464536190032959,115.8946533203125,10.36763858795166,0.0008505662553943694,0.0022051259875297546,,0.001936748274601996,0.01322370395064354,,533.0885474894557,45139.140437744674,2,SO2,13.947514533996582,含木、映山红的马尾松林,107.9554836,29.39429346
1583,29.847496032714844,3.8504858016967773,301.1857147216797,14.072431564331055,-0.000863325,0.0018831690540537238,,-0.000723997,0.006475136615335941,,210.195622757406,38347.18429582544,2,SC4,30.438554763793945,茅栗、白栎灌丛,108.0575324,29.39291471
1584,24.394113540649414,7.589323997497559,305.32982635498047,11.709110260009766,4.3617917981464416e-05,0.005800941027700901,,0.005253407638520002,0.010954709723591805,,101.50728818920796,38251.58277647104,2,SC4,18.468006134033203,茅栗、白栎灌丛,108.0575207,29.39182457
1585,12.313775062561035,7.416932582855225,89.12141418457031,5.722786903381348,0.0005805862019769847,0.0023902570828795433,,0.005091697443276644,0.02985367365181446,,106.73926290088616,37491.68126832965,7,SC4,14.13455581665039,茅栗、白栎灌丛,108.0701015,29.39146191
1586,10.937570571899414,5.979303359985352,103.70001983642578,4.861965656280518,-9.16E-06,0.0015768517041578889,,0.0037578775081783533,0.022249359637498856,,133.75744684090407,37241.36770181786,7,SC4,19.23992919921875,茅栗、白栎灌丛,108.073238,29.39065499
1587,22.409982681274414,6.146717548370361,213.81349182128906,10.274641036987305,0.00038323504850268364,0.003018614137545228,,-0.001523324,0.008654304780066013,,438.4725545600253,36569.81277530133,7,SC4,69.41346740722656,茅栗、白栎灌丛,108.0856483,29.39082223
1588,20.068357467651367,6.411853313446045,196.61611938476562,9.424200057983398,0.0018541027093306184,0.004518188536167145,,-0.000192421,0.01588132232427597,,503.50714070647655,44735.12488658343,2,SO2,50.531856536865234,含木、映山红的马尾松林,107.9609496,29.39408103
1589,25.002914428710938,12.579140663146973,292.627685546875,12.355902671813965,0.00047934221220202744,0.00274510495364666,,0.0044643329456448555,0.021661575883626938,,216.04072453846706,38635.79419783494,2,SC4,69.5826644897461,茅栗、白栎灌丛,108.0490713,29.39046567
1590,30.743213653564453,10.474244117736816,297.82572174072266,15.251331329345703,9.289252921007574e-05,0.0029781803023070097,,0.0024355172645300627,0.014553396962583065,,198.64048548597552,38516.86365878177,2,SC4,51.78346252441406,茅栗、白栎灌丛,108.0511181,29.39051354
1591,26.680261611938477,5.735628128051758,279.6637191772461,12.592933654785156,0.0010474860901013017,0.006396879907697439,,0.0015485649928450584,0.010134246200323105,,178.07096795301462,38366.18235990938,7,SC4,40.694637298583984,茅栗、白栎灌丛,108.0553997,29.39170523
1592,12.034577369689941,9.184102058410645,319.51612854003906,5.753060340881348,-0.002164225,0.0022586879786103964,,0.04274710640311241,0.0697370171546936,,6.4898865946868165,37090.1421811605,1,SC4,5.172469139099121,茅栗、白栎灌丛,108.0765613,29.39104431
1593,26.794769287109375,20.223554611206055,184.28561401367188,15.59329891204834,0.0007711492362432182,0.004584708716720343,,0.032857272773981094,0.03455308824777603,,17.754005241052415,25415.59860949952,1,SC2,18.99737548828125,茅栗、白栎灌丛,108.2674161,29.38676717
1594,38.17279052734375,23.869827270507812,349.86088275909424,24.046188354492188,-0.000218546,0.007458122447133064,,0.00715053454041481,0.017371200025081635,,72.14616478677902,25388.204625438986,2,SC2,44.424617767333984,茅栗、白栎灌丛,108.266811,29.38605705
1595,27.60010528564453,17.925838470458984,161.06822204589844,15.07215404510498,0.00044617397361434996,0.0029781716875731945,,0.029802359640598297,0.031596843153238297,,42.50125301736905,25293.724811459077,1,SC2,36.36095428466797,茅栗、白栎灌丛,108.2679452,29.38573983
1596,22.293243408203125,8.307428359985352,177.679931640625,10.705262184143066,0.0004104902036488056,0.004426714964210987,,0.018050508573651314,0.128817617893219,,488.4736889398141,45243.47646887687,2,SO2,56.196632385253906,含木、映山红的马尾松林,107.9532428,29.39355418
1597,25.78815269470215,5.275154113769531,122.28487396240234,11.526091575622559,-0.000852747,0.003821054706349969,,-0.002666272,0.008081505075097084,,455.87623974327755,45037.79725448461,2,SO2,34.905479431152344,含木、映山红的马尾松林,107.9562183,29.39364352
1598,26.110082626342773,14.829054832458496,310.14250564575195,13.108477592468262,0.003751704702153802,0.003951177932322025,,-0.012820874,0.027778154239058495,,351.04875576726187,43036.36820106021,2,SO2,20.54370880126953,茅栗、白栎灌丛,107.984025,29.39288124
1599,40.21972656,17.040199279785156,333.72708892822266,25.28006362915039,0.0014150826027616858,0.0075541106052696705,,0.032263241708278656,0.08909875154495239,,146.79891845286903,42875.3780771702,2,SO1,101.78551483154297,茅栗、白栎灌丛,107.9861248,29.39265903
1600,19.027029037475586,7.427972316741943,313.7814483642578,8.695127487182617,5.237758159637451e-06,0.0026591664645820856,,0.00040301872650161386,0.013365763239562511,,797.5608480435394,39581.973654628964,7,SC4,47.7839469909668,茅栗、白栎灌丛,108.0353651,29.3917084
1601,21.377838134765625,10.45590877532959,299.6947822570801,10.778297424316406,-0.000753799,0.004721974488347769,,0.00324268895201385,0.023557789623737335,,92.25659788241794,38255.98709741883,7,SC4,18.810264587402344,茅栗、白栎灌丛,108.0569534,29.39149582
1602,7.946852684020996,5.239968776702881,60.07807922363281,4.178980827331543,-0.00068051,0.003449929878115654,,0.035040877759456635,0.04174373298883438,,15.133965441578278,37032.87893094093,1,SC4,5.329709053039551,茅栗、白栎灌丛,108.0769714,29.39066561
1603,23.7928466796875,9.114628791809082,230.62925720214844,11.188295364379883,-0.000683108,0.003254842711612582,,-0.004372126,0.018830498680472374,,438.1619779901993,36350.787413318765,2,SC4,93.44425201416016,茅栗、白栎灌丛,108.0875905,29.38958566
1604,32.65187454223633,20.71561622619629,246.4017105102539,19.59596061706543,0.0005453960038721561,0.005066676996648312,,-0.002246259,0.15478090941905975,,172.31221834663927,44703.8658745911,2,SO1,155.07769775390625,夏稻、冬小麦、蚕豆、玉米；大豆、冬油菜；茶、油桐、棕榈；杨梅、苹果,107.9583399,29.39121883
1605,36.71385192871094,7.806936264038086,284.8570785522461,18.690441131591797,-0.000368951,0.004972666036337614,,-0.000578408,0.010289238765835762,,379.0854540728982,43004.363278716206,2,SO1,110.78582000732422,茅栗、白栎灌丛,107.9828461,29.39144409
1606,19.619348526000977,10.732592582702637,78.1908187866211,9.288723945617676,-4.33E-06,0.003127582836896181,,-0.003587933,0.04570579156279564,,140.607451974272,37020.44653406371,7,SC4,23.846576690673828,茅栗、白栎灌丛,108.0758667,29.38984699
1607,18.733156204223633,7.535641193389893,57.66307830810547,9.018453598022461,-0.000251427,0.00472163874655962,,0.010241077281534672,0.018905557692050934,,70.77833798829526,37106.10900899287,1,SC4,10.850114822387695,茅栗、白栎灌丛,108.0755515,29.39059771
1608,6.28693962097168,2.2829184532165527,7.321008682250977,2.4639949798583984,-0.001353864,0.0012743936385959387,,-0.006991627,0.022847266867756844,,684.9013794376982,36111.957122452666,2,SC4,3.4140498638153076,茅栗、白栎灌丛,108.0918601,29.38948164
1609,42.177616119384766,19.119041442871094,344.6207027435303,27.985010147094727,0.0012815140653401613,0.008899598382413387,,0.036273207515478134,0.08900301158428192,,82.58590759662646,42822.519888345974,2,SO1,64.12398529052734,茅栗、白栎灌丛,107.9867748,29.39255106
1610,35.172367095947266,14.194132804870605,194.0205078,19.018178939819336,0.0019484094809740782,0.005994460079818964,,0.011057328432798386,0.024599440395832062,,121.9851212944775,42574.0717667524,2,SO1,70.62934875488281,茅栗、白栎灌丛,107.9884981,29.3908934
1611,24.235637664794922,11.665733337402344,226.54119873046875,11.866341590881348,-6.13E-05,0.004286132287234068,,-0.000214965,0.014672558754682541,,938.4141564391364,39956.665020118315,2,SC4,84.91004180908203,茅栗、白栎灌丛,108.0270762,29.38998126
1612,20.770830154418945,8.340897560119629,211.76962280273438,9.658228874206543,-0.000238734,0.0032899111974984407,,-0.018516533,0.040556229650974274,,627.0500808582237,39290.399396197055,2,SC4,20.277381896972656,茅栗、白栎灌丛,108.0403683,29.39191209
1613,34.69340133666992,17.801544189453125,317.7418403625488,20.03581428527832,0.004371244926005602,0.005502026062458754,,0.005428262520581484,0.015247737057507038,,106.21417716450536,42735.81408608426,2,SO1,102.36045837402344,茅栗、白栎灌丛,107.9860733,29.39084365
1614,36.63927459716797,22.695707321166992,329.4526424407959,25.449209213256836,-0.001638787,0.009251653216779232,,0.0464712493121624,0.08681132644414902,,47.444438399782975,42780.421109837036,2,SO1,50.7126350402832,茅栗、白栎灌丛,107.9870733,29.39227582
1615,35.24528503417969,12.392640113830566,185.53302001953125,18.7395076751709,0.0014485729625448585,0.007404138334095478,,0.0017420348012819886,0.020456911996006966,,267.18601708407823,42537.30303181019,2,SO1,110.71073913574219,茅栗、白栎灌丛,107.9903248,29.39199791
1616,22.656688690185547,9.931164741516113,64.59092712402344,9.707399368286133,9.160905028693378e-05,0.0013738891575485468,,0.002489945851266384,0.016156774014234543,,119.1946259254138,36944.17865460893,1,SC4,29.776386260986328,茅栗、白栎灌丛,108.0768659,29.38962301
1617,39.36207962036133,17.435195922851562,264.7267379760742,23.10313606262207,0.00046875985572114587,0.005170877557247877,,0.001993231475353241,0.01531105488538742,,270.5221584436031,43518.0642866267,2,SO1,164.03623962402344,夏稻、冬小麦、蚕豆、玉米；大豆、冬油菜；茶、油桐、棕榈；杨梅、苹果,107.9737287,29.38991924
1618,23.91036605834961,11.123923301696777,236.36590576171875,11.510231018066406,0.0004769857332576066,0.0042892140336334705,,0.0024908818304538727,0.014119536615908146,,728.3736213337793,40295.91656745075,2,SC4,99.1522445678711,茅栗、白栎灌丛,108.0190283,29.38784993
1619,22.049959182739258,12.066129684448242,286.7233352661133,10.643157005310059,0.0005339919589459896,0.004132985137403011,,0.0035187029279768467,0.018390342593193054,,741.9572845590488,40138.156422266075,2,SC4,78.53765106201172,茅栗、白栎灌丛,108.0209525,29.38744915
1620,16.81292724609375,6.61750602722168,29.918285369873047,7.57538366317749,1.2808211067749653e-05,0.0033651371486485004,,-0.002406098,0.02131727524101734,,644.6308165196587,39467.30765872264,2,SC4,46.06592559814453,茅栗、白栎灌丛,108.0349369,29.39004784
1621,33.03570556640625,11.684100151062012,238.24517822265625,16.625858306884766,0.0016124489484354854,0.005045625381171703,,-0.00109594,0.013129521161317825,,335.35007999509594,39021.37018091421,2,SC4,71.75511169433594,茅栗、白栎灌丛,108.0411678,29.38935089
1622,21.116586685180664,9.275087356567383,194.79151916503906,9.512433052062988,0.0001494898460805416,0.0037870975211262703,,-0.000262222,0.028925495222210884,,760.8076919587445,36046.15246966199,2,SC4,24.382247924804688,茅栗、白栎灌丛,108.0931134,29.3894909
1623,23.062000274658203,10.601836204528809,230.4504852294922,11.141345024108887,0.00018733408069238067,0.0023477657232433558,,-0.002879943,0.013104156590998173,,472.9849830933332,35973.60871308919,2,SC4,93.7232437133789,茅栗、白栎灌丛,108.0911221,29.38756044
1624,19.082353591918945,5.719346523284912,315.9160957336426,8.696084976196289,-0.000489129,0.0038135109934955835,,-0.001358605,0.018745072185993195,,550.0032044441614,25591.944757229536,2,SC2,43.62562942504883,夏稻、冬小麦、蚕豆、玉米；大豆、冬油菜；茶、油桐、棕榈；杨梅、苹果,108.258838,29.38308286
1625,24.28993034362793,6.557117462158203,120.88741302490234,11.243574142456055,0.0005179509171284735,0.003527105785906315,,0.0015975170535966754,0.026163583621382713,,380.9700887761826,45274.68586447087,2,SO2,41.92652893066406,含木、映山红的马尾松林,107.9513216,29.39212995
1626,20.420372009277344,10.670923233032227,237.95726013183594,9.703363418579102,-0.000590174,0.0038398776669055223,,0.0036128913052380085,0.03832458332180977,,823.5654508026599,40071.147380903574,2,SC4,68.2566146850586,茅栗、白栎灌丛,108.0225938,29.38791855
1627,27.74338150024414,10.6295747756958,236.0558853149414,13.540046691894531,0.0003764554567169398,0.005040190648287535,,-0.00144582,0.013682575896382332,,676.0099886048206,39656.96966930099,2,SC4,88.3808822631836,茅栗、白栎灌丛,108.0296916,29.38838846
1628,20.464128494262695,6.518420696258545,302.3600044250488,9.525662422180176,-0.003547358,0.0035270731896162033,,0.0035659887362271547,0.00918583758175373,,536.0918658494967,39249.887216626936,7,SC4,14.279709815979004,茅栗、白栎灌丛,108.0391435,29.39056074
1629,27.471668243408203,8.11791706085205,351.2131004333496,13.234746932983398,-0.000962255,0.006283174734562635,,0.00044567210716195405,0.008728181943297386,,355.0110079105798,39102.17488385559,2,SC4,67.99517822265625,茅栗、白栎灌丛,108.0390055,29.38873296
1630,25.644590377807617,6.145280361175537,293.25394439697266,12.20805835723877,0.0018197860335931182,0.004039788153022528,,0.0016476544551551342,0.010851035825908184,,180.13713452112168,38452.33732387579,2,SC4,29.185361862182617,茅栗、白栎灌丛,108.0520933,29.39044364
1631,14.760279655456543,8.326465606689453,275.10839080810547,7.250811576843262,-0.001025698,0.002292432589456439,,0.01085812970995903,0.012803285382688046,,97.8594446821033,38355.76206546378,1,SC4,9.308647155761719,茅栗、白栎灌丛,108.0527951,29.38981888
1632,20.045461654663086,12.850115776062012,71.34210968017578,9.804143905639648,0.00041040198993869126,0.0030125551857054234,,0.025195766240358353,0.057069916278123856,,110.62866215087269,36838.86835835332,7,SC4,36.500465393066406,茅栗、白栎灌丛,108.077954,29.38913242
1633,25.765756607055664,6.8104376792907715,193.54745483398438,12.029614448547363,0.0007792409742251039,0.003212524112313986,,-0.001844333,0.009131978265941143,,400.77605953537557,36223.31490420672,2,SC4,75.02167510986328,茅栗、白栎灌丛,108.0883408,29.38864239
1634,7.8044514656066895,3.8005170822143555,303.34645080566406,3.7050697803497314,0.0011254337150603533,0.0019897990860044956,,-0.029483512,0.07345493882894516,,838.4348353426759,35931.546959217274,2,SC4,5.24064302444458,茅栗、白栎灌丛,108.0949026,29.38927671
1635,41.27330780029297,18.70738410949707,328.6518039703369,26.549238204956055,0.0015493283281102777,0.007201844360679388,,0.0052935294806957245,0.03659987449645996,,79.25313526021803,25291.145918638296,2,SC2,52.88334655761719,茅栗、白栎灌丛,108.2655898,29.38415177
1636,30.429582595825195,19.302759170532227,158.57850646972656,18.133087158203125,-0.002050779,0.004425841383635998,,0.024640334770083427,0.029680484905838966,,1.5613365357729516,25276.191475460822,1,SC2,27.84772491455078,茅栗、白栎灌丛,108.2673646,29.3851574
1637,35.218482971191406,18.523252487182617,149.45574951171875,20.91254234313965,-9.94E-05,0.006952304393053055,,0.0017556509701535106,0.031738296151161194,,78.37816950791449,25127.40557897762,2,SC2,56.102718353271484,茅栗、白栎灌丛,108.2665421,29.3829313
1638,20.712053298950195,14.347140312194824,182.9736785888672,10.560403823852539,0.00024168922391254455,0.004369755275547504,,0.009193308651447296,0.07195869833230972,,252.07119566847393,25106.14618649115,2,SC2,42.20145034790039,茅栗、白栎灌丛,108.2699786,29.38496538
1639,23.16575813293457,15.583296775817871,176.91615295410156,12.2117919921875,0.0021565763745456934,0.005047604441642761,,-7.19E-05,0.09051622450351715,,174.98948200113085,25164.59479554337,2,SC2,19.827028274536133,茅栗、白栎灌丛,108.2692024,29.3851123
1640,36.75928497314453,6.291482925415039,292.1133499145508,18.878170013427734,0.0014175509568303823,0.006312635727226734,,-0.002260512,0.008771882392466068,,430.3023324691298,43203.19205090266,2,SO2,35.8491325378418,茅栗、白栎灌丛,107.980313,29.39175591
1641,30.90275001525879,18.265117645263672,241.12818908691406,16.63170623779297,0.0012705657863989472,0.004955429583787918,,0.0034501932095736265,0.017259692773222923,,248.62358674596106,42104.18891717949,2,SO1,129.49819946289062,茅栗、白栎灌丛,107.9928343,29.38868543
1642,33.021053314208984,7.571981906890869,268.28753662109375,15.716448783874512,-0.001571822,0.003407454350963235,,0.002008890500292182,0.006735897157341242,,820.4492578684329,41470.90070077322,2,SO1,101.79438781738281,茅栗、白栎灌丛,108.0025109,29.38892106
1643,32.91143035888672,7.2004780769348145,246.87294006347656,16.349506378173828,0.00021725893020629883,0.003993392456322908,,-0.000419418,0.008858133107423782,,953.5148241250437,41359.56242170196,2,SO1,92.6630630493164,茅栗、白栎灌丛,108.0043641,29.38907268
1644,22.927906036376953,8.444059371948242,230.74099731445312,10.627828598022461,-0.001073182,0.003528206842020154,,2.2331934815156274e-05,0.012744920328259468,,742.2898119576714,41156.3082679746,2,SO1,79.60952758789062,茅栗、白栎灌丛,108.0053242,29.38734713
1645,22.408889770507812,11.307707786560059,254.41644287109375,10.7808256149292,0.0022163796238601208,0.0032708668150007725,,0.00020592010696418583,0.012320023961365223,,738.9278846120112,41117.340986350704,2,SC4,71.81597900390625,茅栗、白栎灌丛,108.0070406,29.38827691
1646,28.102508544921875,13.47266674041748,302.85549545288086,14.311030387878418,0.000532778212800622,0.005563229322433472,,0.0013471756828948855,0.015210662968456745,,636.6981215933946,40391.912325025216,2,SC4,117.48316955566406,茅栗、白栎灌丛,108.0171192,29.38750856
1647,7.891711235046387,4.413761138916016,119.25594329833984,4.1814446449279785,-0.001964255,0.002364806132391095,,0.030501287430524826,0.03111376240849495,,1.6535798793592575,36745.910883835364,1,SC4,3.80397629737854,茅栗、白栎灌丛,108.0798808,29.38928927
1648,31.660078048706055,7.674460411071777,251.6132354736328,15.635017395019531,0.00015850678028073162,0.003999908454716206,,0.0010683401487767696,0.007101982831954956,,699.9894406759893,41550.40434902149,2,SO1,88.44194793701172,茅栗、白栎灌丛,108.0011391,29.38876856
1649,31.036344528198242,7.013317108154297,283.58433532714844,15.116191864013672,-0.002016977,0.003807704895734787,,-0.002159139,0.012039333581924438,,811.8401743209889,41086.762854406465,2,SC4,60.280147552490234,茅栗、白栎灌丛,108.0092094,29.389665
1650,26.171451568603516,5.776518821716309,250.4454345703125,12.43807601928711,0.0004451194836292416,0.0029369350522756577,,-0.002919751,0.010658517479896545,,740.0815899201626,40907.27648623846,2,SC4,56.62077713012695,茅栗、白栎灌丛,108.0112835,29.38913756
1651,28.177593231201172,11.673524856567383,280.91770935058594,14.073247909545898,-0.001889867,0.004113022703677416,,-0.001710741,0.01684354618191719,,713.5180490437365,40733.46653871086,2,SC4,96.07431030273438,茅栗、白栎灌丛,108.0135498,29.38882952
1652,15.801793098449707,6.806590557098389,94.36940002441406,7.018849849700928,-0.000520427,0.002323134569451213,,0.013983793556690216,0.006422376725822687,,62.51778498445804,36695.30913314688,1,SC4,9.375746726989746,茅栗、白栎灌丛,108.0797745,29.38866836
1653,15.784570693969727,8.6148042678833,56.48039245605469,8.006134986877441,-0.00065696,0.0034991272259503603,,0.017535699531435966,0.02512454055249691,,19.3855729735606,36647.86046929671,1,SC4,13.494966506958008,茅栗、白栎灌丛,108.0806285,29.38866779
1654,29.941633224487305,13.683819770812988,229.10504150390625,15.757914543151855,0.0008841758826747537,0.0030263769440352917,,0.015092199668288231,0.033473193645477295,,117.38943284320767,36470.146908239585,7,SC4,57.466495513916016,茅栗、白栎灌丛,108.0836073,29.3885214
1655,29.468276977539062,8.28317928314209,283.4833984,13.562614440917969,0.00017290233517996967,0.0032919899094849825,,0.001962397014722228,0.00813074130564928,,551.601428420922,41588.822899905324,2,SO1,81.84700775146484,茅栗、白栎灌丛,107.9997951,29.38812292
1656,8.748543739318848,8.429960250854492,314.41776275634766,4.198209285736084,-0.001537753,0.0025066393427550793,,0.029076414182782173,0.03700575232505798,,41.54323768662835,38401.55282990833,1,SC4,3.562620162963867,茅栗、白栎灌丛,108.0509444,29.38907033
1657,12.648137092590332,7.8356733322143555,83.4582290649414,6.121804237365723,-0.000640273,0.0023361288476735353,,0.02428125962615013,0.023776931688189507,,28.708148938311265,36686.30438430062,1,SC4,9.525466918945312,茅栗、白栎灌丛,108.080173,29.38881259
1658,23.786348342895508,16.539669036865234,247.60177612304688,12.507482528686523,-0.000616429,0.0022391988895833492,,0.03559298813343048,0.0431259348988533,,45.39839711765011,36598.285243006954,1,SC4,21.994218826293945,茅栗、白栎灌丛,108.0817048,29.38877715
1659,16.53059196472168,13.171368598937988,18.717708587646484,8.68204402923584,-0.000913632,0.0019931697752326727,,0.04399346187710762,0.03875208646059036,,4.758255471475445,36591.83699584166,1,SC4,8.631508827209473,茅栗、白栎灌丛,108.0813903,29.3885159
1660,19.668264389038086,15.556641578674316,298.1140785217285,10.443181991577148,-0.000786689,0.0022022854536771774,,0.043067000806331635,0.03959697484970093,,19.57956376018297,36574.25312404737,1,SC4,13.888463973999023,茅栗、白栎灌丛,108.0816967,29.38850881
1661,19.74642562866211,9.289989471435547,326.09154891967773,9.323307991027832,0.0003704176633618772,0.00306400447152555,,-0.001679126,0.01342040952295065,,770.3139940598586,35508.06907568115,2,SC4,112.77953338623047,茅栗、白栎灌丛,108.0987565,29.38690835
1662,21.976049423217773,8.981386184692383,131.97903442382812,10.385306358337402,0.000356220465619117,0.0038183212745934725,,-0.001342139,0.01746603101491928,,276.92174985360276,24991.05769954099,2,SC2,35.844017028808594,茅栗、白栎灌丛,108.2696968,29.38347806
1663,18.754066467285156,6.700231552124023,106.14143371582031,8.960238456726074,0.0012150633847340941,0.0039915656670928,,0.007384981494396925,0.026112310588359833,,454.8598463782354,45476.92634596629,2,SO2,28.357213973999023,含木、映山红的马尾松林,107.9480429,29.39167209
1664,22.321430206298828,7.196516990661621,257.91351318359375,10.288793563842773,0.00034898583544418216,0.004990431480109692,,0.0017343758372589946,0.009474202059209347,,529.2646025143686,39510.94249203107,2,SC4,79.40963745117188,茅栗、白栎灌丛,108.0304782,29.3872442
1665,15.88752269744873,10.61816406,49.01095962524414,8.074233055114746,-0.00051905,0.001958279637619853,,0.040089450776576996,0.04019685834646225,,21.06058301943086,36567.82485986654,1,SC4,11.550416946411133,茅栗、白栎灌丛,108.0813822,29.38824755
1666,23.038267135620117,12.125064849853516,63.17433547973633,11.219415664672852,-0.000137865,0.002724738558754325,,-0.000609637,0.05994972959160805,,160.58084713260058,36324.41165863862,7,SC4,52.81812286376953,茅栗、白栎灌丛,108.0824316,29.3862137
1667,24.774620056152344,11.667431831359863,226.62844848632812,12.437260627746582,0.0004830053949262947,0.00417478010058403,,-0.005340712,0.014797833748161793,,454.96263955568645,35687.03834844913,2,SC4,73.38578796386719,茅栗、白栎灌丛,108.0936873,29.38594835
1668,16.92251205444336,11.273488998413086,38.498043060302734,8.664505958557129,0.0011213552206754684,0.005838819779455662,,-0.050318278,0.22767053544521332,,483.8306804561544,45555.526871008406,2,SO2,13.38327693939209,含木、映山红的马尾松林,107.9465737,29.39129815
1669,18.455907821655273,5.188706398010254,151.06771850585938,8.249629020690918,0.0015749494777992368,0.0038420986384153366,,0.00624433346092701,0.0188571959733963,,377.6908315807957,45433.08452230946,2,SO2,20.06549644470215,含木、映山红的马尾松林,107.9476752,29.39072088
1670,17.382125854492188,8.90715217590332,306.9815444946289,9.067605972290039,0.0007900393684394658,0.006929279770702124,,-0.113024116,0.34996291995048523,,444.72484458436395,45526.627220728005,2,SO2,10.55361557006836,含木、映山红的马尾松林,107.9465621,29.39089558
1671,28.560117721557617,8.798070907592773,261.8393096923828,13.810163497924805,-8.25E-05,0.003949556965380907,,0.0006839227862656116,0.010654106736183167,,344.817556778958,41847.11656499018,2,SO1,84.92691802978516,茅栗、白栎灌丛,107.9963995,29.38849122
1672,29.507356643676758,12.016342163085938,72.73600769042969,14.880827903747559,0.0009160265908576548,0.004322391469031572,,-0.004785393,0.025900915265083313,,166.71908895298213,36680.43714754744,7,SC4,35.51963424682617,茅栗、白栎灌丛,108.0789577,29.38800411
1673,26.738313674926758,11.687307357788086,72.67247772216797,13.161337852478027,-0.000497607,0.0033215521834790707,,-0.00708729,0.021383214741945267,,191.00348322442414,36538.26028156437,7,SC4,33.20155334472656,茅栗、白栎灌丛,108.080098,29.38713869
1674,23.73443031311035,7.1747918128967285,65.94678497314453,11.013304710388184,0.000582486332859844,0.002553332829847932,,0.01123769860714674,0.012019781395792961,,92.03501958817459,36536.75659291271,7,SC4,24.915382385253906,茅栗、白栎灌丛,108.0810247,29.38768893
1675,20.922016143798828,5.1425395011901855,333.85593032836914,9.803196907043457,0.0011674811830744147,0.0034905101638287306,,0.0010365898488089442,0.009428994730114937,,851.3780576811182,35607.43407769913,2,SC4,17.656864166259766,茅栗、白栎灌丛,108.0985382,29.38784954
1676,14.00755500793457,11.108943939208984,289.6209487915039,7.374078273773193,0.0012132743140682578,0.005781926680356264,,-0.091241255,0.30240824818611145,,472.1458383372056,45558.96498666826,2,SO2,11.92864990234375,含木、映山红的马尾松林,107.9462595,29.39103655
1677,17.241260528564453,9.033244132995605,336.3172550201416,7.952662944793701,-0.000671801,0.003952801693230867,,0.0032242322340607643,0.012349332682788372,,819.8165435129423,39936.1523062191,7,SC4,47.03480529785156,茅栗、白栎灌丛,108.025277,29.38836562
1678,34.39169692993164,15.868979454040527,296.60472106933594,18.907649993896484,0.0012078996514901519,0.003534328890964389,,0.012824645265936852,0.047282226383686066,,193.98475625334854,38810.997769413734,2,SC4,91.01573944091797,茅栗、白栎灌丛,108.0439842,29.38891645
1679,20.248546600341797,10.763754844665527,83.04330444335938,10.080076217651367,0.00048469204921275377,0.005903603509068489,,0.005970783531665802,0.1002255454659462,,20.13922726801024,38479.56165588641,1,SC4,15.763416290283203,茅栗、白栎灌丛,108.0484955,29.38826383
1680,17.730192184448242,11.63551139831543,52.97114944458008,8.907027244567871,-4.10E-05,0.0019894945435225964,,0.042036086320877075,0.043624114245176315,,32.05808477494961,36526.21422614937,1,SC4,15.550216674804688,茅栗、白栎灌丛,108.0816805,29.38797212
1681,19.627899169921875,9.013199806213379,316.81015396118164,9.337943077087402,-0.000284518,0.005968444049358368,,0.0014228050131350756,0.02870217338204384,,720.5115475055012,25644.11945381023,2,SC4,37.264732360839844,夏稻、冬小麦、蚕豆、玉米；大豆、冬油菜；茶、油桐、棕榈；杨梅、苹果,108.2562918,29.38198714
1682,14.093921661376953,6.8099565505981445,244.80349731445312,6.573248386383057,-0.000247528,0.003326054895296693,,0.02275506965816021,0.08381783217191696,,393.9341387627245,45501.25395067379,2,SO2,10.488402366638184,含木、映山红的马尾松林,107.9462363,29.39023142
1683,35.53495788574219,18.068397521972656,287.6778793334961,20.68292808532715,0.0020139997359365225,0.006408562883734703,,0.009472363628447056,0.037827879190444946,,123.62036798229467,45212.517522495626,2,SO2,80.64532470703125,含木、映山红的马尾松林,107.9484462,29.38849044
1684,39.124183654785156,18.6475830078125,294.78939056396484,24.079015731811523,-0.000421307,0.005996442399919033,,0.0011459538945928216,0.026130784302949905,,129.97035221327408,45129.18475118728,2,SO2,78.88245391845703,含木、映山红的马尾松林,107.9507172,29.38958788
1685,20.178327560424805,8.287020683288574,196.1760711669922,9.406235694885254,0.0003792170318774879,0.005451022647321224,,-0.002315143,0.016100529581308365,,400.0811551753325,39374.54967733702,2,SC4,68.8541259765625,茅栗、白栎灌丛,108.0314167,29.38632913
1686,31.005901336669922,11.664217948913574,309.8372001647949,15.454421997070312,0.0024691876024007797,0.009291683323681355,,-0.005749802,0.009111521765589714,,329.10594497284853,39206.322932074356,2,SC4,84.85279083251953,茅栗、白栎灌丛,108.0348925,29.38693653
1687,33.71706771850586,11.797828674316406,291.1338119506836,17.474950790405273,-5.20E-05,0.005607507191598415,,-0.005289852,0.00993407517671585,,325.97377572129443,39160.33967794511,2,SC4,74.24403381347656,茅栗、白栎灌丛,108.0362941,29.38743143
1688,31.3889217376709,9.602028846740723,64.31974792480469,15.580973625183105,-4.05E-05,0.0023173692170530558,,-0.000589872,0.016955163329839706,,146.8050420332787,36608.15465754648,7,SC4,29.890033721923828,茅栗、白栎灌丛,108.0798343,29.3877463
1689,23.988828659057617,9.319367408752441,62.05057144165039,11.402059555053711,0.00047864957014098763,0.0017919214442372322,,0.01396127138286829,0.020406316965818405,,72.69824181767423,36519.82601127129,1,SC4,21.905414581298828,茅栗、白栎灌丛,108.081366,29.38771087
1690,22.556228637695312,7.432311534881592,191.4136962890625,11.36202621459961,0.004198554437607527,0.005951945669949055,,-0.0013949,0.03392942622303963,,310.7191550065049,45381.99785717051,2,SO2,18.02810287475586,含木、映山红的马尾松林,107.9476959,29.39004993
1691,18.728391647338867,9.026296615600586,299.81389236450195,8.60190200805664,0.0022759123239666224,0.002689030021429062,,0.0032461227383464575,0.009814398363232613,,753.3838088399285,39904.95629423742,2,SC4,40.27695083618164,茅栗、白栎灌丛,108.0248207,29.387641
1692,29.1849422454834,13.700418472290039,65.59002685546875,14.73802661895752,0.00015886322944425046,0.002796661341562867,,-0.011582737,0.024222778156399727,,187.44530772445037,36601.95017992779,7,SC4,28.39830780029297,茅栗、白栎灌丛,108.0795198,29.38748504
1693,22.17110824584961,7.1596527099609375,213.15748596191406,10.394545555114746,-0.002086102,0.003958806861191988,,-0.000351945,0.010844181291759014,,327.67741015672544,45442.71133498477,2,SO2,16.58939552307129,含木、映山红的马尾松林,107.9464652,29.38966241
1694,51.70724868774414,8.84009838104248,289.84326934814453,32.68344497680664,-0.001847945,0.004796713124960661,,0.002957753837108612,0.015939097851514816,,161.45488027913467,45115.85460118405,2,SO2,59.039512634277344,含木、映山红的马尾松林,107.9514451,29.3901161
1695,25.44440269470215,19.41801643371582,226.78851318359375,13.40182113647461,0.0016829577507451177,0.00396447628736496,,0.004944227635860443,0.012947729788720608,,137.28032780136678,42391.392892984746,2,SO1,63.487648010253906,茅栗、白栎灌丛,107.9888091,29.38884653
1696,21.667951583862305,15.777932167053223,82.74702453613281,11.02423095703125,0.0009517761645838618,0.0028576082549989223,,-0.018990999,0.02674902230501175,,228.08559579543675,36595.793063171055,7,SC4,17.75897979736328,茅栗、白栎灌丛,108.0792054,29.38722378
1697,27.274099349975586,16.35845947265625,226.1563720703125,14.510842323303223,-0.001141013,0.0028321666177362204,,0.03243279084563255,0.0382230170071125,,31.114029624952817,36296.15729873228,1,SC4,23.581296920776367,茅栗、白栎灌丛,108.0844134,29.38710327
1698,33.78853988647461,13.548614501953125,225.7714844,18.376890182495117,0.0005895167123526335,0.003323109820485115,,0.006133593153208494,0.02313750982284546,,163.87318081980902,36106.194969395045,2,SC4,84.64947509765625,茅栗、白栎灌丛,108.0872127,29.38670276
1699,25.26873207092285,15.109611511230469,53.728145599365234,13.476977348327637,0.0007936391630209982,0.0029023424722254276,,0.01851113699376583,0.060242198407649994,,126.56593408555455,36054.52556622951,2,SC4,55.98341369628906,茅栗、白栎灌丛,108.0850639,29.38485046
1700,46.856876373291016,14.875093460083008,250.14244079589844,29.391828536987305,0.0015662070363759995,0.003951980732381344,,0.0012800279073417187,0.01584107056260109,,246.11858905862059,44269.35174922399,2,SO2,151.8600311279297,夏稻、冬小麦、蚕豆、玉米；大豆、冬油菜；茶、油桐、棕榈；杨梅、苹果,107.9641351,29.39091785
1701,30.580196380615234,11.140606880187988,105.61207580566406,15.434660911560059,0.0007904758094809949,0.005374154541641474,,0.0002752494183368981,0.013195079751312733,,213.52507247873368,44104.89335218089,2,SO1,93.13076782226562,夏稻、冬小麦、蚕豆、玉米；大豆、冬油菜；茶、油桐、棕榈；杨梅、苹果,107.9623387,29.38705111
1702,39.25168991088867,7.425316333770752,309.31278228759766,20.575122833251953,0.0059476145543158054,0.01184834260493517,,-0.001150968,0.008072988130152225,,245.31845511550682,42943.36200204092,2,SO2,89.15389251708984,茅栗、白栎灌丛,107.982323,29.39020409
1703,25.667007446289062,10.679187774658203,104.98961639404297,12.40089225769043,0.0008422938990406692,0.0033613869454711676,,0.011115290224552155,0.03454558923840523,,148.34626829943414,38505.35721003835,2,SC4,75.90379333496094,茅栗、白栎灌丛,108.0446845,29.3858597
1704,22.454322814941406,8.728317260742188,337.98621940612793,10.404494285583496,-1.35E-05,0.002554950537160039,,-0.002616792,0.01085248589515686,,676.6840695620315,35461.25942398573,2,SC4,105.02163696289062,茅栗、白栎灌丛,108.0983116,29.38615669
1705,21.33919334411621,9.025678634643555,325.92142486572266,9.854262351989746,0.001334722270257771,0.0032901782542467117,,-0.000955655,0.01040370762348175,,484.046764776077,35244.705216299444,2,SC4,104.31118774414062,茅栗、白栎灌丛,108.0984321,29.38390023
1706,27.350475311279297,12.479950904846191,225.46502685546875,13.84499454498291,-0.001035851,0.004988440312445164,,0.007455440238118172,0.025331826880574226,,222.5739889627205,45361.75791878863,2,SO2,58.51070785522461,含木、映山红的马尾松林,107.9465262,29.38862239
1707,21.6955509185791,20.661529541015625,117.78911590576172,11.935647964477539,0.001180725870653987,0.0024254738818854094,,0.012437593191862106,0.021151062101125717,,22.69068287125575,44185.17832954584,1,SO2,25.85809898376465,夏稻、冬小麦、蚕豆、玉米；大豆、冬油菜；茶、油桐、棕榈；杨梅、苹果,107.9629441,29.38868994
1708,5.670662879943848,5.8037872314453125,232.9366455078125,3.0442676544189453,-3.44E-05,0.0019198855152353644,,0.005921434611082077,0.009432327002286911,,56.3816616536458,42669.11470470847,1,SO1,4.460585594177246,茅栗、白栎灌丛,107.984514,29.38862731
1709,28.927614212036133,19.6178035736084,265.09474182128906,15.604681015014648,0.001560233416967094,0.0041179778054356575,,0.003018415765836835,0.007497468031942844,,178.12237642757304,42726.36842431651,2,SO1,86.79901123046875,茅栗、白栎灌丛,107.9850438,29.38982436
1710,40.941898345947266,14.921430587768555,251.72122955322266,23.160930633544922,0.00039130388176999986,0.0032977566588670015,,0.004436867777258158,0.012862266972661018,,156.30499199571642,42212.59473635387,11,SO1,43.94222640991211,茅栗、白栎灌丛,107.9909016,29.38839195
1711,32.28200912475586,6.730408191680908,323.53650283813477,16.082496643066406,-0.0008815,0.0074957893230021,,-0.002413308,0.009601919911801815,,672.3183159607856,41003.27385113311,2,SC4,48.0325927734375,茅栗、白栎灌丛,108.0087579,29.38827283
1712,23.16494369506836,2.2505111694335938,240.43637084960938,10.520051956176758,-0.00297978,0.001516690943390131,,-3.81E-05,0.00323311984539032,,672.7610347590179,40919.66465399146,2,SC4,12.514175415039062,茅栗、白栎灌丛,108.010341,29.38852947
1713,39.2452392578125,16.337902069091797,305.4007873535156,22.806682586669922,0.0017877486534416676,0.004233205690979958,,0.013971957378089428,0.03437962383031845,,157.6530880912931,38940.94162782709,2,SC4,82.2291259765625,茅栗、白栎灌丛,108.0388818,29.38675091
1714,28.28447151184082,10.588269233703613,61.599552154541016,13.663183212280273,0.0013302683364599943,0.0026853785384446383,,-0.007112283,0.017305901274085045,,205.61627814555413,36459.30752937918,7,SC4,26.045028686523438,茅栗、白栎灌丛,108.080721,29.38665167
1715,27.20825958251953,13.67187213897705,209.06332397460938,14.333651542663574,0.0010045960079878569,0.004545547533780336,,-0.002957766,0.010185585357248783,,336.84984604167914,35850.74277417465,2,SC4,76.71703338623047,茅栗、白栎灌丛,108.0909419,29.38612456
1716,19.08745002746582,6.484646797180176,271.7456588745117,8.834053993225098,0.001085731782950461,0.004294367507100105,,0.0006623346707783639,0.02555970288813114,,310.816018312097,25379.969758070503,2,SC2,42.54252624511719,茅栗、白栎灌丛,108.2610648,29.38216075
1717,40.756263732910156,15.732283592224121,321.56177139282227,24.808244705200195,-0.001496541,0.007517347112298012,,0.019525542855262756,0.06754931062459946,,49.79152721399216,25166.4281536859,2,SC2,37.80412673950195,茅栗、白栎灌丛,108.2636758,29.38147534
1718,41.042781829833984,18.767356872558594,350.0241012573242,26.189390182495117,-0.001366066,0.008633659221231937,,0.013728765770792961,0.033340923488140106,,26.548902002567047,25188.005571997815,1,SC2,34.893924713134766,茅栗、白栎灌丛,108.2645136,29.38227375
1719,43.16903305053711,15.66252326965332,158.41058349609375,27.008947372436523,0.005444599315524101,0.011564965359866619,,0.016669435426592827,0.0740620419383049,,43.50265201439539,25088.30321124437,2,SC2,44.839202880859375,茅栗、白栎灌丛,108.2645907,29.38119784
1720,8.879778861999512,11.351861953735352,213.69007873535156,5.515026092529297,-0.00052491,0.0009808216709643602,,0.023618515580892563,0.02357468381524086,,25.96638864903591,44127.20884867691,1,SO2,0,夏稻、冬小麦、蚕豆、玉米；大豆、冬油菜；茶、油桐、棕榈；杨梅、苹果,107.9639803,29.38889784
1721,35.81648635864258,6.167843341827393,279.9115982055664,17.90426254272461,0.00043171524885110557,0.0054844641126692295,,0.0005885051214136183,0.00738391000777483,,568.0603424247533,40712.28494892676,11,SC4,80.31935119628906,茅栗、白栎灌丛,108.0122845,29.38755547
1722,34.28563690185547,16.616239547729492,301.3290557861328,19.264446258544922,0.0013174141058698297,0.0029614560771733522,,0.03568221628665924,0.045135945081710815,,92.69912884507694,38833.97141029072,1,SC4,30.106321334838867,茅栗、白栎灌丛,108.0406249,29.38676743
1723,21.70296287536621,13.147242546081543,65.0369873046875,10.412599563598633,0.0017132825450971723,0.0025372919626533985,,-0.009708017,0.04447437450289726,,246.25651260869358,36453.10199012619,7,SC4,17.5092830657959,茅栗、白栎灌丛,108.0804065,29.38639041
1724,12.516579627990723,10.782333374023438,87.8182601928711,6.206968784332275,0.0017453416949138045,0.002059968886896968,,-0.001198701,0.06238558515906334,,286.8967694573262,36446.94400475827,7,SC4,7.247323036193848,茅栗、白栎灌丛,108.0800921,29.38612915
1725,20.2049617767334,9.291841506958008,341.5158405303955,9.660045623779297,0.0005782272201031446,0.004044299013912678,,0.0034374415408819914,0.021754875779151917,,872.3131434146545,35267.07472258256,2,SC4,60.406097412109375,茅栗、白栎灌丛,108.101796,29.38602666
1726,16.88376808166504,9.866334915161133,199.1714324951172,8.079668998718262,1.0913217010966036e-05,0.0037532502319663763,,0.001020322903059423,0.024554012343287468,,241.30271990551202,24947.36930781536,2,SC2,47.134647369384766,茅栗、白栎灌丛,108.2672152,29.38134187
1727,11.173041343688965,6.010377883911133,207.73452758789062,5.397044658660889,0.0019698021933436394,0.002986379200592637,,0.0022255557123571634,0.02278551273047924,,455.036492076654,24788.148638221934,2,SC2,7.24310827255249,茅栗、白栎灌丛,108.2703159,29.3815944
1728,28.546695709228516,10.566754341125488,102.5683822631836,13.990948677062988,0.000639418896753341,0.003383871167898178,,0.003888643579557538,0.01625603437423706,,225.94650714163654,44530.88409920808,2,SO1,71.12712860107422,夏稻、冬小麦、蚕豆、玉米；大豆、冬油菜；茶、油桐、棕榈；杨梅、苹果,107.956888,29.38752309
1729,31.05622673034668,12.950510025024414,93.96745300292969,15.997136116027832,0.0010739737190306187,0.005139067303389311,,0.003915484994649887,0.021282967180013657,,189.8995695569395,43206.58313693806,2,SO1,92.36158752441406,夏稻、冬小麦、蚕豆、玉米；大豆、冬油菜；茶、油桐、棕榈；杨梅、苹果,107.9736131,29.38575164
1730,30.546865463256836,20.6275691986084,60.94482422,18.625621795654297,0.001555923605337739,0.006045679561793804,,0.02909068390727043,0.03161825239658356,,39.058981851275924,44091.88381606786,1,SO2,21.612089157104492,夏稻、冬小麦、蚕豆、玉米；大豆、冬油菜；茶、油桐、棕榈；杨梅、苹果,107.9638613,29.38831864
1731,0,0,180.00001525878906,0.0987907126545906,0,0,,0,0,,6.905735709347607,42536.40082240088,1,SO1,0,茅栗、白栎灌丛,107.9860365,29.38827093
1732,16.130962371826172,5.531184196472168,291.23609924316406,7.156236171722412,0.0009627987165004015,0.00477593531832099,,0.000761328381486237,0.013033990748226643,,810.512096929851,25643.87916380206,2,SC4,30.96837043762207,夏稻、冬小麦、蚕豆、玉米；大豆、冬油菜；茶、油桐、棕榈；杨梅、苹果,108.2550414,29.38115666
1733,22.129493713378906,17.116682052612305,77.94931030273438,11.464064598083496,0.0017310666153207421,0.003953782841563225,,0.018433164805173874,0.02274594083428383,,112.32294048820889,42491.671291710365,1,SO1,34.00437927246094,茅栗、白栎灌丛,107.9854214,29.38715684
1734,16.739147186279297,21.408384323120117,211.51315307617188,9.786308288574219,-0.000311503,0.004419716540724039,,0.008450902067124844,0.01754840277135372,,100.04272826940615,42237.772886842475,1,SO1,17.271697998046875,茅栗、白栎灌丛,107.9901697,29.3880775
1735,20.418127059936523,12.668237686157227,64.50254821777344,9.84248161315918,0.0009736351785250008,0.005647135432809591,,0.002453395863994956,0.014946797862648964,,268.6805244777819,42229.0831591947,2,SO1,58.781951904296875,茅栗、白栎灌丛,107.9872809,29.38543676
1736,31.73880958557129,11.050776481628418,267.63067626953125,16.367279052734375,-0.00270917,0.007869124412536621,,-0.001681048,0.013397930189967155,,540.3245005834918,40828.90388085446,2,SC4,32.04800033569336,茅栗、白栎灌丛,108.0102288,29.38732357
1737,27.8817138671875,10.819865226745605,274.04652404785156,13.360135078430176,-0.000428477,0.003934183623641729,,0.00416215043514967,0.00679863290861249,,323.97936652131625,40598.1692098379,7,SC4,49.50055694580078,茅栗、白栎灌丛,108.0113329,29.38538223
1738,34.421844482421875,13.590241432189941,255.5952606201172,18.90065574645996,5.8216955949319527e-05,0.004901376087218523,,-0.002905177,0.01051272638142109,,256.4442265349242,35697.13884331147,2,SC4,73.57482147216797,茅栗、白栎灌丛,108.0916056,29.38484724
1739,11.552998542785645,6.111540794372559,257.82867431640625,5.514130115509033,0.0005947082536295056,0.004292930942028761,,-0.00824765,0.017094049602746964,,1003.6727734287844,25806.48507294192,2,SC4,6.8977861404418945,夏稻、冬小麦、蚕豆、玉米；大豆、冬油菜；茶、油桐、棕榈；杨梅、苹果,108.2531553,29.38174614
1740,15.77524185180664,5.053829193115234,336.317138671875,7.091558456420898,0.00048523079021833837,0.003873818786814809,,-0.002231745,0.016565309837460518,,847.5857090980844,25577.868769353456,2,SC4,22.43966293334961,夏稻、冬小麦、蚕豆、玉米；大豆、冬油菜；茶、油桐、棕榈；杨梅、苹果,108.2544861,29.38004292
1741,17.70081901550293,8.2163667678833,238.11465454101562,8.190289497375488,0.0006073824479244649,0.00304389582015574,,0.006321712862700224,0.04695083200931549,,1048.1230285610843,25536.03334963708,2,SC4,44.9478645324707,夏稻、冬小麦、蚕豆、玉米；大豆、冬油菜；茶、油桐、棕榈；杨梅、苹果,108.2525079,29.37826044
1742,18.387826919555664,6.337747573852539,200.0890655517578,8.449545860290527,0.0011299853213131428,0.004261442460119724,,0.005874824244529009,0.02140459232032299,,585.893816355226,25470.63212769119,2,SC2,28.51369285583496,夏稻、冬小麦、蚕豆、玉米；大豆、冬油菜；茶、油桐、棕榈；杨梅、苹果,108.2572921,29.38068827
1743,23.46440887451172,9.318988800048828,133.263916015625,11.143678665161133,0.0009230565628968179,0.003619355848059058,,0.004148226696997881,0.022167397662997246,,208.62971667998315,44878.65235550516,2,SO1,66.04580688476562,含木、映山红的马尾松林,107.950625,29.38610606
1744,17.354644775390625,20.43236541748047,123.04830932617188,10.417356491088867,-0.000967308,0.003686780110001564,,0.031537704169750214,0.09029611945152283,,24.80056769311171,44065.43781407451,1,SO2,19.12606430053711,夏稻、冬小麦、蚕豆、玉米；大豆、冬油菜；茶、油桐、棕榈；杨梅、苹果,107.9642711,29.38835427
1745,34.734893798828125,17.809228897094727,77.06434631347656,19.69123077392578,0.0016173881012946367,0.0036730121355503798,,0.014509105123579502,0.02564735896885395,,82.34163484628019,44080.482822791964,2,SO2,43.11845779418945,夏稻、冬小麦、蚕豆、玉米；大豆、冬油菜；茶、油桐、棕榈；杨梅、苹果,107.9636466,29.38796535
1746,5.940242290496826,12.113580703735352,194.95571899414062,3.5416977405548096,-0.000976783,0.002556114224717021,,0.008130120113492012,0.01896347478032112,,58.46132677694488,42193.54342132822,1,SO1,0.23957869410514832,茅栗、白栎灌丛,107.9903102,29.38763797
1747,1.1109727621078491,2.0459156036376953,170.61126708984375,0.5372876524925232,-0.000153482,0.00046386648318730295,,0.01166603434830904,0.021515710279345512,,10.121697221480785,42195.258453626004,1,SO1,0.1749635636806488,茅栗、白栎灌丛,107.9897341,29.38715857
1748,31.302404403686523,6.72968053817749,284.7729187011719,16.109861373901367,0.0029229188803583384,0.009527167305350304,,0.0014488132437691092,0.007101984228938818,,539.2793958567433,40764.523615811486,11,SC4,22.466501235961914,茅栗、白栎灌丛,108.01121,29.38732825
1749,36.470367431640625,10.678110122680664,234.93885803222656,19.04139518737793,0.0009545647772029042,0.0047296518459916115,,-0.002588001,0.0110488161444664,,634.8760758468575,40578.01238482734,11,SC4,91.94924926757812,茅栗、白栎灌丛,108.0149275,29.38803262
1750,8.536160469055176,5.645516395568848,137.32015991210938,4.744536399841309,-0.001654257,0.0027886226307600737,,0.0870114341378212,0.17454412579536438,,19.383837523141956,38767.895992555714,1,SC4,4.562519550323486,茅栗、白栎灌丛,108.0407824,29.38610742
1751,13.476849555969238,8.727490425109863,152.85508728027344,6.399951934814453,-0.001359764,0.002274083439260721,,-0.111693196,0.6681283116340637,,33.114101557418216,44980.44443030718,1,SO2,9.75200366973877,含木、映山红的马尾松林,107.9513909,29.38823747
1752,40.6141471862793,9.322235107421875,83.85082244873047,21.8351993560791,0.002979852491989732,0.004751033615320921,,-0.003355616,0.00880645401775837,,125.42127218938327,44105.48046863222,2,SO2,35.336605072021484,夏稻、冬小麦、蚕豆、玉米；大豆、冬油菜；茶、油桐、棕榈；杨梅、苹果,107.9630261,29.38771061
1753,0.7716594338417053,1.797647476196289,173.21640014648438,0.43140655755996704,-0.00014214,0.0004423614591360092,,0.0053115226328372955,0.01808515191078186,,1.7217306245087352,42152.366425205444,1,SO1,0.23957869410514832,茅栗、白栎灌丛,107.9902945,29.38710124
1754,26.872621536254883,14.339805603027344,293.3529968261719,13.537551879882812,0.0006865494069643319,0.0031414886470884085,,0.002638282021507621,0.014715678058564663,,358.74939284462823,40771.456296693534,2,SC4,95.56465148925781,茅栗、白栎灌丛,108.0078432,29.38465795
1755,31.21144676208496,12.267181396484375,303.38264083862305,16.0391788482666,-0.002945896,0.0045340112410485744,,0.005827607121318579,0.004804213065654039,,384.6053501148951,40737.629576093976,2,SC4,43.6132926940918,茅栗、白栎灌丛,108.009776,29.38582999
1756,35.59685516357422,20.421226501464844,229.69845581054688,21.2878475189209,-0.001204887,0.003584202378988266,,0.026219474151730537,0.0340963751077652,,58.840206761626455,35935.41296521197,1,SC4,39.886199951171875,茅栗、白栎灌丛,108.0877265,29.3851468
1757,0.9821638464927673,2.0256083011627197,170.6161346435547,0.5414637923240662,-0.000202776,0.0005269898101687431,,0.007343675009906292,0.020420221611857414,,7.317468465271256,42173.88884195631,1,SO1,0.24936144053936005,茅栗、白栎灌丛,107.9899881,29.38710812
1758,7.326781272888184,7.424058437347412,122.58374786376953,3.3061904907226562,3.336078952997923e-05,0.001308157225139439,,0.02158418484032154,0.023967573419213295,,73.40928333730238,42133.02891869934,1,SO1,2.8091654777526855,茅栗、白栎灌丛,107.9898938,29.38650601
1759,12.890833854675293,11.701997756958008,92.42902374267578,6.199026584625244,0.0009368679020553827,0.001922657247632742,,-0.002632087,0.03142935037612915,,100.03322711519832,41932.92852269598,1,SO1,19.45220947265625,茅栗、白栎灌丛,107.9918426,29.38565942
1760,6.013420581817627,9.202701568603516,146.79200744628906,2.827577829360962,-0.000126843,0.0012547101359814405,,0.01142431702464819,0.021495141088962555,,40.83293779294426,42121.512498531716,1,SO1,5.3457350730896,茅栗、白栎灌丛,107.9902827,29.38669869
1761,18.673625946044922,10.687583923339844,218.80520629882812,8.902976989746094,2.432386281725485e-05,0.0035126646980643272,,0.00485440855845809,0.017370324581861496,,292.0769304710673,41612.904332926664,2,SO1,70.31132507324219,茅栗、白栎灌丛,107.9977007,29.38665472
1762,26.11414337158203,11.740787506103516,245.01211547851562,12.681903839111328,0.0012876644032076001,0.0041186572052538395,,0.00231846678070724,0.009828222915530205,,707.2709576026455,39730.00152728764,7,SC4,78.11652374267578,茅栗、白栎灌丛,108.0282139,29.38814086
1763,15.846074104309082,4.4786577224731445,237.01018524169922,6.480416297912598,-0.001252235,0.002267886186018586,,0.00853779073804617,0.022551849484443665,,481.6177576907598,39594.191641939244,7,SC4,8.549352645874023,茅栗、白栎灌丛,108.0270402,29.38561908
1764,13.611833572387695,11.383657455444336,88.94404602050781,7.052040100097656,-0.001217197,0.0014671861426904798,,0.0772813931107521,0.14178787171840668,,11.813331816722332,38787.70636470923,1,SC4,5.672366142272949,茅栗、白栎灌丛,108.0399189,29.3857094
1765,27.73111915588379,9.225369453430176,111.63622283935547,13.33803939819336,0.001208347617648542,0.0032268266659229994,,-0.000928271,0.01579764299094677,,308.27063815827665,38425.004937600635,2,SC4,99.71749114990234,茅栗、白栎灌丛,108.0430671,29.38375052
1766,22.344684600830078,18.572805404663086,222.28985595703125,13.24038028717041,-0.000888136,0.002926377346739173,,0.05460866540670395,0.04551827907562256,,17.194541328468386,35928.67303236163,1,SC4,18.788545608520508,茅栗、白栎灌丛,108.0874121,29.38488556
1767,27.26360511779785,16.00613021850586,62.73731231689453,14.678312301635742,2.6764093490783125e-05,0.005011976696550846,,0.01749010942876339,0.07281717658042908,,97.71507161961755,35720.007138280926,2,SC4,44.693450927734375,茅栗、白栎灌丛,108.0881611,29.383055
1768,34.40484619140625,20.829195022583008,234.942138671875,22.561941146850586,0.0014672470279037952,0.003624238772317767,,0.021625259891152382,0.030349692329764366,,93.74840673509384,35751.06996304543,1,SC4,81.91805267333984,茅栗、白栎灌丛,108.0896071,29.38425583
1769,25.100542068481445,12.40079116821289,150.5170440673828,12.473395347595215,-4.84E-05,0.004833792336285114,,-0.006485886,0.10582473874092102,,841.4744868233469,34830.55416122334,2,SC4,75.46666717529297,茅栗、白栎灌丛,108.1059614,29.3836705
1770,33.921356201171875,15.618307113647461,192.88958740234375,18.62778091430664,0.004247307311743498,0.006484084762632847,,-0.011147328,0.023979244753718376,,85.58312207309748,25029.997701954515,2,SC2,36.61882400512695,茅栗、白栎灌丛,108.2647685,29.38065647
1771,10.245790481567383,9.136632919311523,104.03934478759766,4.979230880737305,-0.000561346,0.0010351714445278049,,0.02648300863802433,0.017867278307676315,,9.02940351606689,38775.220967933135,1,SC4,5.362109184265137,茅栗、白栎灌丛,108.0397578,29.38544454
1772,27.201580047607422,13.965978622436523,102.90441131591797,13.903348922729492,0.0018067668424919248,0.005711959674954414,,0.028677744790911674,0.033923324197530746,,16.555692596104954,38788.492692469204,1,SC4,21.705034255981445,茅栗、白栎灌丛,108.0391183,29.38513093
1773,30.29489517211914,9.129518508911133,117.26494598388672,14.86716079711914,4.141905083088204e-05,0.002927842317149043,,-0.002076607,0.013690379448235035,,284.52370694944995,38493.96955422944,2,SC4,89.3535385131836,茅栗、白栎灌丛,108.0414473,29.38337604
1774,34.984954833984375,20.04452896118164,255.26693725585938,21.346181869506836,0.0007453965372405946,0.004586300812661648,,0.009933042339980602,0.0291245486587286,,195.02289949157012,35423.40773101234,2,SC4,122.47089385986328,茅栗、白栎灌丛,108.0939273,29.38323668
1775,25.273427963256836,17.939931869506836,315.9059524536133,14.092373847961426,-0.002032185,0.003406281117349863,,0.02350170537829399,0.046286094933748245,,50.68013489097836,25109.059595347462,2,SC2,18.768959045410156,茅栗、白栎灌丛,108.2630754,29.38042945
1776,28.215389251708984,10.21722412109375,192.4031982421875,15.310213088989258,-0.001735371,0.0039329226128757,,0.031034018844366074,0.02963291108608246,,26.239634794535846,25045.134944038033,1,SC2,17.42713165283203,茅栗、白栎灌丛,108.2638347,29.38020947
1777,34.354732513427734,11.376374244689941,193.93580627441406,18.58502197265625,0.0021932150702923536,0.00763679388910532,,0.011369569227099419,0.06880056858062744,,70.98436004553031,25025.36229923576,2,SC2,40.07453155517578,茅栗、白栎灌丛,108.2644536,29.38039568
1778,17.483768463134766,8.01246452331543,245.54259490966797,8.367284774780273,-0.000740124,0.0033783195540308952,,0.014782401733100414,0.02310006506741047,,545.1088051714412,41324.42257011005,2,SO1,17.599924087524414,茅栗、白栎灌丛,108.001273,29.3860609
1779,10.791655540466309,7.376049995422363,331.7549362182617,4.8816633224487305,0.0002883810375351459,0.0022267894819378853,,2.2475069272331893e-05,0.01784018613398075,,552.7610003239132,39756.7586740856,7,SC4,25.285139083862305,茅栗、白栎灌丛,108.0246576,29.38573284
1780,6.604065895080566,3.2648401260375977,325.59023666381836,3.0992462635040283,-0.000864209,0.0023039558436721563,,0.0008299598703160882,0.022644508630037308,,498.58480014980603,39662.71025152429,7,SC4,5.287367343902588,茅栗、白栎灌丛,108.0258102,29.38549357
1781,9.834047317504883,3.4703433513641357,323.8976593017578,4.486664772033691,-0.001015058,0.0030521813314408064,,0.009782617911696434,0.025741320103406906,,481.9338665653957,39622.18440695467,7,SC4,3.6641554832458496,茅栗、白栎灌丛,108.0264229,29.38547965
1782,38.27460479736328,15.365494728088379,290.6122512817383,21.767148971557617,0.000962746562436223,0.004755559377372265,,0.008352409116923809,0.03715258836746216,,168.9413419982925,39139.89342697355,2,SC4,88.886962890625,茅栗、白栎灌丛,108.032802,29.38458163
1783,18.132003784179688,15.585302352905273,313.1174430847168,11.277741432189941,0.0007314917165786028,0.004964442458003759,,0.06464273482561111,0.03741711005568504,,59.78038909568947,38919.312580524034,1,SC4,10.109899520874023,茅栗、白栎灌丛,108.0369361,29.38506135
1784,16.59203338623047,10.035412788391113,105.89616394042969,8.91484260559082,3.7519690522458404e-05,0.005503686610609293,,0.027257272973656654,0.029589666053652763,,37.36719676590366,38880.07204488256,1,SC4,6.734477519989014,茅栗、白栎灌丛,108.0376012,29.38509094
1785,14.35360336303711,9.9059419631958,65.1885986328125,6.8808746337890625,-0.003130312,0.001958714798092842,,0.11612418293952942,0.23749341070652008,,17.759740297680544,38838.4339560377,1,SC4,6.078212738037109,茅栗、白栎灌丛,108.0384222,29.38520648
1786,24.76785659790039,8.416017532348633,324.3384895324707,11.685521125793457,0.00019381963647902012,0.0033856627997010946,,-0.000543248,0.0074517689645290375,,561.2602050662546,35314.469460738765,2,SC4,87.2820816040039,茅栗、白栎灌丛,108.0985443,29.38471319
1787,13.63532543182373,7.803468704223633,174.7634735107422,6.331212520599365,-0.000121827,0.003247843822464347,,-0.010843657,0.032135993242263794,,944.7155266806243,34703.45832566272,2,SC4,13.390153884887695,茅栗、白栎灌丛,108.1085069,29.38370443
1788,15.568568229675293,10.471590995788574,151.53286743164062,7.6473517417907715,9.353397763334215e-05,0.0020500514656305313,,0.01055940706282854,0.03596481680870056,,877.7840446259427,34589.093369716764,2,SC4,9.857470512390137,茅栗、白栎灌丛,108.1092882,29.38291472
1789,17.403928756713867,4.876674175262451,313.1455497741699,7.7273173332214355,0.0009462425950914621,0.0038990089669823647,,-0.000773839,0.00919952429831028,,460.630790870092,25373.467243858016,2,SC2,19.081924438476562,夏稻、冬小麦、蚕豆、玉米；大豆、冬油菜；茶、油桐、棕榈；杨梅、苹果,108.2585459,29.38041997
1790,22.277341842651367,8.477411270141602,41.98159408569336,10.721511840820312,-0.002591938,0.005700317211449146,,0.019689232110977173,0.031613484025001526,,328.40084163700465,25257.88388866135,2,SC2,12.020325660705566,夏稻、冬小麦、蚕豆、玉米；大豆、冬油菜；茶、油桐、棕榈；杨梅、苹果,108.2598423,29.3799716
1791,22.829574584960938,9.574431419372559,68.2080307006836,11.151908874511719,0.0026554937940090895,0.00652049295604229,,0.0008535529486835003,0.019742246717214584,,179.02451008219805,25128.09796988636,2,SC2,24.89072608947754,茅栗、白栎灌丛,108.2613601,29.37950931
1792,25.389039993286133,14.130537033081055,292.94615173339844,13.775214195251465,-0.001459061,0.0035713855177164078,,0.030241476371884346,0.03743880242109299,,12.286217728063226,25053.29018429914,1,SC2,15.54592514038086,茅栗、白栎灌丛,108.2632114,29.37988911
1793,24.464004516601562,12.439469337463379,194.77777099609375,12.655014038085938,-0.000958049,0.0036296292673796415,,0.03153069317340851,0.03636130690574646,,14.750330112072842,25034.690805721435,1,SC2,14.190096855163574,茅栗、白栎灌丛,108.2635177,29.3798816
1794,22.26983070373535,8.31501579284668,125.96197509765625,10.370317459106445,-0.000497042,0.004291141405701637,,-0.007416047,0.03937100991606712,,499.03590244885163,41204.10327440638,2,SO1,27.137489318847656,茅栗、白栎灌丛,108.0017427,29.38495116
1795,31.227262496948242,6.550758361816406,306.22107315063477,15.505589485168457,0.0038197250105440617,0.009856699034571648,,0.0006307872827164829,0.00786876492202282,,405.3327808334652,40596.42016590644,7,SC4,35.213523864746094,茅栗、白栎灌丛,108.012229,29.38608911
1796,27.83572006225586,10.020502090454102,275.3455810546875,13.607706069946289,-0.003340191,0.004412582144141197,,0.00806889496743679,0.011508576571941376,,374.55239829039493,40483.10522824662,7,SC4,23.047964096069336,茅栗、白栎灌丛,108.0135554,29.38577139
1797,15.961301803588867,5.156908988952637,281.8728790283203,6.771092414855957,-8.93E-05,0.003115604864433408,,-0.000897908,0.014246645383536816,,276.7477731365259,40430.46740092095,2,SC4,11.432978630065918,茅栗、白栎灌丛,108.0132742,29.38489754
1798,25.993488311767578,12.254300117492676,244.5769500732422,12.749077796936035,0.0007445819210261106,0.003986339084804058,,0.004342586733400822,0.011743747629225254,,328.2311273073943,40338.08182419262,7,SC4,54.13180160522461,茅栗、白栎灌丛,108.015016,29.38517183
1799,12.891993522644043,6.597700595855713,297.05455780029297,6.033199310302734,-0.001958592,0.0017512465128675103,,0.008093304000794888,0.040385786443948746,,660.8291819442162,34987.78411209681,7,SC4,6.0484700202941895,茅栗、白栎灌丛,108.1025436,29.38345986
1800,12.55339241027832,6.180970668792725,231.55569458007812,6.214037895202637,-0.000742653,0.0036164377816021442,,0.028261220082640648,0.03769650682806969,,679.7488840082785,34940.39647069222,7,SC4,6.7682671546936035,茅栗、白栎灌丛,108.1032184,29.38332905
1801,25.960905075073242,22.181808471679688,346.61060333251953,15.717300415039062,0.00010973899770760909,0.004596876446157694,,0.02215958759188652,0.046755917370319366,,29.33478605616496,24959.604024169468,1,SC2,33.19078063964844,茅栗、白栎灌丛,108.2629991,29.37868966
1802,28.531063079833984,11.135130882263184,168.68487548828125,14.243667602539062,0.0007573894690722227,0.0038753836415708065,,-0.000872721,0.01402854174375534,,256.54770726070535,24723.551084685816,2,SC2,70.96563720703125,茅栗、白栎灌丛,108.2660302,29.3780278
1803,21.040990829467773,9.333182334899902,173.87217712402344,9.79250431060791,0.0016142124077305198,0.004632572643458843,,0.003493627766147256,0.02386397123336792,,343.3052317007893,24828.480437600578,2,SC2,46.45246124267578,茅栗、白栎灌丛,108.2674587,29.38015926
1804,7.712052822113037,11.972677230834961,201.3001251220703,3.742746591567993,0.00042733881855383515,0.003021507989615202,,0.005949338898062706,0.0177187267690897,,129.72808732172564,41383.59583063009,1,SO1,29.727991104125977,茅栗、白栎灌丛,107.9978092,29.38385874
1805,25.356618881225586,10.721207618713379,179.04592895507812,12.4727144241333,0.0018651727586984634,0.00616003293544054,,-0.0097561,0.021254070103168488,,583.3853975846822,41074.08400334589,2,SO1,36.189510345458984,茅栗、白栎灌丛,108.0040363,29.38525402
1806,8.046483993530273,3.6075284481048584,323.36152267456055,3.6792595386505127,-0.00102822,0.0023975796066224575,,0.0006588973919861019,0.02244325913488865,,461.6734147153139,39620.63424481777,7,SC4,7.1309967041015625,茅栗、白栎灌丛,108.0261086,29.38521825
1807,11.352805137634277,4.151337146759033,288.09961700439453,5.0685319900512695,-0.001371296,0.0027338413055986166,,0.0065622166730463505,0.01703578606247902,,445.0224972631611,39580.11012085648,7,SC4,6.764094352722168,茅栗、白栎灌丛,108.0267213,29.38520433
1808,9.547027587890625,3.589857816696167,320.91211318969727,4.3590497970581055,-0.001544213,0.002715115901082754,,0.0018952570389956236,0.015118448063731194,,424.76205353401053,39578.55831471108,7,SC4,7.179695129394531,茅栗、白栎灌丛,108.026407,29.38494294
1809,11.00660228729248,4.056337833404541,299.75651931762695,4.968807697296143,-0.001641699,0.0027123780455440283,,0.00420044083148241,0.012591464444994926,,416.4366088706528,39558.291105201366,7,SC4,6.500929832458496,茅栗、白栎灌丛,108.0267134,29.38493598
1810,13.151761054992676,4.4360198974609375,235.2901382446289,5.964541912078857,-0.001626642,0.0028242669068276882,,0.0066347005777060986,0.015678226947784424,,428.3715952927839,39539.634152281746,7,SC4,9.868036270141602,茅栗、白栎灌丛,108.0273341,29.38519041
1811,11.87834644317627,4.451852798461914,267.4572448730469,5.426177501678467,-0.001849465,0.0026906770654022694,,0.005105581134557724,0.011169197037816048,,408.1111680780348,39538.035929743004,7,SC4,7.053850173950195,茅栗、白栎灌丛,108.0270197,29.38492901
1812,23.732074737548828,7.963044166564941,245.65415954589844,11.146413803100586,0.0015387363964691758,0.0039582038298249245,,-0.000653116,0.012409818358719349,,226.08495486118616,39347.85740228929,2,SC4,40.45605469,茅栗、白栎灌丛,108.028107,29.38348264
1813,25.840904235839844,11.776477813720703,115.94538116455078,12.615960121154785,0.0001512331800768152,0.0026402436196804047,,0.017269929870963097,0.13152919709682465,,205.02123446832317,38756.13357203642,2,SC4,92.50502014160156,茅栗、白栎灌丛,108.0351724,29.38180274
1814,19.615129470825195,12.488877296447754,100.05077362060547,10.036211967468262,-0.000516198,0.003986751660704613,,0.035090189427137375,0.04180150106549263,,15.4221779511851,38876.48857510613,1,SC4,10.642279624938965,茅栗、白栎灌丛,108.0371297,29.38469888
1815,18.369243621826172,10.594435691833496,103.33306884765625,9.181242942810059,-0.000552974,0.004374856594949961,,0.02669617347419262,0.04127465933561325,,2.9964371975345085,38856.65372674714,1,SC4,11.017024993896484,茅栗、白栎灌丛,108.0374361,29.3846919
1816,20.736154556274414,10.09598445892334,107.54574584960938,9.844300270080566,-0.001515386,0.0025708412285894156,,0.005697919987142086,0.021541854366660118,,91.95923582585034,38765.24132195069,2,SC4,20.622528076171875,茅栗、白栎灌丛,108.0378421,29.38391284
1817,28.78690528869629,9.62961483001709,116.14763641357422,14.00500202178955,-0.000161177,0.003001290140673518,,-0.004470518,0.0230269655585289,,321.1751829361493,38525.364240210925,2,SC4,78.37695313,茅栗、白栎灌丛,108.0394402,29.38226395
1818,30.5921630859375,12.764830589294434,103.91947937011719,15.54033374786377,0.0014583853771910071,0.0036334889009594917,,0.04217348247766495,0.143977090716362,,56.92791660946334,38740.45818108599,1,SC4,29.340164184570312,茅栗、白栎灌丛,108.0395886,29.38491133
1819,23.153501510620117,9.045557975769043,89.21049499511719,10.953386306762695,0.0006944385240785778,0.006514599546790123,,0.0016256188973784447,0.026000799611210823,,420.5364372447375,25203.42786623458,2,SC2,29.398269653320312,夏稻、冬小麦、蚕豆、玉米；大豆、冬油菜；茶、油桐、棕榈；杨梅、苹果,108.2589442,29.37876161
1820,14.638954162597656,14.12047004699707,285.5954360961914,8.062784194946289,-0.000773793,0.003994556609541178,,0.020608071237802505,0.08997474610805511,,45.766447213444046,45229.4981329787,1,SO2,16.360897064208984,含木、映山红的马尾松林,107.9464421,29.38673575
1821,21.758827209472656,10.75107479095459,188.5524139404297,10.387429237365723,0.001700631808489561,0.003385583171620965,,0.013883370906114578,0.035518012940883636,,225.50355283759447,41273.30128049635,2,SO1,38.85108947753906,茅栗、白栎灌丛,107.9991648,29.38362941
1822,19.21372413635254,9.482172966003418,187.23907470703125,8.79278564453125,0.00017092593770939857,0.0042958930134773254,,0.006072251126170158,0.020867740735411644,,326.414060863273,39953.23141532832,2,SC4,43.13066864013672,茅栗、白栎灌丛,108.0193705,29.38395723
1823,19.823705673217773,13.279645919799805,247.4378890991211,9.594500541687012,0.0006480870652012527,0.0027235907036811113,,0.006725108716636896,0.026723966002464294,,210.3750803252141,39715.347146259905,2,SC4,55.77741622924805,茅栗、白栎灌丛,108.0211609,29.38248406
1824,17.417024612426758,11.885730743408203,295.78153228759766,8.189661026000977,0.0008188518113456666,0.002152585657313466,,0.006827786099165678,0.03562674671411514,,205.38145730957305,39496.180429419495,2,SC4,53.81044387817383,茅栗、白栎灌丛,108.0244919,29.38245579
1825,17.540475845336914,8.809257507324219,108.80964660644531,8.555402755737305,-0.000683894,0.00410001864656806,,0.013100423850119114,0.03427090495824814,,24.059322982824423,38834.451384082386,2,SC4,15.505374908447266,茅栗、白栎灌丛,108.0374281,29.38442354
1826,32.64061737060547,9.636589050292969,110.37047576904297,16.328657150268555,0.0022640565875917673,0.005365384742617607,,0.006372047122567892,0.016568928956985474,,71.55788965083252,38737.91194900542,7,SC4,31.804378509521484,茅栗、白栎灌丛,108.0392743,29.38464997
1827,29.78571891784668,12.192472457885742,259.6951446533203,14.94904899597168,0.0005157277337275445,0.0032822892535477877,,0.008156749419867992,0.02220793440937996,,243.3731038539389,35154.659948341905,2,SC4,71.19650268554688,茅栗、白栎灌丛,108.0970104,29.38211731
1828,14.732783317565918,6.443601131439209,275.83580017089844,6.848021507263184,-0.00338548,0.0016725974855944514,,0.02057657018303871,0.02245943248271942,,614.7629386304798,34930.0992615554,7,SC4,8.13610553741455,茅栗、白栎灌丛,108.1026804,29.38291961
1829,31.29420280456543,14.74026870727539,170.3812713623047,16.593257904052734,0.0009763545822352171,0.008664028719067574,,-0.001700936,0.03291552513837814,,881.2333128839593,34508.39176604747,2,SC4,44.13364791870117,茅栗、白栎灌丛,108.1104651,29.3826933
1830,14.572775840759277,13.9601469039917,282.2111053466797,8.067039489746094,-0.001213448,0.0036206331569701433,,0.07249057292938232,0.17874187231063843,,4.8857917265024975,45187.560433976345,1,SO2,14.642717361450195,含木、映山红的马尾松林,107.9467407,29.38646059
1831,23.889400482177734,9.891201972961426,162.14816284179688,11.298227310180664,0.0017870796145871282,0.005527039058506489,,0.010388419963419437,0.011051447130739689,,117.31497148310332,45056.151507194954,1,SO2,23.035022735595703,含木、映山红的马尾松林,107.9478504,29.38577174
1832,2.485349178314209,4.9905242919921875,170.87525939941406,1.3491581678390503,6.560321344295517e-05,0.0005914160865359008,,0.008273289538919926,0.015296731144189835,,79.35636648189919,41728.76246050706,1,SO1,2.052323579788208,茅栗、白栎灌丛,107.9942224,29.38513321
1833,19.225683212280273,14.198019027709961,97.2169189453125,9.414098739624023,0.00030758901266381145,0.004398014396429062,,0.00150419888086617,0.034460585564374924,,400.6345122888894,41736.34483366075,2,SO1,55.27386474609375,茅栗、白栎灌丛,107.9915349,29.38288411
1834,31.249462127685547,21.416610717773438,277.89029693603516,19.481739044189453,-4.67E-05,0.00412293104454875,,0.03289739042520523,0.054739564657211304,,54.83705013811252,35592.55246340765,1,SC4,29.102638244628906,茅栗、白栎灌丛,108.0907332,29.38319736
1835,17.351499557495117,11.133044242858887,38.573036193847656,8.605973243713379,0.0006536474684253335,0.005230214446783066,,0.01024907361716032,0.03321102261543274,,63.69054568333786,35359.53686775319,2,SC4,21.733671188354492,茅栗、白栎灌丛,108.0920529,29.3814427
1836,15.402361869812012,7.990963935852051,4.051523685455322,6.984298229217529,-0.003408688,0.0023536451626569033,,0.02764853835105896,0.020151622593402863,,540.9032977813586,34887.37642012503,7,SC4,6.41572380065918,茅栗、白栎灌丛,108.1023891,29.38229983
1837,31.329587936401367,11.446720123291016,170.23020935058594,15.708508491516113,-0.000749248,0.004855392966419458,,-0.001186896,0.015808027237653732,,587.2140373328375,34685.54381099106,2,SC4,76.12995910644531,茅栗、白栎灌丛,108.1049225,29.38155432
1838,13.884247779846191,8.296431541442871,247.05213928222656,7.52556848526001,0.0011644352925941348,0.0035631025675684214,,0.0032339084427803755,0.04173113405704498,,480.01602959485683,41058.33413071616,2,SO1,6.801720142364502,茅栗、白栎灌丛,108.0032446,29.38439302
1839,35.26174545288086,13.937582969665527,281.3155212402344,18.808650970458984,0.0009889529319480062,0.00478007085621357,,0.003686409443616867,0.011491714045405388,,407.45298281948965,40865.01798551501,11,SC4,66.09092712402344,茅栗、白栎灌丛,108.0053833,29.38377413
1840,14.254907608032227,5.392633438110352,285.3678665161133,6.459540367126465,-0.00044366,0.001585058169439435,,0.002799730282276869,0.01202856283634901,,213.20434711253927,40604.40059475561,7,SC4,13.692235946655273,茅栗、白栎灌丛,108.0097787,29.38418587
1841,13.045364379882812,3.1850666999816895,284.5630569458008,5.794106960296631,0.001003244542516768,0.0014012570027261972,,0.003132360987365246,0.013076907023787498,,146.13060180706304,40519.15722257806,1,SC4,12.785375595092773,茅栗、白栎灌丛,108.0105672,29.38378016
1842,17.5779972076416,9.764937400817871,103.9847412109375,8.468802452087402,-8.15E-05,0.003596916329115629,,0.010297468863427639,0.04221706464886665,,38.689370869223445,38832.116677566264,2,SC4,16.62814712524414,茅栗、白栎灌丛,108.0371138,29.38416217
1843,16.4476261138916,9.417805671691895,212.00445556640625,7.709827899932861,0.0008319204207509756,0.0043635559268295765,,-0.001099167,0.049421075731515884,,234.4507034030075,34970.76946529305,2,SC4,42.90923309326172,茅栗、白栎灌丛,108.0985294,29.38100725
1844,24.343393325805664,11.664748191833496,349.7735471725464,12.109432220458984,0.00020210644288454205,0.005638311617076397,,-0.003182182,0.036958448588848114,,727.9230789721216,34271.1534342044,2,SC4,28.55482292175293,茅栗、白栎灌丛,108.1119084,29.38095893
1845,33.24277114868164,7.3835768699646,90.45945739746094,16.521665573120117,0.00015450053615495563,0.00366672920063138,,-0.001774308,0.008248787373304367,,256.7980321866781,44149.84469987996,2,SO1,66.23460388183594,夏稻、冬小麦、蚕豆、玉米；大豆、冬油菜；茶、油桐、棕榈；杨梅、苹果,107.961496,29.38684746
1846,13.775425910949707,5.471388816833496,199.88601684570312,6.197486877441406,0.0004220902337692678,0.0035996504593640566,,0.006623960565775633,0.020023059099912643,,336.92625963602194,40045.17477423584,2,SC4,12.432150840759277,茅栗、白栎灌丛,108.0184177,29.3843186
1847,14.395649909973145,5.9720659255981445,346.1070604324341,6.562033653259277,0.0005024696583859622,0.002768187317997217,,-0.003697021,0.01229091640561819,,426.1013777054079,34891.82139234345,7,SC4,15.92280101776123,茅栗、白栎灌丛,108.1012124,29.38168575
1848,21.449838638305664,11.173835754394531,144.20741271972656,10.224954605102539,0.0004650323826353997,0.0011924931313842535,,0.010831249877810478,0.01993771269917488,,799.9272195175731,34534.45437609386,2,SC4,20.180683135986328,茅栗、白栎灌丛,108.1090971,29.38223294
1849,21.214744567871094,14.90981674194336,223.08102416992188,10.779321670532227,0.0010362245375290513,0.0044756000861525536,,0.0023546384181827307,0.03890320286154747,,399.50730767651504,34441.61996472838,2,SC4,91.56521606445312,茅栗、白栎灌丛,108.1055701,29.37930955
1850,27.217880249023438,7.851656436920166,147.13482666015625,12.795777320861816,0.0005520450067706406,0.0017573905643075705,,0.006339395884424448,0.01277913898229599,,777.173076411048,34493.24398747555,2,SC4,26.377676010131836,茅栗、白栎灌丛,108.1093953,29.38195745
1851,20.111278533935547,7.032350540161133,302.6319999694824,9.568209648132324,0.00014306149387266487,0.004471581894904375,,0.006355139426887035,0.0168142169713974,,847.3287701411311,25384.45529484305,2,SC4,25.558639526367188,夏稻、冬小麦、蚕豆、玉米；大豆、冬油菜；茶、油桐、棕榈；杨梅、苹果,108.2546202,29.37794541
1852,16.70063591003418,8.446939468383789,284.35357666015625,7.7705864906311035,0.0012409103801473975,0.004894744139164686,,0.03121415711939335,0.03644666448235512,,693.5968500026255,25364.902740711143,7,SC2,8.497537612915039,夏稻、冬小麦、蚕豆、玉米；大豆、冬油菜；茶、油桐、棕榈；杨梅、苹果,108.2561242,29.37872001
1853,18.534330368041992,8.101533889770508,158.74481201171875,8.592596054077148,0.0007494002347812057,0.004419206641614437,,0.0074428594671189785,0.02416573278605938,,646.9357051676504,25168.525805062796,2,SC2,35.740875244140625,夏稻、冬小麦、蚕豆、玉米；大豆、冬油菜；茶、油桐、棕榈；杨梅、苹果,108.2568041,29.37695038
1854,19.051912307739258,7.896594524383545,351.27332305908203,8.805011749267578,0.0002709813416004181,0.004623821470886469,,-0.003140487,0.012292025610804558,,302.63737960881457,25018.994178261702,2,SC2,37.72737121582031,茅栗、白栎灌丛,108.2602964,29.37757198
1855,15.327341079711914,4.460560321807861,276.43416595458984,6.798423767089844,-0.002130322,0.00208712974563241,,0.012232311069965363,0.011699216440320015,,159.43842060365972,40390.014001245625,1,SC4,6.686226844787598,茅栗、白栎灌丛,108.01261,29.38385929
1856,20.24566078186035,8.297356605529785,305.2808303833008,9.563639640808105,-0.000620882,0.003325896803289652,,0.006470046937465668,0.02291768230497837,,212.6143514589947,39397.99174607916,2,SC4,36.47652816772461,茅栗、白栎灌丛,108.0267675,29.3830481
1857,19.728464126586914,7.7936787605285645,160.1099090576172,9.531920433044434,-0.000376258,0.005048204679042101,,-0.017730942,0.028552183881402016,,765.2634062302435,34413.10548241377,2,SC4,19.135967254638672,茅栗、白栎灌丛,108.1103733,29.38163626
1858,24.144350051879883,9.810845375061035,181.7066192626953,11.465921401977539,0.0013341631274670362,0.003064578864723444,,0.0003613157314248383,0.014389287680387497,,486.08771050507806,34356.83314615166,2,SC4,97.76028442382812,茅栗、白栎灌丛,108.1077463,29.37960975
1859,12.727633476257324,8.431788444519043,324.6160697937012,5.745006084442139,-0.000416277,0.002760619390755892,,0.0049719479866325855,0.044498689472675323,,325.9708884382092,41865.1196431702,2,SO1,34.793766021728516,茅栗、白栎灌丛,107.9907467,29.38383634
1860,19.516075134277344,13.580300331115723,268.56602478027344,9.422859191894531,0.0012151189148426056,0.002939309226348996,,0.002380124758929014,0.02375013753771782,,201.00469063344832,40995.142278072286,1,SO1,56.78466033935547,茅栗、白栎灌丛,108.0015807,29.38219002
1861,19.712646484375,13.61862564086914,290.026611328125,9.448187828063965,-0.00021547,0.0018260255455970764,,0.006305384449660778,0.01884910650551319,,251.90469003201594,40841.75744487372,1,SC4,47.64170837402344,茅栗、白栎灌丛,108.0039276,29.3822577
1862,15.681074142456055,1.9691996574401855,250.60753631591797,6.9377641677856445,-0.000707687,0.0005638832808472216,,0.006743530742824078,0.005925914738327265,,151.25204393523688,40323.20758848568,1,SC4,6.986586570739746,茅栗、白栎灌丛,108.0134961,29.38375869
1863,17.605192184448242,7.6763691902160645,88.60319519042969,8.045689582824707,-0.002702282,0.002395095070824027,,0.01474946178495884,0.013903222046792507,,508.967044364902,34831.458092697714,7,SC4,9.844844818115234,茅栗、白栎灌丛,108.1026478,29.38184626
1864,25.849363327026367,9.094841003417969,141.41285705566406,12.324175834655762,-5.65E-05,0.002491618040949106,,0.00337284617125988,0.009743033908307552,,437.453301894396,34663.73787220775,7,SC4,58.46073532104492,茅栗、白栎灌丛,108.1036635,29.38062007
1865,28.252517700195312,4.933723449707031,150.36329650878906,13.136526107788086,0.00031614891486242414,0.0023364173248410225,,-0.001685123,0.007166087161749601,,754.4189583063334,34452.03576754757,2,SC4,25.83766746520996,茅栗、白栎灌丛,108.1096935,29.38168197
1866,17.029407501220703,3.3711342811584473,298.7566604614258,7.393918991088867,0.0010720272548496723,0.0009163563372567296,,0.0003420284192543477,0.009934568777680397,,164.08207124846422,40500.74090816165,1,SC4,9.79039192199707,茅栗、白栎灌丛,108.0110491,29.38394829
1867,9.241535186767578,5.767889499664307,273.33861541748047,4.538825511932373,0.0003369807673152536,0.0008577677654102445,,0.0812586173415184,0.09111616760492325,,89.77687296139325,40437.31605097418,1,SC4,2.989375352859497,茅栗、白栎灌丛,108.0111825,29.38327393
1868,12.45229434967041,5.932241439819336,69.40091705322266,5.725760459899902,0.0008865894051268697,0.004162171855568886,,0.02084781974554062,0.03160378336906433,,80.24537517627611,40340.148289979006,1,SC4,7.451483726501465,茅栗、白栎灌丛,108.0124927,29.3831484
1869,14.564031600952148,5.292068958282471,247.78529357910156,6.4325737953186035,-0.00181872,0.0026205002795904875,,0.01859860308468342,0.024162014946341515,,136.10823478720818,40333.40249079536,1,SC4,8.041396141052246,茅栗、白栎灌丛,108.0131857,29.38363144
1870,14.541202545166016,3.9195799827575684,222.86175537109375,6.319743633270264,-0.001925661,0.0009292547474615276,,0.014788650907576084,0.026279419660568237,,100.10740564670463,40249.52952332324,1,SC4,8.031696319580078,茅栗、白栎灌丛,108.0140183,29.38327693
1871,10.33952522277832,4.997004508972168,346.51941299438477,5.048768520355225,0.000444982317276299,0.0035934671759605408,,0.03839998319745064,0.02927386574447155,,47.07742919467577,40246.1877085903,1,SC4,3.564514636993408,茅栗、白栎灌丛,108.0135066,29.38281856
1872,17.898271560668945,7.266946792602539,241.37530517578125,8.149983406066895,0.00034245598362758756,0.002527091186493635,,-0.001751335,0.010054548271000385,,221.32134399633037,40012.09101666829,2,SC4,19.110458374023438,茅栗、白栎灌丛,108.0177775,29.38340217
1873,23.794204711914062,7.746270179748535,149.16217041015625,11.223627090454102,0.0005752803408540785,0.003036157926544547,,-0.009464933,0.02084602415561676,,731.664865205884,34410.82972403712,2,SC4,21.642240524291992,茅栗、白栎灌丛,108.1099916,29.38140648
1874,24.934326171875,11.787924766540527,41.410118103027344,12.388588905334473,-8.35E-06,0.005826324224472046,,-0.003042868,0.01880633644759655,,237.17503598643808,24889.403789462638,2,SC2,57.044288635253906,茅栗、白栎灌丛,108.2610791,29.37662527
1875,33.87319564819336,14.634073257446289,161.4615478515625,18.23320770263672,0.00043164953240193427,0.003973247017711401,,-0.024917867,0.36968520283699036,,179.8331496901506,24402.43330625328,2,SC2,98.40738677978516,茅栗、白栎灌丛,108.2656675,29.37415824
1876,23.581287384033203,9.232177734,160.63299560546875,11.674935340881348,0.0017944027204066515,0.0052399099804461,,-0.00321077,0.015037267468869686,,256.94733431435947,44913.07706998785,2,SO2,20.140390396118164,含木、映山红的马尾松林,107.948839,29.38480287
1877,9.190115928649902,5.860248565673828,271.3662338256836,3.647749423980713,0.00021512115199584514,0.0015981737524271011,,0.011099561117589474,0.020747849717736244,,80.48128326906739,40485.39452925087,1,SC4,5.56191873550415,茅栗、白栎灌丛,108.0100041,29.38289775
1878,12.313932418823242,8.001717567443848,287.88928985595703,5.82432746887207,0.00012067126954207197,0.002813761355355382,,0.006348534021526575,0.025082949548959732,,70.55068475874504,39975.712734079425,1,SC4,15.259681701660156,茅栗、白栎灌丛,108.0168715,29.38222652
1879,24.5162353515625,12.23879337310791,175.98873901367188,11.712349891662598,-0.000416367,0.004278566688299179,,0.005807042587548494,0.018318403512239456,,777.5295360755889,34171.5313113166,2,SC4,41.93421173095703,茅栗、白栎灌丛,108.1139309,29.38098396
1880,8.810728073120117,4.455087661743164,142.671875,4.181303024291992,0.0020254000555723906,0.0021008597686886787,,-0.002134191,0.063888318836689,,31.85200931542513,40374.05227038478,1,SC4,7.364490509033203,茅栗、白栎灌丛,108.0114873,29.38274216
1881,12.630769729614258,5.410991191864014,145.9395751953125,5.926258087158203,-0.000600795,0.002355949953198433,,0.022619517520070076,0.03639315068721771,,426.2043022239346,34761.74545480602,7,SC4,5.892714500427246,茅栗、白栎灌丛,108.1025468,29.38104303
1882,28.709619522094727,15.289177894592285,219.7393035888672,15.386761665344238,0.0005290019907988608,0.004486517980694771,,0.0025948097463697195,0.053229767829179764,,473.04471868552474,33874.851706206944,2,SC4,131.00885009765625,茅栗、白栎灌丛,108.1143349,29.37806967
1883,8.171368598937988,5.043820381164551,246.270263671875,3.880899429321289,0.0009728965233080089,0.002818840788677335,,0.015249491669237614,0.05588456243276596,,54.69386813519225,40279.175281887656,1,SC4,6.180271625518799,茅栗、白栎灌丛,108.0119481,29.38194748
1884,22.732933044433594,9.00898265838623,70.05477905273438,10.622807502746582,-0.000326392,0.003687742631882429,,0.006536825560033321,0.021193427965044975,,207.7632093684248,40009.012207173124,2,SC4,50.94556427001953,茅栗、白栎灌丛,108.014084,29.38036294
1885,7.815350532531738,5.268418788909912,235.2402801513672,3.5355384349823,-0.000274857,0.001711299759335816,,0.00817581545561552,0.0183061882853508,,22.189833059773157,40040.14399475705,1,SC4,4.285192966461182,茅栗、白栎灌丛,108.0153362,29.3817723
1886,16.522552490234375,9.376570701599121,287.03759765625,7.92087459564209,0.0013027371605858207,0.0036832657642662525,,0.029711302369832993,0.02903643250465393,,51.22465287858625,39191.89356302962,1,SC4,9.365588188171387,茅栗、白栎灌丛,108.0285603,29.38195687
1887,28.650789260864258,10.043251991271973,113.8043212890625,13.916553497314453,0.00036711737629957497,0.002528994344174862,,0.0018572534900158644,0.020930226892232895,,251.05624178284233,38974.208573094715,2,SC4,92.5726089477539,茅栗、白栎灌丛,108.0282155,29.379059
1888,14.81506061553955,9.1117525100708,98.38391876220703,7.458843231201172,-0.001603451,0.0044555384665727615,,0.0441768653690815,0.06413174420595169,,30.65516517470964,39117.29847947816,1,SC4,6.821560859680176,茅栗、白栎灌丛,108.0300038,29.3821758
1889,5.56318998336792,3.8295562267303467,183.6450653076172,2.5964159965515137,0.0005854661576449871,0.0016950881108641624,,0.007736541330814362,0.04599897935986519,,23.439306730732262,35047.558562454484,1,SC4,3.8251373767852783,茅栗、白栎灌丛,108.0955098,29.38008788
1890,7.5878586769104,6.3456854820251465,181.92919921875,3.8528788089752197,-0.000133026,0.0026100382674485445,,0.027049193158745766,0.06734727323055267,,38.965215219269346,35089.77233168169,1,SC4,4.284985065460205,茅栗、白栎灌丛,108.0957146,29.38066493
1891,17.36943817138672,11.406783103942871,247.20763397216797,8.250478744506836,0.0007977559580467641,0.002767996396869421,,0.015982480719685555,0.051864322274923325,,205.99724276411484,34790.341150753375,2,SC4,51.857547760009766,茅栗、白栎灌丛,108.1000939,29.37995957
1892,28.346277236938477,16.250635147094727,56.42198181152344,15.141609191894531,0.005552038084715605,0.005806035362184048,,0.05464145541191101,0.07958326488733292,,1070.4484294723563,25544.030314079802,2,SC4,24.497455596923828,夏稻、冬小麦、蚕豆、玉米；大豆、冬油菜；茶、油桐、棕榈；杨梅、苹果,108.2502408,29.3768499
1893,6.704923629760742,2.78885555267334,200.91448974609375,2.840806722640991,0.0004488076374400407,0.0022561829537153244,,0.00273017305880785,0.01247385237365961,,15.806338516948182,40386.826176873095,1,SC4,5.047602653503418,茅栗、白栎灌丛,108.0107316,29.38227709
1894,15.841629981994629,5.6680006980896,233.0828628540039,6.997909069061279,0.001979611814022064,0.002992433262988925,,-0.003719172,0.01715395599603653,,88.02566329709867,40125.39235221267,2,SC4,13.146116256713867,茅栗、白栎灌丛,108.0153295,29.38281567
1895,26.642518997192383,9.764049530029297,107.88237762451172,12.858359336853027,-0.000167018,0.0030892768409103155,,-0.0082693,0.03526606410741806,,327.04831433192254,38776.077373663866,2,SC4,69.90645599365234,茅栗、白栎灌丛,108.0314987,29.37922808
1896,6.762869358062744,5.055879592895508,177.51400756835938,3.2127673625946045,-0.000645136,0.002107420703396201,,0.018135713413357735,0.03526778519153595,,23.931143646553984,35149.88203878248,1,SC4,4.824552059173584,茅栗、白栎灌丛,108.0946425,29.38068984
1897,8.91179370880127,7.416126728057861,355.3491921424866,4.233067989349365,0.0006750228349119425,0.0031788572669029236,,0.0019264834700152278,0.04937223345041275,,86.26022023087602,35092.04263779108,1,SC4,7.282092571258545,茅栗、白栎灌丛,108.0945711,29.38002017
1898,28.69577980041504,10.206880569458008,307.9786376953125,14.018281936645508,0.003444765694439411,0.008682673797011375,,0.0035841932985931635,0.011240456253290176,,356.94677897084966,40852.075728365904,11,SO1,42.424381256103516,茅栗、白栎灌丛,108.0048033,29.38312574
1899,5.921492576599121,3.2272675037384033,95.47457885742188,2.7362306118011475,-7.24E-05,0.001192320603877306,,0.000986903440207243,0.04200588911771774,,34.40801597843195,40475.28096809542,1,SC4,5.619701862335205,茅栗、白栎灌丛,108.0085694,29.38158
1900,19.323204040527344,8.855022430419922,111.81382751464844,9.011700630187988,0.000908030429854989,0.0025906001683324575,,0.007837400771677494,0.03613429144024849,,243.91981782931674,40157.39033496696,1,SC4,45.37101745605469,茅栗、白栎灌丛,108.0117184,29.38024733
1901,20.003986358642578,9.81869125366211,112.2728271484375,9.450231552124023,-0.000505142,0.004277707543224096,,0.028337154537439346,0.0597415566444397,,21.252407667433626,39054.99197901415,1,SC4,15.02406120300293,茅栗、白栎灌丛,108.0306086,29.3818935
1902,26.678823471069336,12.22541332244873,295.95552825927734,13.139594078063965,0.0003178388869855553,0.00264222570694983,,-0.000799486,0.012709982693195343,,649.5450443911309,33592.31970208076,2,SC4,119.06729888916016,茅栗、白栎灌丛,108.119616,29.378168
1903,23.220457077026367,11.044859886169434,56.33232498168945,11.48034381866455,0.00032797735184431076,0.004990946501493454,,0.007429618388414383,0.03918507695198059,,858.4928690721373,25328.5883866759,2,SC4,38.821109771728516,夏稻、冬小麦、蚕豆、玉米；大豆、冬油菜；茶、油桐、棕榈；杨梅、苹果,108.2517399,29.37540703
1904,28.471221923828125,7.240015029907227,11.964317321777344,13.5667724609375,0.0013015021104365587,0.006557699292898178,,-0.000949344,0.011480678804218769,,766.9720159859997,42085.77071553578,2,SO1,57.348236083984375,栓皮栎、麻栎灌丛,107.9846034,29.38119218
1905,8.399239540100098,3.9327328205108643,298.7050132751465,3.6169281005859375,-0.000466088,0.0019726851023733616,,0.011255593970417976,0.012696580961346626,,221.84047729238205,40689.753681001646,1,SC4,5.809399127960205,茅栗、白栎灌丛,108.0060919,29.38218047
1906,6.97866678237915,3.307769536972046,310.8049964904785,3.103929281234741,-0.000486262,0.001535632531158626,,0.013854147866368294,0.013232517056167126,,187.98691155443885,40647.46014551222,1,SC4,4.901063919067383,茅栗、白栎灌丛,108.0067047,29.38216664
1907,15.862255096435547,11.6571683883667,94.1850357055664,7.533090114593506,0.0002645684580784291,0.0022764888126403093,,0.028522027656435966,0.048706285655498505,,74.89991067857261,39821.94721121629,1,SC4,22.346153259277344,茅栗、白栎灌丛,108.0173453,29.38072169
1908,11.5961332321167,8.700821876525879,306.2484550476074,5.651975154876709,-0.000961209,0.001677828375250101,,0.03901991248130798,0.03286958858370781,,28.16914511101031,39234.80415964044,1,SC4,4.253259658813477,茅栗、白栎灌丛,108.0272228,29.38143341
1909,6.079193592071533,2.235701560974121,4.00426721572876,2.7325990200042725,-0.000592856,0.0014426286797970533,,0.014981701038777828,0.016045309603214264,,146.56663889377475,40605.35591636552,1,SC4,3.410928249359131,茅栗、白栎灌丛,108.0070031,29.38189136
1910,5.121038436889648,2.56119966506958,130.94737243652344,2.3561716079711914,0.0004451360728126019,0.0016365223564207554,,0.010635759681463242,0.03161589428782463,,117.10909496123637,40600.28971371393,1,SC4,3.7080509662628174,茅栗、白栎灌丛,108.0060582,29.38103299
1911,12.766637802124023,9.129709243774414,329.1906681060791,6.1892571449279785,-0.000967282,0.001778314122930169,,0.0353519544005394,0.0319472961127758,,19.843869716549015,39214.427230361085,1,SC4,4.901712894439697,茅栗、白栎灌丛,108.0275291,29.38142645
1912,30.08474349975586,19.961454391479492,264.31090545654297,16.915395736694336,1.1794168131018523e-05,0.004971104208379984,,0.0027146139182150364,0.01784302294254303,,245.5814119825379,33874.872355557156,2,SC4,128.25198364257812,茅栗、白栎灌丛,108.1115368,29.37656028
1913,24.628522872924805,7.475977897644043,190.65078735351562,10.471599578857422,-0.001879361,0.004075042903423309,,0.007011263631284237,0.01137449312955141,,715.0579569997273,25102.460949722506,2,SC2,26.192678451538086,夏稻、冬小麦、蚕豆、玉米；大豆、冬油菜；茶、油桐、棕榈；杨梅、苹果,108.2562253,29.37582049
1914,21.9073543548584,13.631685256958008,356.1031446456909,10.79870891571045,0.0015444819582626224,0.002965380437672138,,0.03687398508191109,0.06757360696792603,,73.04098657974447,24667.35195526064,2,SC2,45.5345573425293,茅栗、白栎灌丛,108.2629207,29.37533446
1915,24.686351776123047,11.478287696838379,28.501972198486328,12.561798095703125,0.0004362401377875358,0.005202466156333685,,-0.005174003,0.013811112381517887,,783.059353714119,41980.15486841506,2,SO1,38.98491668701172,茅栗、白栎灌丛,107.9858596,29.38095979
1916,25.45264434814453,8.850247383117676,93.22803497314453,12.0684175491333,-0.001578839,0.004942717496305704,,0.025042014196515083,0.12905706465244293,,983.6048003323415,41742.31201027616,2,SO1,60.280120849609375,栓皮栎、麻栎灌丛,107.9868275,29.3787516
1917,13.557673454284668,12.750576972961426,36.924076080322266,6.4349212646484375,0.00118080188985914,0.003139588050544262,,0.0063382782973349094,0.01880389265716076,,264.69450338101797,41465.09571528024,1,SO1,43.661800384521484,茅栗、白栎灌丛,107.9943956,29.38193279
1918,13.535286903381348,6.065652847290039,273.6615676879883,6.066676616668701,9.649167623138055e-05,0.002040023449808359,,-0.000200799,0.012568454258143902,,634.5287914802504,33236.15266805342,7,SC4,47.590789794921875,茅栗、白栎灌丛,108.1230063,29.3765293
1919,24.694026947021484,8.540515899658203,308.40704345703125,12.030089378356934,1.9206752767786384e-05,0.007485064212232828,,-0.00200925,0.015514073893427849,,303.87936638596597,24771.568280999396,2,SC2,49.71723937988281,茅栗、白栎灌丛,108.2605747,29.37495946
1920,3.592076063156128,3.431095838546753,227.053955078125,1.7548526525497437,0.0004970470326952636,0.0015627394896000624,,0.0026687979698181152,0.050265468657016754,,52.74677410172182,34942.405521388,1,SC4,2.884336233139038,茅栗、白栎灌丛,108.0961335,29.37931255
1921,2.510906457901001,2.4240150451660156,217.5116424560547,1.292481780052185,-7.11E-05,0.0009035050752572715,,0.0007746665505692363,0.0479867197573185,,58.509838171412625,34900.914619888244,1,SC4,1.5308334827423096,茅栗、白栎灌丛,108.0964317,29.37903709
1922,30.803203582763672,12.162033081054688,247.5702133178711,15.627328872680664,0.0007083110394887626,0.005266615655273199,,-0.002186336,0.013542354106903076,,344.97569021339496,34074.68251938923,2,SC4,112.07966613769531,茅栗、白栎灌丛,108.1099607,29.37782264
1923,34.330509185791016,16.50687599182129,266.29528045654297,18.731569290161133,-0.000109151,0.006827425677329302,,0.003526217071339488,0.01841556839644909,,203.2124434185784,34066.85775178717,2,SC4,109.79707336425781,茅栗、白栎灌丛,108.1083511,29.37685297
1924,20.485370635986328,5.929287433624268,151.24378967285156,9.707283973693848,0.000856248545460403,0.005068871658295393,,-0.002995265,0.014469422399997711,,637.0918378168507,25014.149343382396,2,SC2,35.00795364379883,夏稻、冬小麦、蚕豆、玉米；大豆、冬油菜；茶、油桐、棕榈；杨梅、苹果,108.2563678,29.3749166
1925,21.918607711791992,8.324983596801758,356.73846912384033,10.246328353881836,0.00031467463122680783,0.005284853279590607,,-0.000453253,0.01624859869480133,,345.85844221496126,24740.270824876752,2,SC2,56.83628845214844,茅栗、白栎灌丛,108.2598925,29.37415411
1926,11.756485939025879,11.223363876342773,193.08428955078125,5.64623498916626,0.0010332195088267326,0.0038403449580073357,,0.010550499893724918,0.03196702525019646,,163.69342532624904,40278.091573097874,1,SC4,27.113088607788086,茅栗、白栎灌丛,108.0097985,29.38014986
1927,15.373299598693848,11.140954971313477,164.81881713867188,7.326362133026123,0.001061075134202838,0.0031320969574153423,,0.011299668811261654,0.040562618523836136,,157.5779856874308,34671.42478384232,2,SC4,56.541290283203125,茅栗、白栎灌丛,108.1008358,29.37910324
1928,25.931381225585938,11.265176773071289,303.75108337402344,12.692483901977539,-0.000306389,0.003017326118424535,,7.371799438260496e-05,0.010545259341597557,,498.89298401186005,33556.70109973437,2,SC4,120.23448944091797,茅栗、白栎灌丛,108.118734,29.37704372
1929,13.357633590698242,6.526893615722656,292.19432830810547,6.012773036956787,-0.00011676,0.002379724755883217,,0.002109758323058486,0.01602822169661522,,528.2908725302719,32984.39482715837,7,SC4,53.41829299926758,茅栗、白栎灌丛,108.1247128,29.37482008
1930,13.595815658569336,12.695169448852539,98.72433471679688,6.38266658782959,0.0005765565438196063,0.00332276220433414,,0.006780704949051142,0.029277848079800606,,242.78753738891135,41249.112393417774,1,SO1,35.90389633178711,茅栗、白栎灌丛,107.9958105,29.38041816
1931,0,0,180.00001525878906,0,0,0,,0,0,,19.727463742195408,41055.07319976155,1,SO1,0,茅栗、白栎灌丛,107.9990507,29.38077268
1932,16.112096786499023,14.030708312988281,235.2543487548828,7.869490146636963,0.0019620812963694334,0.0029102934058755636,,0.011739992536604404,0.03433477133512497,,142.8892775688775,41059.59884368292,1,SO1,45.74578857421875,茅栗、白栎灌丛,108.0003629,29.38196053
1933,7.165904521942139,3.714362144470215,296.00194549560547,3.3567543029785156,-0.000913987,0.002495202701538801,,0.05435476452112198,0.15389521420001984,,76.6619390497292,40800.754516586574,1,SC4,4.198733329772949,茅栗、白栎灌丛,108.0027935,29.38077789
1934,5.460785865783691,2.6857028007507324,244.76036834716797,2.4508421421051025,-0.000372847,0.0013919572811573744,,-0.000886317,0.026349155232310295,,19.13415053197149,40455.60748370889,1,SC4,4.879879951477051,茅栗、白栎灌丛,108.007326,29.38029135
1935,19.148969650268555,9.092855453491211,59.66212844848633,8.852178573608398,0.0010961218504235148,0.0032983918208628893,,0.009970951825380325,0.037333060055971146,,263.95187056329553,39503.78735554119,7,SC4,61.605899810791016,茅栗、白栎灌丛,108.0193006,29.37839741
1936,27.801851272583008,15.654376983642578,225.90972900390625,13.777666091918945,-0.000760807,0.0032166463788598776,,-0.001182083,0.061735548079013824,,100.33135546987604,34447.447187902195,2,SC4,42.240291595458984,茅栗、白栎灌丛,108.1025651,29.37767962
1937,14.957999229431152,9.276976585388184,203.272216796875,6.958241939544678,2.7280711947241798e-05,0.0025936381425708532,,-0.018843535,0.2872490882873535,,495.3158795240293,32750.327355270765,7,SC4,51.94216537475586,茅栗、白栎灌丛,108.1267894,29.37362226
1938,0,0,180.00001525878906,0,0,0,,0,0,,2.5625235445370795,40990.86095369648,1,SO1,0,茅栗、白栎灌丛,107.9999174,29.38070841
1939,4.753227710723877,2.946444034576416,319.4469299316406,2.2021570205688477,-0.000559887,0.0011559166014194489,,0.013527723029255867,0.018909472972154617,,57.686788172504876,40734.57381677251,1,SC4,1.6403346061706543,茅栗、白栎灌丛,108.003489,29.38053842
1940,1.9448779821395874,1.0115007162094116,85.36673736572266,1.1665353775024414,-0.000645678,0.0009209295967593789,,0.019412890076637268,0.05980883538722992,,11.583385301199604,40671.510832117805,1,SC4,1.3212730884552002,茅栗、白栎灌丛,108.0038843,29.38008194
1941,4.293831825256348,2.5626018047332764,242.5325164794922,2.0183231830596924,9.947879880201072e-05,0.001258552772924304,,0.006348036229610443,0.03804882615804672,,43.76104254387927,40670.994665408194,1,SC4,2.7699406147003174,茅栗、白栎灌丛,108.0041985,29.3803434
1942,5.671787738800049,2.2272751331329346,242.89910125732422,2.5334792137145996,0.00011415909830247983,0.0014259102754294872,,-0.00604101,0.030094359070062637,,27.932465924661862,40593.30964885312,1,SC4,3.024890422821045,茅栗、白栎灌丛,108.0050774,29.38011471
1943,5.779086589813232,3.1212284564971924,254.1187744140625,2.636892557144165,0.0002731210261117667,0.0016455480363219976,,-0.011332826,0.031904350966215134,,35.93730541479019,40531.84844582219,1,SC4,4.47633171081543,茅栗、白栎灌丛,108.0059974,29.38012379
1944,21.007938385009766,9.53250789642334,89.4838638305664,9.865755081176758,-0.001726463,0.0021722563542425632,,0.01539426390081644,0.019269416108727455,,157.94026257488954,39890.73755202106,1,SC4,18.133499145507812,茅栗、白栎灌丛,108.015848,29.38034872
1945,26.98904037475586,4.89206075668335,97.0252685546875,12.513341903686523,-9.19E-05,0.004602301400154829,,-0.001817812,0.007015135604888201,,308.02219426845335,39696.09779122632,2,SC4,46.178096771240234,茅栗、白栎灌丛,108.0167477,29.37868302
1946,21.3786678314209,7.916815757751465,72.85662078857422,10.059967041015625,4.377787990961224e-05,0.00402825279161334,,-0.012604177,0.1018478274345398,,468.91163006604,39722.721270691516,2,SC4,48.497901916503906,茅栗、白栎灌丛,108.0150648,29.37762539
1947,26.394182205200195,8.917208671569824,116.10889434814453,12.687945365905762,-9.59E-05,0.002539989771321416,,0.00782129354774952,0.023295089602470398,,135.8399081729811,39199.3648180464,2,SC4,52.033870697021484,茅栗、白栎灌丛,108.0252459,29.37944828
1948,32.166133880615234,12.399713516235352,246.0763397216797,16.441404342651367,0.0006677960627712309,0.0047476463951170444,,0.0058647519908845425,0.021526096388697624,,220.23278125488858,34250.701640072286,2,SC4,100.31748962402344,茅栗、白栎灌丛,108.1060118,29.37751474
1949,23.825572967529297,13.903148651123047,278.6490936279297,11.63023853302002,0.00192014139611274,0.0026788287796080112,,0.0004216184897813946,0.010043430142104626,,257.9770517162053,33365.066177819266,2,SC4,128.92825317382812,茅栗、白栎灌丛,108.1182674,29.37478287
1950,22.807825088500977,10.092425346374512,332.6910762786865,10.92161750793457,-2.53E-05,0.007986013777554035,,-0.000246497,0.03047911636531353,,712.1307344350448,41625.170931379296,2,SO1,29.2091064453125,茅栗、白栎灌丛,107.9901556,29.38023443
1951,0,0,180.00001525878906,0.04056023806333542,0,0,,0,0,,66.45991554831927,40907.13702183631,1,SO1,0,茅栗、白栎灌丛,108.0003258,29.38000101
1952,6.639135360717773,6.3165202140808105,32.970481872558594,3.195392370223999,-0.000730595,0.001981384353712201,,0.052209801971912384,0.2204330563545227,,2.0647374096196045,40829.29044679725,1,SC4,7.110563278198242,茅栗、白栎灌丛,108.0017429,29.38023763
1953,3.7038073539733887,6.093857765197754,165.9799041748047,1.7021071910858154,-0.000278481,0.001224828534759581,,-0.458322853,2.2629244327545166,,29.062707474308652,40863.81539943296,1,SO1,3.907160997390747,茅栗、白栎灌丛,108.0011271,29.38014409
1954,4.584961891174316,3.3168113231658936,14.075590133666992,2.3140854835510254,0.0002720325137488544,0.0013070335844531655,,0.04120509698987007,0.03755982220172882,,18.89178259116953,40745.89320621867,1,SC4,2.552506923675537,茅栗、白栎灌丛,108.0029692,29.38023685
1955,30.600072860717773,2.101461172103882,70.7878189086914,14.249786376953125,-0.00022117,0.0022983986418694258,,0.0025879445020109415,0.005986555479466915,,198.83955199512266,39900.844953598214,7,SC4,11.339983940124512,茅栗、白栎灌丛,108.0153805,29.38009076
1956,24.471914291381836,9.237618446350098,129.95684814453125,11.626680374145508,0.00033514926326461136,0.0032769704703241587,,-0.005556854,0.051969263702631,,386.4920378536083,39072.5988207016,2,SC4,67.90229797363281,茅栗、白栎灌丛,108.0239759,29.3768874
1957,29.144832611083984,6.114104747772217,137.7996063232422,13.679624557495117,0.002918306738138199,0.0064868442714214325,,0.00011873123730765656,0.0072188288904726505,,223.85585388350935,38825.9594397314,2,SC4,59.43380355834961,茅栗、白栎灌丛,108.0325401,29.3806308
1958,39.223541259765625,16.58356475830078,243.50242614746094,23.48139190673828,0.0041685993783175945,0.005351782310754061,,0.00032634258968755603,0.02416347898542881,,196.49851077160855,34183.707002723495,2,SC4,60.73241424560547,茅栗、白栎灌丛,108.1066527,29.37715636
1959,22.001340866088867,8.261895179748535,50.05419158935547,10.544670104980469,0.001436651567928493,0.007951213978230953,,0.0009785052388906479,0.01876465603709221,,825.441262055839,41531.06436248985,2,SO1,46.1708869934082,茅栗、白栎灌丛,107.9898686,29.37876322
1960,0,0,180.00001525878906,0,0,0,,0,0,,60.05979962931378,40949.55718496393,1,SO1,0,茅栗、白栎灌丛,107.9999016,29.38017169
1961,2.6814160346984863,5.323012351989746,170.03285217285156,1.3208943605422974,2.351685225221445e-06,0.000869335955940187,,-0.473164409,2.261120080947876,,57.811291526782675,40843.13707684243,1,SO1,2.2460744380950928,茅栗、白栎灌丛,108.0011192,29.37987572
1962,6.9713568687438965,3.6101272106170654,20.99436378479004,3.133592128753662,0.0003556605370249599,0.0014724921202287078,,-0.022001823,0.091782346367836,,59.40381660214884,40755.99740345514,1,SC4,6.085039138793945,茅栗、白栎灌丛,108.0020924,29.37961211
1963,11.293331146240234,6.636969566345215,73.26797485351562,4.94647216796875,6.120832404121757e-05,0.0025399224832654,,0.0035210319329053164,0.028462156653404236,,155.4086104969215,40604.45003432183,1,SC4,17.011688232421875,茅栗、白栎灌丛,108.003183,29.37863507
1964,8.361050605773926,5.258648872375488,354.39047288894653,3.7078397274017334,-0.001288834,0.002537845866754651,,0.03146195411682129,0.03058718703687191,,46.22734361285476,40708.074901317705,1,SC4,4.36454439163208,茅栗、白栎灌丛,108.00285,29.37965769
1965,4.258677005767822,2.286167860031128,266.52941131591797,1.960555911064148,-0.000481093,0.0014014177722856402,,-0.00096769,0.041659168899059296,,16.6007655055741,40628.89291134199,1,SC4,2.6662919521331787,茅栗、白栎灌丛,108.004497,29.38006813
1966,5.012616157531738,2.6881003379821777,335.7309093475342,2.3589115142822266,-0.001719038,0.0016751466318964958,,0.03347345441579819,0.09115336090326309,,21.285363960424814,40586.95875193565,1,SC4,3.0339887142181396,茅栗、白栎灌丛,108.0046907,29.3797057
1967,7.202702522277832,8.33012580871582,173.6818084716797,4.368962287902832,-0.000625262,0.0022889652755111456,,0.035522591322660446,0.07938514649868011,,127.73123000634567,40336.60867464979,1,SC4,2.5880825519561768,茅栗、白栎灌丛,108.0085084,29.37979857
1968,22.755353927612305,10.28809928894043,120.36298370361328,10.885651588439941,0.0008261007606051862,0.003383253002539277,,-0.026647758,0.061538975685834885,,426.29002031921016,38595.56842494394,2,SC4,19.036041259765625,茅栗、白栎灌丛,108.0345194,29.37938764
1969,21.55646514892578,10.594648361206055,234.8317108154297,10.222674369812012,0.0007159485830925405,0.0031408551149070263,,0.007063794415444136,0.02118597738444805,,101.4652351819257,34577.166811204144,2,SC4,31.6440372467041,茅栗、白栎灌丛,108.1012506,29.37832549
1970,26.206926345825195,8.460981369018555,260.9515075683594,12.449320793151855,-0.000634482,0.006782903335988522,,0.005281492602080107,0.017095187678933144,,672.1828118422113,25131.602387820418,2,SC4,33.84294509887695,夏稻、冬小麦、蚕豆、玉米；大豆、冬油菜；茶、油桐、棕榈；杨梅、苹果,108.2534309,29.37429989
1971,22.45200538635254,7.266672134399414,200.5550079345703,10.400918006896973,0.0008331479621119797,0.00548179168254137,,0.00015809778415132314,0.016864988952875137,,436.2470913938665,24888.203748646636,2,SC4,46.79439163208008,夏稻、冬小麦、蚕豆、玉米；大豆、冬油菜；茶、油桐、棕榈；杨梅、苹果,108.2551955,29.37271686
1972,25.770000457763672,7.6589884757995605,286.63065338134766,12.031282424926758,-0.000241082,0.005263251252472401,,0.0006477321730926633,0.011085220612585545,,245.34613029376598,24635.185447783686,2,SC2,51.244876861572266,茅栗、白栎灌丛,108.2575609,29.37142282
1973,16.90005111694336,11.958210945129395,79.65806579589844,8.01867389678955,0.0011649616062641144,0.00523806270211935,,0.0031991617288440466,0.02064572647213936,,517.4488765537586,40758.02517539719,7,SC4,60.286720275878906,茅栗、白栎灌丛,107.9982592,29.37629716
1974,0.6558853387832642,2.1467692852020264,180.18785095214844,0.5008445382118225,9.084669000003487e-05,0.0002965196908917278,,-0.457158893,2.26314640045166,,65.5605724443577,40864.567681054694,1,SO1,0.06387125700712204,茅栗、白栎灌丛,108.0008128,29.37988262
1975,5.055532932281494,2.964202880859375,125.16742706298828,2.3433480262756348,0.00047437380999326706,0.0014190273359417915,,0.007278703153133392,0.014239856973290443,,198.66315832377788,40775.78687467952,1,SC4,4.902814865112305,茅栗、白栎灌丛,108.0007003,29.37865994
1976,4.348806858062744,4.5291852951049805,124.36063385009766,1.9559385776519775,0.00024141831090673804,0.0006219377391971648,,-0.006319787,0.06457111239433289,,150.6818154403463,40749.39363948726,1,SC4,5.745649337768555,茅栗、白栎灌丛,108.001398,29.37892955
1977,14.614944458007812,6.293417453765869,83.82969665527344,6.561463832855225,0.00020358774054329842,0.0024868056643754244,,1.2967214388481807e-05,0.02674209326505661,,361.12078399578354,40350.24422153623,7,SC4,57.41652297973633,茅栗、白栎灌丛,108.0045905,29.37663277
1978,4.910930633544922,2.7463462352752686,278.4362487792969,2.338536024093628,-0.001094528,0.0013300190912559628,,0.0062892199493944645,0.055280495434999466,,37.71971231436598,40544.68947373556,1,SC4,2.6325342655181885,茅栗、白栎灌丛,108.0050939,29.37951758
1979,5.178123474121094,2.7360734939575195,175.20724487304688,2.3971216678619385,-0.000972179,0.0016595440683886409,,0.029258012771606445,0.08150464296340942,,40.11951359556551,40496.90744556137,1,SC4,3.4903862476348877,茅栗、白栎灌丛,108.0057047,29.37943667
1980,3.4121546745300293,2.17524790763855,172.13064575195312,1.6470577716827393,-0.000695134,0.0010201812256127596,,0.00954380352050066,0.032733622938394547,,40.021863241226534,40459.57995153085,1,SC4,1.2335981130599976,茅栗、白栎灌丛,108.0063194,29.37948993
1981,5.0795464515686035,4.775083065032959,197.34939575195312,2.687535524368286,-0.000923701,0.0012621462810784578,,0.014572936110198498,0.030028413981199265,,91.69831788984774,40384.93882857924,1,SC4,2.5353779792785645,茅栗、白栎灌丛,108.0077058,29.37972718
1982,4.175915718078613,3.6811914443969727,152.12428283691406,2.1989266872406006,-0.000933875,0.001691731857135892,,0.010920246131718159,0.03231016919016838,,91.24433825804533,40400.77776705959,1,SC4,2.0041463375091553,茅栗、白栎灌丛,108.0069958,29.37932548
1983,13.245038986206055,8.558969497680664,220.0513916015625,6.313750743865967,-0.001015536,0.0019213272025808692,,0.02779468521475792,0.022118626162409782,,12.17355944817034,34478.48357233466,1,SC4,9.470372200012207,茅栗、白栎灌丛,108.1013871,29.37734048
1984,18.984786987304688,7.453563690185547,243.16434478759766,8.963768005371094,0.0016854112036526203,0.006576270796358585,,-0.0052595,0.012070558965206146,,246.03449720613824,24597.360702815065,7,SC2,49.616390228271484,茅栗、白栎灌丛,108.2586044,29.3716861
1985,39.090824127197266,9.494478225708008,350.74023056030273,20.762819290161133,-0.001228261,0.007056792266666889,,0.002106814179569483,0.015736935660243034,,934.0934514330886,41893.440606878365,2,SO1,57.244869232177734,栓皮栎、麻栎灌丛,107.9855981,29.37959787
1986,16.80582618713379,6.450870990753174,17.092329025268555,7.963759899139404,-0.001640876,0.0030255408491939306,,0.015164466574788094,0.020547447726130486,,546.0927178491388,41426.72604473136,2,SO1,10.60578727722168,茅栗、白栎灌丛,107.9925333,29.37980032
1987,21.064590454101562,10.032090187072754,142.2317352294922,10.0917387008667,0.0005216096760705113,0.00512352492660284,,0.005116134881973267,0.040174540132284164,,714.9027293620003,41230.992441580725,2,SO1,34.56584167480469,茅栗、白栎灌丛,107.9924421,29.37719959
1988,28.701759338378906,12.510276794433594,350.71405506134033,14.505997657775879,0.001049259677529335,0.0053389170207083225,,0.004149775020778179,0.019189266487956047,,940.9941494657858,41420.9246794605,2,SO1,63.96035385131836,茅栗、白栎灌丛,107.9896611,29.37715024
1989,21.347572326660156,7.8174238204956055,122.2864990234375,9.900487899780273,0.00046097717131488025,0.0023758350871503353,,0.00014541319978889078,0.019696084782481194,,430.8659512195677,40042.84252207577,2,SC4,66.70916748046875,茅栗、白栎灌丛,108.0100266,29.37740259
1990,28.312711715698242,4.736950397491455,88.03426361083984,13.18097972869873,0.0040854583494365215,0.0024957575369626284,,-0.004335707,0.004486965946853161,,215.1872029156758,39659.77097487758,2,SC4,21.45020866394043,茅栗、白栎灌丛,108.0179607,29.37922672
1991,27.078380584716797,9.038471221923828,1.0884699821472168,13.005258560180664,-0.001997011,0.005076409783214331,,-0.002826446,0.016024654731154442,,746.5275675274894,25220.213123387373,7,SC4,36.50655746459961,夏稻、冬小麦、蚕豆、玉米；大豆、冬油菜；茶、油桐、棕榈；杨梅、苹果,108.2508218,29.37357414
1992,27.241247177124023,7.174336910247803,336.12503242492676,12.818665504455566,-0.004341622,0.003693321254104376,,0.007668054196983576,0.01694810576736927,,687.7023067448467,25165.226392269607,2,SC4,25.352859497070312,夏稻、冬小麦、蚕豆、玉米；大豆、冬油菜；茶、油桐、棕榈；杨梅、苹果,108.2519803,29.3737196
1993,37.91807556152344,15.413687705993652,11.722034454345703,22.637184143066406,0.0022152552846819162,0.01039399765431881,,0.0012855293462052941,0.015462770126760006,,1024.7646133414573,42084.642775081025,2,SO1,100.89805603027344,栓皮栎、麻栎灌丛,107.9818959,29.3787012
1994,3.411745071411133,3.564789056777954,88.0196762084961,1.7226626873016357,-0.000163706,0.0013492988655343652,,0.032263509929180145,0.10659591853618622,,203.87422411009425,40825.18454194583,1,SC4,3.8206698894500732,茅栗、白栎灌丛,108.0001013,29.37876694
1995,4.498502254486084,3.5465500354766846,153.9779510498047,2.173262357711792,-0.000851816,0.0016271277563646436,,0.00887931976467371,0.034348148852586746,,59.902212288217946,40460.01114406199,1,SC4,2.7439072132110596,茅栗、白栎灌丛,108.0060051,29.37922848
1996,18.83465576171875,7.174557685852051,119.27325439453125,8.593175888061523,-0.000149816,0.0029094195924699306,,5.7083678257185966e-05,0.02157028578221798,,408.804449019971,40159.46653741753,2,SC4,57.022850036621094,茅栗、白栎灌丛,108.0068252,29.37614428
1997,27.97541046142578,6.056154251098633,133.7615509033203,13.040721893310547,0.000459425849840045,0.007395449560135603,,-0.003302321,0.005869689397513866,,362.9545459864791,40071.78584430654,2,SC4,13.565671920776367,茅栗、白栎灌丛,108.0114121,29.37892734
1998,24.58278465270996,8.065178871154785,351.03106689453125,11.702435493469238,-0.003359651,0.004576466977596283,,0.012912759557366371,0.021658383309841156,,646.0539579362478,25123.391574158693,2,SC4,20.500804901123047,夏稻、冬小麦、蚕豆、玉米；大豆、冬油菜；茶、油桐、棕榈；杨梅、苹果,108.252278,29.37344383
1999,25.0931453704834,6.298810958862305,29.601743698120117,11.939144134521484,-0.001152556,0.004436312709003687,,-0.00369456,0.01407706830650568,,667.9454466067252,25139.0832993198,7,SC4,33.057769775390625,夏稻、冬小麦、蚕豆、玉米；大豆、冬油菜；茶、油桐、棕榈；杨梅、苹果,108.2511962,29.37290495
2000,26.85065269470215,9.461891174316406,2.145235776901245,13.220444679260254,0.0017174198292195797,0.006901467218995094,,0.007039313204586506,0.017656154930591583,,527.8399260125766,25005.50871893269,7,SC4,23.345937728881836,夏稻、冬小麦、蚕豆、玉米；大豆、冬油菜；茶、油桐、棕榈；杨梅、苹果,108.2526901,29.37238415
2001,25.127016067504883,10.147997856140137,316.6659240722656,12.233102798461914,0.0011108911130577326,0.004326137714087963,,0.02216999977827072,0.07388295233249664,,131.2359782440421,24488.539371165505,7,SC2,46.827449798583984,茅栗、白栎灌丛,108.2603508,29.37161212
2002,14.042252540588379,7.345671653747559,349.04012966156006,6.6712965965271,-0.000670514,0.0022846409119665623,,0.054937694221735,0.09162276983261108,,32.45623677452549,24472.416695641245,2,SC2,8.18298625946045,茅栗、白栎灌丛,108.2629972,29.3731817
2003,33.60744094848633,15.655927658081055,146.23072814941406,18.620824813842773,0.0001470003044232726,0.0056953029707074165,,0.005845794919878244,0.10224774479866028,,193.84684642083965,24169.956089230483,2,SC2,109.24051666259766,茅栗、白栎灌丛,108.2629004,29.36969889
2004,26.544973373413086,22.830284118652344,246.66654205322266,15.395243644714355,-0.000367052,0.008541005663573742,,0.014145606197416782,0.028744714334607124,,78.43765211569907,33854.41554974271,1,SC4,62.010005950927734,茅栗、白栎灌丛,108.1097914,29.37538422
2005,18.528358459472656,10.730683326721191,340.5313663482666,8.849593162536621,0.00045180696179158986,0.0036770296283066273,,-0.000894052,0.05314578488469124,,909.7525455859694,32633.066821820576,7,SC4,39.18564987182617,茅栗、白栎灌丛,108.1308958,29.37546959
2006,32.3133544921875,17.77215576171875,267.79080963134766,17.68043327331543,0.0006350458133965731,0.004193461965769529,,0.01096904557198286,0.021169206127524376,,104.41462530123435,34082.67009850242,2,SC4,70.60798645019531,茅栗、白栎灌丛,108.1069442,29.37623857
2007,30.16402816772461,15.519700050354004,173.54151916503906,15.814085960388184,8.394593351113144e-06,0.005390713922679424,,0.01068312767893076,0.0370829701423645,,1048.3595621440463,32376.161669976624,7,SC4,70.70194244384766,茅栗、白栎灌丛,108.1339093,29.37474086
2008,19.52552032470703,5.2786102294921875,314.26086807250977,9.744156837463379,0.004689801950007677,0.0031457715667784214,,-0.005628298,0.010087746195495129,,646.8345311667232,25083.697325612644,7,SC4,18.955018997192383,夏稻、冬小麦、蚕豆、玉米；大豆、冬油菜；茶、油桐、棕榈；杨梅、苹果,108.2504545,29.37178779
2009,20.605737686157227,5.979455947875977,340.1948070526123,9.524602890014648,0.0013405755162239075,0.0043443553149700165,,-0.001901898,0.01822567731142044,,507.5773547797943,24972.611561930422,7,SC4,37.578189849853516,夏稻、冬小麦、蚕豆、玉米；大豆、冬油菜；茶、油桐、棕榈；杨梅、苹果,108.2520743,29.37160458
2010,24.120996475219727,14.02869701385498,51.31832504272461,11.83886432647705,0.000996399438008666,0.003907778300344944,,0.003996681421995163,0.0140795623883605,,431.8037979198503,40959.55045170934,2,SC4,74.32012939453125,茅栗、白栎灌丛,107.9967141,29.37751282
2011,9.055876731872559,3.4847445487976074,100.13710021972656,4.43380880355835,0.0002784746466204524,0.0009410595521330833,,-0.008376188,0.007622010074555874,,186.41346856758867,40662.81365744866,11,SC4,5.488170623779297,茅栗、白栎灌丛,108.0021198,29.37845676
2012,14.273592948913574,9.645459175109863,152.39198303222656,6.540913105010986,0.0005472557968460023,0.0026504709385335445,,0.003437486244365573,0.011450648307800293,,400.6371103242172,40464.62873008129,7,SC4,30.637409210205078,茅栗、白栎灌丛,108.0027119,29.37645623
2013,18.829517364501953,6.124561309814453,134.278076171875,8.835762023925781,0.0009661063668318093,0.006102834828197956,,-0.002392431,0.011776803061366081,,510.02593264579366,39878.77051906481,2,SC4,26.463420867919922,茅栗、白栎灌丛,108.0129527,29.3778094
2014,9.182133674621582,10.084993362426758,289.67919921875,4.5718994140625,-0.000260391,0.0009709845180623233,,0.017824646085500717,0.027670111507177353,,3.3041052454987163,34114.730850036794,1,SC4,4.513754844665527,茅栗、白栎灌丛,108.1052173,29.37561026
2015,14.18581485748291,6.450343608856201,89.98204803466797,6.343693733215332,-0.000411689,0.0028104970697313547,,0.0025826890487223864,0.016132690012454987,,516.0325818121239,40567.79380354612,7,SC4,29.633066177368164,茅栗、白栎灌丛,108.0004024,29.37575229
2016,14.038698196411133,7.482853412628174,49.3972053527832,6.594488143920898,-0.000424711,0.004391840659081936,,0.005250734277069569,0.01982773281633854,,475.68875872196935,40672.48766748659,7,SC4,24.310741424560547,茅栗、白栎灌丛,107.9995618,29.37635072
2017,0.4396635591983795,0.5339269638061523,257.2353057861328,0.19509057700634003,-0.000172631,0.0002827454882208258,,0.016603544354438782,0.042106494307518005,,38.39198534992849,33943.42919190595,1,SC4,0.10767364501953125,茅栗、白栎灌丛,108.1071565,29.37486687
2018,40.69071578979492,9.658254623413086,266.5697937011719,23.236465454101562,0.001949104480445385,0.006876376923173666,,0.007775741629302502,0.014244500547647476,,122.66272753188801,33856.953510689265,2,SC4,46.46765899658203,茅栗、白栎灌丛,108.1102913,29.37568718
2019,35.47964859008789,10.791732788085938,175.6029052734375,18.34389305114746,0.00045427936129271984,0.0039085703901946545,,0.001804262981750071,0.01937936060130596,,1147.4744469405055,32155.837964302442,2,SC4,139.55517578125,茅栗、白栎灌丛,108.1362653,29.3739336
2020,23.327219009399414,6.9233927726745605,203.28713989257812,10.745566368103027,-0.004908989,0.004551344085484743,,0.0182183887809515,0.02118094079196453,,414.23163049408186,24890.982396697505,2,SC2,13.982053756713867,夏稻、冬小麦、蚕豆、玉米；大豆、冬油菜；茶、油桐、棕榈；杨梅、苹果,108.2537581,29.37179664
2021,26.098621368408203,13.224969863891602,4.372669696807861,14.503975868225098,0.005350758787244558,0.005559320095926523,,-0.033861563,0.024998802691698074,,1080.086776867033,42224.98411764504,2,SO1,10.458611488342285,栓皮栎、麻栎灌丛,107.9791976,29.37804038
2022,20.87805938720703,9.394864082336426,90.71710205078125,10.677043914794922,0.0021596034057438374,0.006388694513589144,,-0.001718532,0.01593056507408619,,1266.5411049037152,42194.11643794916,2,SO1,28.650293350219727,栓皮栎、麻栎灌丛,107.9777449,29.37626879
2023,35.99139404296875,8.887176513671875,355.70824003219604,18.647796630859375,-0.000847495,0.004699151962995529,,-0.005637257,0.02152363583445549,,1163.214458386161,41989.55323989679,2,SO1,121.24227905273438,栓皮栎、麻栎灌丛,107.9818912,29.37744978
2024,9.813557624816895,13.70588493347168,190.10711669921875,5.819657802581787,-0.001042669,0.002834283746778965,,0.04894452169537544,0.13520745933055878,,77.88367658124238,33699.45748370146,2,SC4,3.3326292037963867,茅栗、白栎灌丛,108.1119398,29.37491634
2025,36.02085494995117,13.942987442016602,258.1420440673828,19.32769775390625,0.0007903879159130156,0.004239779431372881,,0.018441297113895416,0.09926173090934753,,197.42682257507502,33529.84336518416,2,SC4,104.3506088256836,茅栗、白栎灌丛,108.115782,29.37519874
2026,25.15473175048828,7.622402191162109,56.699337005615234,12.210186958312988,-0.000296657,0.0075387186370790005,,-0.004538666,0.015395814552903175,,1432.208782365252,41761.10117567968,2,SO1,98.7391128540039,栓皮栎、麻栎灌丛,107.9825509,29.37505826
2027,32.67735290527344,5.384993553161621,53.0086555480957,16.16441535949707,-0.002377252,0.004109136760234833,,-0.00230653,0.005196251906454563,,1212.26536146909,41784.60191776288,2,SO1,35.88654708862305,栓皮栎、麻栎灌丛,107.9844856,29.37716115
2028,0.02667071297764778,0.09044478833675385,180.00001525878906,0.013065477833151817,0,0,,0.0013430215185508132,0.004554407671093941,,51.90524282253634,33798.268564093305,1,SC4,0,茅栗、白栎灌丛,108.1089986,29.37434468
2029,8.55573558807373,11.849617004394531,162.63111877441406,4.778209209442139,0.00020884291734546423,0.002468742663040757,,0.018135370686650276,0.025157105177640915,,42.46050577029202,33691.11300881286,1,SC4,5.772500991821289,茅栗、白栎灌丛,108.1116254,29.37465516
2030,29.286224365234375,14.45771312713623,136.42173767089844,15.942159652709961,0.0036848702002316713,0.008051550015807152,,0.0051472382619977,0.033196475356817245,,78.59179488501556,33579.09750957801,2,SC4,45.64031219482422,茅栗、白栎灌丛,108.1117151,29.37351183
2031,19.900625228881836,7.991100788116455,114.7352294921875,9.806133270263672,0.0007996840868145227,0.005804629996418953,,-0.001969961,0.016295582056045532,,1539.4945259563021,31800.555308536666,2,SC4,27.094493865966797,茅栗、白栎灌丛,108.1413155,29.37363021
2032,30.662677764892578,4.697288513183594,284.6257858276367,13.616026878356934,-0.000401286,0.009162410162389278,,-0.002595752,0.011235632933676243,,518.9378396201151,24955.70126846011,7,SC4,24.373071670532227,夏稻、冬小麦、蚕豆、玉米；大豆、冬油菜；茶、油桐、棕榈；杨梅、苹果,108.2514479,29.3709987
2033,26.927295684814453,9.946267127990723,13.170674324035645,13.235542297363281,-0.000223705,0.00731404684484005,,-0.006539699,0.05928453430533409,,591.3681201450474,24922.220697870445,2,SC4,47.081504821777344,夏稻、冬小麦、蚕豆、玉米；大豆、冬油菜；茶、油桐、棕榈；杨梅、苹果,108.2498038,29.36953167
2034,35.883872985839844,13.331771850585938,17.08500099182129,20.189435958862305,-0.000680377,0.006390444003045559,,-0.000960796,0.012373280711472034,,1313.3862921275067,41970.586032343446,2,SO1,120.31460571289062,栓皮栎、麻栎灌丛,107.9806217,29.37601702
2035,25.08078956604004,6.057819366455078,281.9654235839844,11.445197105407715,0.00013285806926432997,0.0032693594694137573,,0.0015557602746412158,0.009333706460893154,,305.58432756113183,33308.81269083734,2,SC4,59.6949348449707,茅栗、白栎灌丛,108.1193324,29.37475242
2036,17.666776657104492,6.160616874694824,288.5881576538086,7.9505414962768555,0.00030611673719249666,0.0021908064372837543,,0.0005825452972203493,0.010281511582434177,,598.0040895091352,33308.59329709104,2,SC4,43.092430114746094,茅栗、白栎灌丛,108.1219575,29.37657579
2037,27.50079917907715,6.784176349639893,295.20577239990234,13.27245044708252,0.0008651048992760479,0.005399735644459724,,0.00672497833147645,0.023046277463436127,,549.3029156390128,24965.43471309473,2,SC4,24.780664443969727,夏稻、冬小麦、蚕豆、玉米；大豆、冬油菜；茶、油桐、棕榈；杨梅、苹果,108.2509676,29.37079073
2038,16.079830169677734,7.8980488777160645,303.9708938598633,7.745877742767334,0.00047444732626900077,0.004522990435361862,,0.016553090885281563,0.045595381408929825,,417.8068192517774,24872.43801174163,2,SC4,13.593146324157715,夏稻、冬小麦、蚕豆、玉米；大豆、冬油菜；茶、油桐、棕榈；杨梅、苹果,108.2524989,29.37075336
2039,11.814628601074219,7.933707237243652,311.75048828125,6.580190658569336,-0.003314587,0.0032886394765228033,,0.03412745147943497,0.0277355145663023,,406.9610436451818,24847.657188395926,2,SC4,2.701413154602051,夏稻、冬小麦、蚕豆、玉米；大豆、冬油菜；茶、油桐、棕榈；杨梅、苹果,108.2523854,29.37039812
2040,21.072694778442383,6.301333904266357,257.17850494384766,10.102370262145996,0.00023363485524896532,0.006044251378625631,,-0.007137975,0.05776740238070488,,230.2095620630011,24699.155274110806,2,SC2,29.735116958618164,夏稻、冬小麦、蚕豆、玉米；大豆、冬油菜；茶、油桐、棕榈；杨梅、苹果,108.2553261,29.3706664
2041,30.876827239990234,6.854729652404785,59.0937614440918,15.11596393585205,-0.001911291,0.004699185490608215,,-0.003493772,0.006858008913695812,,1253.954115304378,41776.778850123264,2,SO1,29.02984046936035,栓皮栎、麻栎灌丛,107.9841675,29.37676546
2042,16.349843978881836,5.869115829467773,53.39051818847656,7.484063148498535,0.0002836315252352506,0.002596720354631543,,0.009548984467983246,0.05152707174420357,,330.5945111416388,39282.39868652425,7,SC4,36.338043212890625,茅栗、白栎灌丛,108.0216068,29.37754777
2043,6.53402042388916,12.266879081726074,169.15383911132812,3.7230727672576904,0.00019773757958319038,0.0028524850495159626,,0.01060608308762312,0.024922627955675125,,76.47878671840245,33699.551642392114,2,SC4,6.99747371673584,茅栗、白栎灌丛,108.1100693,29.37388591
2044,16.14344596862793,15.006925582885742,235.66019439697266,8.588695526123047,0.001474051154218614,0.0034194292966276407,,0.0063975490629673,0.020579228177666664,,9.305698472585867,33156.9165196305,1,SC4,36.44440460205078,茅栗、白栎灌丛,108.1179015,29.37239245
2045,12.274785995483398,13.573518753051758,222.59326171875,6.068058013916016,0.00011052724585169926,0.0016658530803397298,,0.003717122133821249,0.02151506580412388,,94.4963496728954,33017.315053115926,1,SC4,23.435291290283203,茅栗、白栎灌丛,108.1203639,29.37222873
2046,19.39444351196289,4.278080463409424,260.0317153930664,8.802223205566406,-0.000708834,0.0023307937663048506,,-0.000326948,0.00895722396671772,,260.3000500147285,33056.818680113654,7,SC4,14.350671768188477,茅栗、白栎灌丛,108.1217007,29.37334535
2047,25.27832794189453,8.99289608001709,165.9121856689453,11.931557655334473,0.0007586042047478259,0.002789247315376997,,-0.002707603,0.008001628331840038,,1382.348015082447,31798.419305403604,2,SC4,78.08482360839844,茅栗、白栎灌丛,108.1400999,29.37263401
2048,19.062116622924805,7.075033664703369,125.07920837402344,8.774665832519531,0.0005944447475485504,0.0029086237773299217,,-0.002290545,0.015355146490037441,,1533.9860244892277,31452.5058208921,2,SC4,40.400047302246094,茅栗、白栎灌丛,108.1430338,29.3707559
2049,23.16412925720215,6.402690410614014,112.870361328125,10.797218322753906,0.0016848488012328744,0.0042708455584943295,,0.000593046483118087,0.010913627222180367,,1758.5515055373369,31388.22303772835,2,SC4,46.60287857055664,茅栗、白栎灌丛,108.1451171,29.3716344
2050,19.856813430786133,11.671574592590332,299.6440544128418,9.659919738769531,-0.001265056,0.0068708062171936035,,0.05249679461121559,0.20611217617988586,,496.19168647146813,24914.300168312937,2,SC4,20.284818649291992,夏稻、冬小麦、蚕豆、玉米；大豆、冬油菜；茶、油桐、棕榈；杨梅、苹果,108.2514185,29.37051122
2051,13.761429786682129,7.766072750091553,294.2400588989258,7.0574140548706055,0.0009094104752875865,0.005808435380458832,,0.02336161956191063,0.052215397357940674,,376.891081075254,24830.60324663599,2,SC2,9.998472213745117,夏稻、冬小麦、蚕豆、玉米；大豆、冬油菜；茶、油桐、棕榈；杨梅、苹果,108.2527966,29.37047758
2052,16.53725242614746,10.658992767333984,294.572509765625,8.280562400817871,-3.64E-06,0.006319515872746706,,0.02576635405421257,0.05155418440699577,,362.596235045472,24807.36778906887,7,SC2,8.655229568481445,夏稻、冬小麦、蚕豆、玉米；大豆、冬油菜；茶、油桐、棕榈；杨梅、苹果,108.2527881,29.37020928
2053,25.177820205688477,11.04243278503418,51.4034423828125,12.787277221679688,0.001156146521680057,0.007942620664834976,,0.00948368851095438,0.034656573086977005,,211.73312248756397,24646.75522307304,2,SC2,30.53068733215332,夏稻、冬小麦、蚕豆、玉米；大豆、冬油菜；茶、油桐、棕榈；杨梅、苹果,108.2539015,29.36913091
2054,30.267629623413086,10.175707817077637,334.12574577331543,15.088323593139648,-0.000632292,0.004898856859654188,,0.0008188225328922272,0.011717149056494236,,1278.3057549184468,41474.65230711864,2,SO1,76.06423950195312,栓皮栎、麻栎灌丛,107.9868841,29.37531503
2055,28.860607147216797,22.551504135131836,88.2262191772461,18.106552124023438,0.002441592514514923,0.005710529629141092,,0.010190880857408047,0.07248137891292572,,55.86642921007781,33366.75240495535,1,SC4,57.6658935546875,茅栗、白栎灌丛,108.1149531,29.37302536
2056,20.774709701538086,7.366626262664795,273.60174560546875,9.64637565612793,-0.000337935,0.0026257908903062344,,-0.003022286,0.008593202568590641,,226.3518239432392,33104.624396148225,7,SC4,14.010144233703613,茅栗、白栎灌丛,108.1207818,29.37336688
2057,11.34176254272461,9.09160041809082,234.8031463623047,5.152592658996582,0.0001206683591590263,0.0016741212457418442,,-0.000296732,0.011639729142189026,,183.96939095040437,32935.09825103128,7,SC4,33.90501022338867,茅栗、白栎灌丛,108.1222778,29.37236894
2058,10.224306106567383,6.885053634643555,242.37623596191406,4.857177734,-0.000892234,0.0023713530972599983,,0.018036676570773125,0.03584273159503937,,734.9595590602963,32378.9359456087,7,SC4,5.531765460968018,茅栗、白栎灌丛,108.1314942,29.372847
2059,9.750269889831543,6.291331768035889,208.1237030029297,4.681021213531494,-0.001319751,0.0018348254961892962,,0.019050870090723038,0.03574651852250099,,754.5080204734788,32358.304361428305,7,SC4,6.182797431945801,茅栗、白栎灌丛,108.1318005,29.3728398
2060,42.489540100097656,4.636852741241455,175.05335998535156,22.6479549407959,-0.000403213,0.0022060733754187822,,0.000521300476975739,0.00479613384231925,,1083.1708773307937,32080.60494702638,2,SC4,53.30624008178711,茅栗、白栎灌丛,108.13625,29.37300365
2061,26.920778274536133,8.95844841003418,156.6446075439453,13.001448631286621,-0.000283323,0.002460080897435546,,-0.002214881,0.0067451405338943005,,1295.4734187149822,31706.660855979233,2,SC4,104.2607650756836,茅栗、白栎灌丛,108.1398982,29.37135375
2062,18.144502639770508,11.75529956817627,317.6205291748047,9.089638710021973,-0.002098592,0.004873865284025669,,0.03316998854279518,0.04164841026067734,,416.22950031312854,24844.56638971423,7,SC2,10.184865951538086,夏稻、冬小麦、蚕豆、玉米；大豆、冬油菜；茶、油桐、棕榈；杨梅、苹果,108.2521756,29.37022423
2063,26.785503387451172,13.408257484436035,78.26834106445312,13.75359058380127,0.0006153862341307104,0.0036893519572913647,,0.019936498254537582,0.1595751792192459,,455.41768052298966,24800.92117779909,2,SC2,45.69150924682617,夏稻、冬小麦、蚕豆、玉米；大豆、冬油菜；茶、油桐、棕榈；杨梅、苹果,108.2510755,29.36900252
2064,19.024471282958984,9.111523628234863,310.3188133239746,8.905488967895508,0.00021502308663912117,0.0033629753161221743,,0.012225908227264881,0.031461093574762344,,503.6494874255669,32426.167685364766,7,SC4,27.164424896240234,茅栗、白栎灌丛,108.1293679,29.37172597
2065,19.667766571044922,7.107265472412109,166.26976013183594,8.89896011352539,0.00041452626464888453,0.002349936170503497,,0.006086415145546198,0.01643405668437481,,648.6403325968403,32206.521737769774,7,SC4,37.22674560546875,茅栗、白栎灌丛,108.1321269,29.37124875
2066,11.446990966796875,6.546532154083252,198.9368896484375,5.496476173400879,-0.00152285,0.0021436267998069525,,0.016231592744588852,0.026933951303362846,,732.0588361358634,32336.846664921803,7,SC4,8.009929656982422,茅栗、白栎灌丛,108.1317922,29.37257147
2067,29.155132293701172,12.64443302154541,168.81182861328125,14.871066093444824,-0.001555486,0.0034195317421108484,,0.006008141208440065,0.008689621463418007,,812.8959121328419,32234.73376339239,7,SC4,51.30466079711914,茅栗、白栎灌丛,108.1331775,29.37243148
2068,26.036724090576172,11.602745056152344,167.8874969482422,12.812223434448242,-0.000981116,0.0014781641075387597,,0.014752817340195179,0.012095412239432335,,832.7152018877409,32275.77797360216,7,SC4,24.56989097595215,茅栗、白栎灌丛,108.1330257,29.37281099
2069,40.135189056396484,3.604548215866089,174.13778686523438,20.764062881469727,-0.000110831,0.0013629993190988898,,0.0019776884000748396,0.0029417576733976603,,1029.6135949692396,32090.09459007141,2,SC4,41.97188949584961,茅栗、白栎灌丛,108.1357823,29.37274614
2070,39.31825256347656,5.612418174743652,173.97903442382812,20.175405502319336,-0.000102253,0.002048081485554576,,0.0008399299113079906,0.007148395292460918,,952.786872610114,32086.461760337686,2,SC4,30.298566818237305,茅栗、白栎灌丛,108.1352154,29.37224928
2071,21.274152755737305,9.542963981628418,252.6649169921875,10.186808586120605,0.0006595641607418656,0.005325269419699907,,0.02207230031490326,0.055161166936159134,,72.55320847624223,24486.54485245288,2,SC2,19.44672393798828,茅栗、白栎灌丛,108.2576796,29.36982125
2072,17.064828872680664,11.326427459716797,252.03099060058594,8.570463180541992,0.0002250943216495216,0.003740337211638689,,0.04737419635057449,0.030612487345933914,,36.67165590582302,24443.165024033726,1,SC2,6.0551862716674805,茅栗、白栎灌丛,108.2578724,29.36945853
2073,12.007165908813477,7.781341552734375,273.1934356689453,5.470213890075684,-0.001107623,0.0032506054267287254,,0.03007492795586586,0.04449416324496269,,45.00269473544291,24513.627874671096,1,SC2,5.891997337341309,茅栗、白栎灌丛,108.2563803,29.36926719
2074,17.372142791748047,10.262308120727539,256.20179748535156,8.46292781829834,-0.000223936,0.00378804630599916,,0.029399175196886063,0.05311857908964157,,38.2989058421593,24481.90868024301,1,SC2,14.832021713256836,茅栗、白栎灌丛,108.2573648,29.36956045
2075,6.740862846374512,3.9324162006378174,124.79387664794922,3.2663111686706543,0.0002901913831010461,0.0012132948031648993,,0.03653712943196297,0.05878351256251335,,25.09169030149876,24440.874067208857,1,SC2,3.3660171031951904,茅栗、白栎灌丛,108.2569322,29.36881025
2076,14.890983581542969,10.231633186340332,225.06076049804688,7.389492511749268,-0.000391515,0.003025749232620001,,0.03616806119680405,0.05126458406448364,,8.940013130883884,24458.67334429453,1,SC2,10.357044219970703,茅栗、白栎灌丛,108.2573562,29.36929215
2077,13.667947769165039,5.621115684509277,280.83736419677734,6.221047401428223,0.0015852273209020495,0.0029624539893120527,,-0.003177598,0.031072841957211494,,350.2957735008248,32502.720897370662,7,SC4,25.298452377319336,茅栗、白栎灌丛,108.1276141,29.37125987
2078,32.89350128173828,10.492341995239258,168.84048461914062,16.72115707397461,0.000533204642124474,0.003786096116527915,,-0.001341011,0.00790620781481266,,1024.10507897833,31763.781888136185,2,SC4,170.73292541503906,茅栗、白栎灌丛,108.1374834,29.37012322
2079,27.364351272583008,9.171743392944336,98.8072738647461,12.89872932434082,-0.000218117,0.0054645901545882225,,-0.012579308,0.038807421922683716,,1757.2035110837176,31215.323316906935,2,SC4,35.15285873413086,茅栗、白栎灌丛,108.1468084,29.37087503
2080,11.451537132263184,6.936254024505615,111.725830078125,5.337702751159668,-0.000389366,0.0014906228752806783,,0.025865912437438965,0.03534810245037079,,49.02241550356865,24388.59820211484,7,SC2,6.821596145629883,茅栗、白栎灌丛,108.2576676,29.36870621
2081,20.97506332397461,11.822145462036133,241.49633026123047,10.413172721862793,0.0012802040437236428,0.003172876313328743,,0.04178345203399658,0.062004610896110535,,22.66218188112418,24402.875960645273,1,SC2,13.072636604309082,茅栗、白栎灌丛,108.258275,29.36926968
2082,18.667200088500977,10.161911010742188,131.09483337402344,8.971409797668457,-7.92E-05,0.0021920897997915745,,0.04062959924340248,0.06231755390763283,,6.794087605939057,24379.64064574637,1,SC2,9.85656452178955,茅栗、白栎灌丛,108.2582664,29.36900138
2083,35.988136291503906,7.857601165771484,157.12867736816406,18.70747947692871,0.0004956156481057405,0.003737988881766796,,-0.002558888,0.0047495728358626366,,1077.3496646128945,31872.421863790612,2,SC4,74.06391906738281,茅栗、白栎灌丛,108.1373349,29.37132993
2084,21.750947952270508,12.029096603393555,141.5919189453125,10.56075668334961,0.00022379746951628476,0.007636331953108311,,-0.020673677,0.0409492626786232,,1677.5672645823358,31196.519906658425,2,SC4,26.80647087097168,茅栗、白栎灌丛,108.1477928,29.37143121
2085,12.965360641479492,9.196439743041992,279.0128631591797,6.099075794219971,0.0006623439840041101,0.0039496049284935,,0.020618613809347153,0.0214174073189497,,51.02524361273859,24528.43375450333,2,SC2,7.904886722564697,茅栗、白栎灌丛,108.2558164,29.36906128
2086,19.385517120361328,9.776392936706543,319.93334579467773,9.342101097106934,0.0009433869272470474,0.003925012424588203,,0.009679112583398819,0.058341801166534424,,167.98544670391988,24451.19758423823,2,SC2,45.862796783447266,茅栗、白栎灌丛,108.2531456,29.36641998
2087,21.14048957824707,8.966392517089844,87.62777709960938,10.750776290893555,0.003058594185858965,0.0044210003688931465,,-0.000430674,0.012316369451582432,,1445.5768393384967,42283.5578131736,2,SO1,28.67947006225586,栓皮栎、麻栎灌丛,107.9745974,29.37446312
2088,26.72201156616211,6.339968204498291,88.16785430908203,12.611177444458008,3.3790478482842445e-05,0.006745557766407728,,0.0004660664708353579,0.012941467575728893,,1515.2843853500844,42133.74507085105,2,SO1,56.29189682006836,栓皮栎、麻栎灌丛,107.976124,29.37392427
2089,27.59886360168457,14.626006126403809,337.0673007965088,14.325925827026367,-0.001412371,0.003083924064412713,,0.011189630255103111,0.011161861009895802,,1123.9377479029536,41303.7674481759,2,SO1,27.224105834960938,茅栗、白栎灌丛,107.9890221,29.37504538
2090,11.143247604370117,15.058905601501465,209.5935821533203,5.694583892822266,-0.000430164,0.001136869890615344,,0.0068687936291098595,0.01796049252152443,,68.49718075889152,33039.77563696018,1,SC4,13.035246849060059,茅栗、白栎灌丛,108.1198261,29.3721809
2091,43.42435836791992,5.28268575668335,168.8109893798828,23.298004150390625,-0.000310212,0.0034405819606035948,,0.001919188885949552,0.004460986703634262,,962.0196091041868,32004.264215457,2,SC4,48.88558578491211,茅栗、白栎灌丛,108.1357494,29.37167282
2092,30.08197784423828,9.06856918334961,61.5842399597168,15.160608291625977,-0.000168269,0.00923911388963461,,-0.002022678,0.018000878393650055,,685.8296390494746,24968.169641385404,2,SC2,27.482465744018555,夏稻、冬小麦、蚕豆、玉米；大豆、冬油菜；茶、油桐、棕榈；杨梅、苹果,108.2486876,29.36931202
2093,18.037494659423828,5.731320858001709,83.89387512207031,8.967462539672852,-0.002684685,0.0062101553194224834,,-0.006698051,0.020505473017692566,,640.4459224915324,24870.256025914463,2,SC2,18.80192756652832,夏稻、冬小麦、蚕豆、玉米；大豆、冬油菜；茶、油桐、棕榈；杨梅、苹果,108.248428,29.36803335
2094,9.492759704589844,6.892228603363037,194.21820068359375,4.589313983917236,-0.000659345,0.0022866218350827694,,0.02431989088654518,0.026247505098581314,,10.34910781902309,24486.599195965406,1,SC2,3.5669422149658203,茅栗、白栎灌丛,108.2561141,29.3687855
2095,27.104921340942383,11.277286529541016,135.9485321044922,13.28907299041748,0.0008114397060126066,0.003701766487210989,,0.005074507091194391,0.02324758470058441,,168.469592498655,24141.3121287185,2,SC2,80.47254943847656,茅栗、白栎灌丛,108.2562177,29.3649511
2096,26.461103439331055,12.943413734436035,112.05699157714844,12.949843406677246,0.0021498454734683037,0.005746375769376755,,0.008181508630514145,0.026180490851402283,,221.2870029064566,24168.9097484216,2,SC2,45.84164810180664,茅栗、白栎灌丛,108.2590428,29.36713336
2097,27.2303409576416,6.398399353027344,70.47128295898438,13.088859558105469,-0.002305488,0.005760678555816412,,0.0037268137093633413,0.008915537036955357,,1383.6438221908213,42262.43260745443,2,SO1,20.256141662597656,栓皮栎、麻栎灌丛,107.9755349,29.37507873
2098,5.401216506958008,3.7988197803497314,353.0642867088318,2.659937858581543,-0.003095729,0.002496620872989297,,0.1996385008096695,0.45085766911506653,,1074.966278713727,41184.031670943805,7,SO1,0.721921980381012,茅栗、白栎灌丛,107.990172,29.3745362
2099,11.149866104125977,5.880134582519531,97.3163833618164,5.054255485534668,0.00022010425163898617,0.0029572423081845045,,0.0032283684704452753,0.021358108147978783,,546.4670774190433,40424.77570819517,7,SC4,24.129684448242188,茅栗、白栎灌丛,108.0018703,29.3752149
2100,17.849102020263672,6.514615058898926,155.98667907714844,8.249007225036621,0.001609030063264072,0.00336572527885437,,-0.004004926,0.010111723095178604,,608.956212121554,40216.04155644498,7,SC4,11.765463829040527,茅栗、白栎灌丛,108.004025,29.37443942
2101,45.428497314453125,3.439791202545166,167.65122985839844,24.853862762451172,-0.000113985,0.004082636442035437,,0.0004862719215452671,0.004486550111323595,,972.1278928869569,31962.17518640162,2,SC4,51.45177459716797,茅栗、白栎灌丛,108.1360475,29.37139728
2102,38.248878479003906,10.424384117126465,357.0556468963623,20.296043395996094,0.0009672539308667183,0.005624460056424141,,0.002007794799283147,0.01021665334701538,,1513.1966785594666,41922.015856567945,2,SO1,115.4972915649414,栓皮栎、麻栎灌丛,107.9793038,29.3741328
2103,34.7709846496582,7.253229141235352,332.2077693939209,17.347429275512695,-0.000939474,0.006205419078469276,,-0.002987535,0.019663585349917412,,1485.8462558600665,41609.73109082891,2,SO1,50.61284637451172,栓皮栎、麻栎灌丛,107.9842795,29.37467658
2104,25.7006778717041,10.48487377166748,333.3387050628662,12.689937591552734,0.0001524156250525266,0.004965268541127443,,-0.003075314,0.03173200786113739,,1320.9187121106017,30820.39258388521,2,SC4,122.25572204589844,茅栗、白栎灌丛,108.1510367,29.36943022
2105,22.346052169799805,8.390175819396973,60.251773834228516,10.751995086669922,0.002750329440459609,0.007687664125114679,,-0.009623022,0.02626163326203823,,720.7282939297174,24920.490128572692,2,SC2,21.35779571533203,夏稻、冬小麦、蚕豆、玉米；大豆、冬油菜；茶、油桐、棕榈；杨梅、苹果,108.2471316,29.36774274
2106,29.469409942626953,7.8954691886901855,13.487682342529297,14.295451164245605,-0.001506357,0.0048371111042797565,,0.0006291189347393811,0.010455440729856491,,1576.6861827594919,41600.16430535066,2,SO1,82.60424041748047,栓皮栎、麻栎灌丛,107.9834839,29.37380827
2107,33.405677795410156,11.175226211547852,5.912824630737305,17.470666885375977,-0.002177976,0.009251081384718418,,0.0027244030497968197,0.01339914184063673,,1354.7954171114018,41285.10319450302,2,SO1,58.11518859863281,栓皮栎、麻栎灌丛,107.9874881,29.37339003
2108,0,0,180.00001525878906,0,0,0,,0,0,,78.04155643699008,32959.4069708746,1,SC4,0,茅栗、白栎灌丛,108.1191766,29.37098774
2109,0,0,180.00001525878906,0,0,0,,0,0,,105.57635490595361,32934.41580909141,1,SC4,0,茅栗、白栎灌丛,108.1191684,29.37071941
2110,31.153831481933594,7.27040433883667,165.71450805664062,14.923656463623047,0.0002951525093521923,0.003655390813946724,,-0.001208083,0.005991647951304913,,1193.2816036249233,31760.18420429966,2,SC4,95.58846282958984,茅栗、白栎灌丛,108.1388226,29.3711482
2111,28.980587005615234,4.5930047035217285,99.38153839111328,13.745701789855957,0.0007357884314842522,0.0024930040817707777,,-9.63E-05,0.007109578233212233,,1804.9704224965974,31273.090393678525,2,SC4,32.00395202636719,茅栗、白栎灌丛,108.1459805,29.37091899
2112,21.354206085205078,9.574739456176758,291.5933837890625,10.059194564819336,9.895720722852275e-05,0.004382008221000433,,-0.000107902,0.01784404367208481,,342.4836100849969,24572.630660674604,2,SC2,47.82181930541992,夏稻、冬小麦、蚕豆、玉米；大豆、冬油菜；茶、油桐、棕榈；杨梅、苹果,108.2506166,29.36611815
2113,0,0,180.00001525878906,0,0,0,,0,0,,56.088391548940365,32756.904139128535,1,SC4,0,茅栗、白栎灌丛,108.1217364,29.37021172
2114,20.31543731689453,7.649127006530762,226.1395721435547,9.347138404846191,-4.33E-05,0.003283120458945632,,-0.001591326,0.01245956216007471,,1417.9665305295734,31190.255668035683,2,SC4,72.7291030883789,茅栗、白栎灌丛,108.1429813,29.36751504
2115,22.16712188720703,5.999638080596924,322.0738983154297,10.105576515197754,-9.36E-05,0.004490685183554888,,0.0008588869823142886,0.01177204865962267,,411.80651682631765,24612.30455729172,7,SC2,49.89713668823242,夏稻、冬小麦、蚕豆、玉米；大豆、冬油菜；茶、油桐、棕榈；杨梅、苹果,108.2494005,29.36576135
2116,13.232876777648926,4.481753826141357,50.13587951660156,6.796651840209961,-0.000846437,0.004713788628578186,,-0.016626105,0.02400781214237213,,1544.4683257408774,42339.84057550178,2,SO1,8.47470474243164,栓皮栎、麻栎灌丛,107.9727906,29.37347501
2117,30.07866859436035,4.818138122558594,127.09568786621094,13.01469612121582,-0.000381937,0.005001713987439871,,-0.001350973,0.008688571862876415,,1596.6790607976272,42217.89895103163,2,SO1,32.31504440307617,栓皮栎、麻栎灌丛,107.9740604,29.3730656
2118,23.22824478149414,4.720654010772705,34.264610290527344,10.860905647277832,0.001965701812878251,0.004269066732376814,,-0.001237178,0.006162802688777447,,1534.5522113201475,41410.83760210395,7,SO1,37.27373123168945,栓皮栎、麻栎灌丛,107.9854036,29.37310604
2119,31.526411056518555,16.20989990234375,182.74282836914062,17.471418380737305,-0.000213395,0.005084698554128408,,0.0020648082718253136,0.016535082831978798,,759.8381856949152,31900.482217555167,2,SC4,184.85174560546875,茅栗、白栎灌丛,108.1347108,29.36957782
2120,9.396145820617676,5.197343826293945,156.70074462890625,4.434054851531982,-0.000552486,0.0017931166803464293,,0.024203525856137276,0.03606341779232025,,370.7272843947251,32266.689791873334,7,SC4,6.110881805419922,茅栗、白栎灌丛,108.129566,29.36993854
2121,28.09395408630371,4.020722389221191,166.7207794189453,13.460271835327148,0.001334126922301948,0.0030914300587028265,,-0.000817899,0.0033192061819136143,,1209.8938454782894,31618.04009268122,2,SC4,17.423458099365234,茅栗、白栎灌丛,108.1396859,29.37010323
2122,25.909337997436523,5.048253536224365,164.15750122070312,11.926423072814941,-0.000163393,0.0025988833513110876,,-0.000813628,0.008129623718559742,,1282.1597191868711,31513.644355315162,2,SC4,26.90257453918457,茅栗、白栎灌丛,108.1407455,29.36967547
2123,26.11942481994629,7.542010307312012,131.6761016845703,12.240294456481934,-0.000133403,0.003558610798791051,,-0.000585742,0.010805811733007431,,1643.255194297918,31427.646437241747,2,SC4,50.59580993652344,茅栗、白栎灌丛,108.1440186,29.37123861
2124,17.53342056274414,5.9698052406311035,60.971778869628906,8.408049583435059,-0.000182684,0.005385322496294975,,0.004704255145043135,0.02032097801566124,,657.1223622566805,24871.268608824328,2,SC2,11.655457496643066,夏稻、冬小麦、蚕豆、玉米；大豆、冬油菜；茶、油桐、棕榈；杨梅、苹果,108.2479364,29.36771928
2125,24.948699951171875,5.445852756500244,69.77464294433594,11.497417449951172,-0.000252858,0.004817070905119181,,-0.000476294,0.008044869638979435,,1585.8241990095707,42156.1032140813,2,SO1,45.887874603271484,栓皮栎、麻栎灌丛,107.9750842,29.37322479
2126,36.11031723022461,13.430216789245605,345.91625785827637,19.740835189819336,-8.47E-05,0.005639275070279837,,0.0006312485202215612,0.01227609347552061,,1721.1366879018017,41751.20573309539,2,SO1,136.2071533203125,栓皮栎、麻栎灌丛,107.979745,29.37228
2127,22.321163177490234,1.2602213621139526,29.232568740844727,10.35670280456543,0.0005980770802125335,0.0016186813591048121,,-0.00168101,0.00396849075332284,,1546.3128695772014,41440.79203715877,7,SO1,10.213665962219238,栓皮栎、麻栎灌丛,107.9851379,29.37325266
2128,11.953362464904785,7.047995567321777,276.5890121459961,5.7268757820129395,-0.00019517,0.002693413756787777,,0.006535818800330162,0.04416871815919876,,249.4675034156447,32292.325470666954,7,SC4,8.121992111206055,茅栗、白栎灌丛,108.1284447,29.36935621
2129,12.816680908203125,8.71645450592041,156.06553649902344,5.894010066986084,0.0009860617574304342,0.0030249529518187046,,-0.004984465,0.03188001364469528,,297.81768229158325,32191.25101124751,7,SC4,10.657723426818848,茅栗、白栎灌丛,108.1295604,29.36901375
2130,27.050426483154297,12.548501014709473,166.2622833251953,13.587295532226562,0.0007674386724829674,0.003062340896576643,,0.0017613125964999199,0.012231262400746346,,703.3210612291979,31852.429519929025,2,SC4,193.1915283203125,茅栗、白栎灌丛,108.1345192,29.36883869
2131,21.623098373413086,8.705249786376953,165.16680908203125,9.999692916870117,0.00192878523375839,0.0018651762511581182,,-0.005202385,0.008566424250602722,,1349.8577113526492,31462.066436105102,2,SC4,19.644882202148438,茅栗、白栎灌丛,108.1415112,29.36965742
2132,22.000314712524414,10.995776176452637,234.59814453125,10.746783256530762,0.0015494856052100658,0.0049501932226121426,,-0.021892169,0.3662097752094269,,592.4465487357504,24707.632244592074,2,SC2,55.319175720214844,夏稻、冬小麦、蚕豆、玉米；大豆、冬油菜；茶、油桐、棕榈；杨梅、苹果,108.244678,29.36371186
2133,17.536479949951172,9.106257438659668,320.33556365966797,8.257132530212402,0.00013598457735497504,0.002677920972928405,,0.0009038166608661413,0.02530662901699543,,291.9288016415024,24437.704335853537,7,SC2,62.99748611450195,茅栗、白栎灌丛,108.2486947,29.36332039
2134,29.607402801513672,12.160201072692871,169.6009979248047,14.98480224609375,0.0014292363775894046,0.0044408319517970085,,0.002364326734095812,0.01612500101327896,,235.80736172780752,24109.677232067497,2,SC2,73.098876953125,茅栗、白栎灌丛,108.2603948,29.36735893
2135,19.18836212158203,6.011442184448242,117.80332946777344,8.735774040222168,-0.001276237,0.0038630475755780935,,0.005190066993236542,0.012182742357254028,,1585.8477653457403,42281.495616068074,2,SO1,12.659184455871582,栓皮栎、麻栎灌丛,107.9732298,29.37311611
2136,20.64144515991211,6.44166898727417,136.5155029296875,9.4985933303833,-0.000291865,0.002511040074750781,,-0.006504692,0.026513131335377693,,1783.7351693863773,42118.275237411115,2,SO1,41.22925567626953,栓皮栎、麻栎灌丛,107.9736768,29.37135233
2137,7.485812664031982,11.967697143554688,203.77427673339844,3.871797561645508,0.00042082578875124454,0.0023238430730998516,,0.008358774706721306,0.014979180879890919,,63.510045197671985,32464.502427843043,1,SC4,6.457667350769043,茅栗、白栎灌丛,108.1257144,29.36927707
2138,14.034200668334961,6.859981060028076,254.14027404785156,6.339282512664795,0.0017756446031853557,0.002007537754252553,,-0.005749837,0.011015676893293858,,258.0020284730041,32494.775259986625,7,SC4,22.0835018157959,茅栗、白栎灌丛,108.1269696,29.37064844
2139,32.41912841796875,11.179271697998047,210.4408416748047,19.91569709777832,-0.001867536,0.011198717169463634,,-0.012466753,0.01738598197698593,,411.5184041936603,23933.39897131095,2,SC2,18.89217758178711,茅栗、白栎灌丛,108.2617027,29.36623224
2140,16.58019256591797,6.481822967529297,122.26128387451172,7.697244167327881,-0.000100425,0.004321014508605003,,0.002298599574714899,0.013573786243796349,,1704.89081385265,42276.22307552518,2,SO1,22.513517379760742,栓皮栎、麻栎灌丛,107.9721823,29.37202581
2141,38.50633239746094,14.119720458984375,359.01951241493225,22.757549285888672,0.0014436374185606837,0.009316612966358662,,-0.007744627,0.011667781509459019,,1580.699893402604,41338.43266154796,2,SO1,30.811603546142578,栓皮栎、麻栎灌丛,107.9855307,29.37227039
2142,37.03590393066406,16.398136138916016,5.0186967849731445,21.48918342590332,0.0002772939333226532,0.004828556440770626,,-0.002325852,0.02159329131245613,,1923.3362591611453,41752.19276604927,2,SO1,177.12692260742188,栓皮栎、麻栎灌丛,107.9777,29.37033081
2143,31.60407829284668,15.44012451171875,43.719234466552734,17.8543758392334,-0.001249513,0.012309887446463108,,0.012370993383228779,0.03671274334192276,,396.9886037936336,24010.92984431089,2,SC2,41.7066650390625,茅栗、白栎灌丛,108.2593831,29.36557298
2144,27.398481369018555,3.21486759185791,128.70822143554688,12.720778465270996,0.0031052897684276104,0.00349797448143363,,0.00040326296584680676,0.005733382888138294,,1666.2062597164897,42180.30092057381,2,SO1,23.573917388916016,栓皮栎、麻栎灌丛,107.9739251,29.37242923
2145,34.76249694824219,18.289113998413086,7.6412224769592285,21.82076072692871,-0.004157452,0.009727172553539276,,-0.003332658,0.02569686807692051,,1560.3553263653355,41263.95493253014,2,SO1,43.614990234375,栓皮栎、麻栎灌丛,107.9861709,29.3718868
2146,11.205080032348633,11.521950721740723,223.0758819580078,5.444875240325928,-0.000672469,0.00269068730995059,,7.634290523128584e-05,0.03020285815000534,,163.63856527747873,32304.64751733763,1,SC4,8.878085136413574,茅栗、白栎灌丛,108.1276954,29.36890836
2147,5.233798027038574,7.198861598968506,204.67286682128906,3.213881015777588,-0.001171722,0.0023434448521584272,,0.012853537686169147,0.01811544969677925,,150.96371626507025,32272.87378219534,1,SC4,0,茅栗、白栎灌丛,108.1278403,29.36863643
2148,15.766982078552246,8.403777122497559,203.92852783203125,7.3336639404296875,0.000544870039448142,0.003197881393134594,,0.0002586158807389438,0.027597181499004364,,459.989228397952,32043.171911862602,7,SC4,25.23248291015625,茅栗、白栎灌丛,108.1316295,29.36885892
2149,28.202468872070312,8.566454887390137,26.915918350219727,13.95773983001709,-0.00026181,0.006674390286207199,,-0.000620768,0.011850803159177303,,1282.10100960943,30677.84142749543,2,SC4,120.86129760742188,茅栗、白栎灌丛,108.1511456,29.36778005
2150,28.493913650512695,12.400580406188965,48.57200241088867,14.495288848876953,-0.000295337,0.006484830752015114,,0.004239710047841072,0.01996428705751896,,470.2306967689166,30014.94477161264,2,SC4,67.22156524658203,茅栗、白栎灌丛,108.159448,29.366276
2151,20.934120178222656,9.442429542541504,293.0518798828125,10.141191482543945,0.0006104276399128139,0.005220359191298485,,0.004589816555380821,0.0186990387737751,,365.8923755872864,30029.043522738728,2,SC4,42.935089111328125,茅栗、白栎灌丛,108.1605934,29.36732647
2152,26.710676193237305,5.583242416381836,124.2403564453125,12.464048385620117,0.003874005051329732,0.003615942317992449,,-0.004816175,0.007200169377028942,,1698.6318669718776,42138.31741504044,2,SO1,21.548873901367188,栓皮栎、麻栎灌丛,107.9742236,29.37215402
2153,23.34494400024414,4.784887790679932,112.57111358642578,11.093914031982422,0.007995840162038803,0.0022912865970283747,,-0.009512839,0.005297581199556589,,1723.0284440730525,42087.7347357397,2,SO1,8.895655632019043,栓皮栎、麻栎灌丛,107.974729,29.37196371
2154,24.931474685668945,7.764994144439697,8.555410385131836,11.840314865112305,0.002536277286708355,0.00359548581764102,,-0.003035801,0.006782062351703644,,1797.9663861240188,41389.645540001206,2,SO1,60.220664978027344,栓皮栎、麻栎灌丛,107.9836578,29.37118693
2155,34.155033111572266,8.20197582244873,357.7975420951843,18.47864532470703,-0.006469661,0.010099326260387897,,0.004860719200223684,0.022709263488650322,,1732.4754028630782,41282.45213238126,2,SO1,49.87068557739258,栓皮栎、麻栎灌丛,107.9848299,29.37087251
2156,27.475669860839844,5.9421186447143555,345.7351942062378,12.908995628356934,-0.001341893,0.004300238564610481,,0.0022670032922178507,0.0086435005068779,,898.6924743943067,30414.866569106118,2,SO1,37.85683822631836,茅栗、白栎灌丛,108.1551131,29.36772488
2157,21.669288635253906,6.613831996917725,147.7384796142578,10.22984504699707,-0.000560671,0.0045637451112270355,,0.0012989698443561792,0.023851361125707626,,1788.9462611560402,42250.537342181866,2,SO1,36.167667388916016,栓皮栎、麻栎灌丛,107.9717713,29.37127629
2158,43.876800537109375,15.03187084197998,1.197350025177002,26.84671401977539,0.003752918215468526,0.005917695816606283,,-0.005728453,0.011937512084841728,,1744.9549792046487,41983.45231640691,2,SO1,53.79206085205078,栓皮栎、麻栎灌丛,107.9760539,29.37184461
2159,3.592670440673828,1.7179017066955566,267.8343505859375,1.7087700366973877,-0.000100259,0.001433518249541521,,-0.02290489,0.05718511715531349,,284.4237989896285,32102.338149817864,7,SC4,1.6163064241409302,茅栗、白栎灌丛,108.1299519,29.3682416
2160,33.680564880371094,12.544733047485352,193.22276306152344,17.4739990234375,0.0015289715956896544,0.005024234298616648,,0.001071278820745647,0.009448780678212643,,673.233304767981,31712.94426058036,2,SC4,169.91397094726562,茅栗、白栎灌丛,108.1349854,29.36750921
2161,19.62070083618164,6.599802494049072,65.2956771850586,9.143381118774414,0.001051441882736981,0.006039961241185665,,-0.003825612,0.017388328909873962,,1657.205029853324,30941.33125410418,2,SC4,12.424858093261719,茅栗、白栎灌丛,108.1472811,29.36791012
2162,20.123605728149414,8.677186965942383,160.6588897705078,9.3320951461792,0.0004164177516940981,0.003886627731844783,,-0.019031642,0.1789773404598236,,1520.053161318921,30893.73710365565,2,SC4,65.2515640258789,茅栗、白栎灌丛,108.1446467,29.36522715
2163,22.816102981567383,5.035749912261963,113.81231689453125,10.335699081420898,0.0002268659445689991,0.0030815312638878822,,-0.003423863,0.00960230827331543,,1968.0037039070755,42101.50280926488,2,SO1,56.628292083740234,栓皮栎、麻栎灌丛,107.9721754,29.36965352
2164,51.512142181396484,11.078752517700195,343.8672122955322,32.93607711791992,0.0009132270351983607,0.006753975059837103,,-0.002927664,0.010687537491321564,,1777.3804650944335,41941.46209493244,2,SO1,68.8949203491211,栓皮栎、麻栎灌丛,107.9763524,29.3715694
2165,33.318843841552734,8.338661193847656,34.80723190307617,16.831636428833008,-0.000820582,0.006748438347131014,,-0.000132206,0.00973600149154663,,986.1221795410472,30381.720126685563,2,SC4,97.44633483886719,茅栗、白栎灌丛,108.1541236,29.36654249
2166,22.188655853271484,16.774946212768555,49.85678482055664,12.878982543945312,-4.97E-05,0.010704669170081615,,-0.002223985,0.04550377279520035,,1803.834558016245,42411.03893938417,2,SO1,14.368209838867188,栓皮栎、麻栎灌丛,107.9696012,29.37131721
2167,53.18679428100586,6.695798397064209,340.1817169189453,33.671165466308594,-0.001387678,0.006246906239539385,,0.0021740279626101255,0.008087213151156902,,1809.805925701553,41899.47212272926,2,SO1,66.85867309570312,栓皮栎、麻栎灌丛,107.9766509,29.37129418
2168,20.394426345825195,6.784653186798096,113.79286193847656,9.43567943572998,-0.000396002,0.004780168645083904,,0.001481673214584589,0.02232254669070244,,2187.065575611486,42064.94624399156,2,SO1,66.46430206298828,栓皮栎、麻栎灌丛,107.9707396,29.36773138
2169,47.760528564453125,7.836732864379883,347.69980907440186,28.098636627197266,-0.002298304,0.004088832065463066,,0.0056258440017700195,0.004873411729931831,,1842.2313610232263,41857.48240050408,2,SO1,54.32394027709961,栓皮栎、麻栎灌丛,107.9769494,29.37101897
2170,39.3743782043457,11.869165420532227,359.9706367775798,21.744861602783203,-0.003664104,0.0012187020620331168,,0.01067044585943222,0.016400247812271118,,1865.3927232672904,41780.118527960745,2,SO1,31.479705810546875,栓皮栎、麻栎灌丛,107.9778645,29.37086425
2171,24.324443817138672,6.74679708480835,24.894010543823242,11.74194049835205,-0.00176025,0.004470438230782747,,-0.001259119,0.008343514986336231,,1808.5124431719782,41579.594541960396,2,SO1,61.146888732910156,栓皮栎、麻栎灌丛,107.9814211,29.37159034
2172,24.564346313476562,8.835996627807617,332.22714614868164,11.892416954040527,0.0005164253525435925,0.005969346966594458,,-0.00520867,0.048694364726543427,,1330.4027236080788,30545.2426296987,2,SC4,106.8931655883789,茅栗、白栎灌丛,108.150334,29.36551498
2173,10.713297843933105,9.621678352355957,279.115478515625,4.989411354064941,-1.86E-05,0.001862813369370997,,0.003487577196210623,0.024476183578372,,159.32979909356607,25552.79843003291,7,SC2,29.71628761291504,夏稻、冬小麦、蚕豆、玉米；大豆、冬油菜；茶、油桐、棕榈；杨梅、苹果,108.2287855,29.36274059
2174,11.29835319519043,7.973598957061768,324.8683319091797,5.898882865905762,0.001073248335160315,0.004010012373328209,,-0.026104882,0.05716704577207565,,401.5992300917746,25596.313162887527,7,SC2,19.180418014526367,夏稻、冬小麦、蚕豆、玉米；大豆、冬油菜；茶、油桐、棕榈；杨梅、苹果,108.2312075,29.36483679
2175,19.841163635253906,6.882265090942383,79.70352935791016,9.125945091247559,0.0003636103356257081,0.003533662064000964,,0.0026363003998994827,0.011743479408323765,,680.4863331185517,24842.000248138556,2,SC2,51.08609390258789,夏稻、冬小麦、蚕豆、玉米；大豆、冬油菜；茶、油桐、棕榈；杨梅、苹果,108.2407335,29.36261865
2176,18.547386169433594,12.361812591552734,84.34342193603516,8.97549819946289,0.004087598063051701,0.005510563962161541,,0.39020752906799316,2.2261393070220947,,2024.113934387906,42418.52907699111,2,SO1,20.757253646850586,夏稻、冬小麦、蚕豆、玉米；大豆、冬油菜；茶、油桐、棕榈；杨梅、苹果,107.9677104,29.36954055
2177,24.617565155029297,6.6413893699646,359.19238740205765,11.503931999206543,-0.000654755,0.0031012455001473427,,0.002046790439635515,0.006025627255439758,,1940.4352242319512,41503.425886922276,2,SO1,21.93120002746582,栓皮栎、麻栎灌丛,107.9812225,29.37038635
2178,22.17807388305664,4.988316535949707,346.28120040893555,10.206563949584961,0.0008118503610603511,0.001981695182621479,,-0.002892533,0.007640940137207508,,1947.1404688233788,41413.693717957955,2,SO1,18.99051284790039,栓皮栎、麻栎灌丛,107.9824478,29.37035892
2179,28.582298278808594,6.505894184112549,348.43749809265137,13.648159980773926,-0.001280409,0.006762676872313023,,-0.001752932,0.01334114745259285,,1887.4728169545635,41354.88763564739,2,SO1,20.82561492919922,栓皮栎、麻栎灌丛,107.9832519,29.37034092
2180,19.895408630371094,7.166127681732178,298.6888084411621,9.254249572753906,0.0009837192483246326,0.004938652738928795,,0.0026272775139659643,0.019765716046094894,,407.4323089884976,24525.296066903356,2,SC2,45.355560302734375,夏稻、冬小麦、蚕豆、玉米；大豆、冬油菜；茶、油桐、棕榈；杨梅、苹果,108.246445,29.36282079
2181,25.438852310180664,6.413981914520264,4.44949197769165,11.993792533874512,-0.000943679,0.0030600009486079216,,0.001602853531949222,0.005440609995275736,,1937.6558102026427,41525.882016441785,2,SO1,23.54617691040039,栓皮栎、麻栎灌丛,107.9809162,29.3703932
2182,32.91353988647461,11.653406143188477,17.055660247802734,17.164199829101562,0.0009780414402484894,0.005394176580011845,,-0.002568916,0.019765561446547508,,2045.511988159812,41441.80607710482,2,SO1,45.01531982421875,栓皮栎、麻栎灌丛,107.9810816,29.36942839
2183,26.850971221923828,6.145601272583008,351.093861579895,12.8179931640625,-0.002853528,0.004815383814275265,,0.0021418454125523567,0.010317886248230934,,1987.630728346837,41400.779888948295,7,SO1,24.860403060913086,栓皮栎、麻栎灌丛,107.9822456,29.3699942
2184,26.147035598754883,14.003296852111816,203.78431701660156,14.252619743347168,-0.000469219,0.008600168861448765,,0.01530877873301506,0.037370193749666214,,29.018895222418973,29654.11961280975,2,SC4,26.535594940185547,茅栗、白栎灌丛,108.1649355,29.36614933
2185,9.243026733398438,7.290802478790283,294.49048614501953,4.272988319396973,0.00013296163524501026,0.0022260919213294983,,0.002538336208090186,0.027620866894721985,,265.6759329525858,25503.16806598525,7,SC2,12.720490455627441,夏稻、冬小麦、蚕豆、玉米；大豆、冬油菜；茶、油桐、棕榈；杨梅、苹果,108.2309722,29.36362796
2186,6.693424701690674,3.3707528114318848,256.6591033935547,2.8156814575195312,0.0009109288803301752,0.0006257627392187715,,-0.008221624,0.021257027983665466,,364.4575096333823,25344.312144237225,7,SC2,5.126175880432129,夏稻、冬小麦、蚕豆、玉米；大豆、冬油菜；茶、油桐、棕榈；杨梅、苹果,108.2337002,29.36363899
2187,24.007680892944336,5.91580057144165,347.39299964904785,11.069920539855957,-0.001140182,0.004570124205201864,,0.0006548250094056129,0.012489242479205132,,1943.5431975716879,41371.68263524545,7,SO1,22.47643280029297,栓皮栎、麻栎灌丛,107.9827463,29.3700837
2188,23.87746238708496,6.235244274139404,7.659780979156494,11.178326606750488,-0.002404637,0.006381167098879814,,-0.000173351,0.014238526113331318,,1940.8529262633067,41329.67176199518,7,SO1,19.17321014404297,栓皮栎、麻栎灌丛,107.9830448,29.36980847
2189,26.059762954711914,6.616218566894531,1.5355762243270874,12.608792304992676,-0.001570569,0.006392280105501413,,0.0025033156853169203,0.017921827733516693,,1898.8080006892535,41326.869546800124,7,SO1,23.179773330688477,栓皮栎、麻栎灌丛,107.983359,29.37006998
2190,23.21471405029297,10.846037864685059,36.88758850097656,12.148408889770508,-0.002425135,0.007780473679304123,,0.0073508163914084435,0.018333138898015022,,1928.9135056927728,41297.45862408767,7,SO1,15.989352226257324,栓皮栎、麻栎灌丛,107.9833472,29.36966743
2191,15.277144432067871,14.326316833496094,122.35225677490234,8.036270141601562,-8.62E-05,0.006404239218682051,,0.029502930119633675,0.048790570348501205,,28.007443206440545,29667.715093019404,7,SC4,14.454954147338867,茅栗、白栎灌丛,108.1643827,29.36589394
2192,20.31282615661621,8.073287010192871,162.39430236816406,9.58362865447998,0.0005032935878261924,0.004812047816812992,,-0.001507893,0.02105354145169258,,510.4284860028631,29177.41171747311,2,SC4,113.8255844116211,茅栗、白栎灌丛,108.1699721,29.36426263
2193,15.940164566040039,6.500667572021484,348.3786430358887,7.257273197174072,0.0007245548767969012,0.003924648743122816,,0.0037803854793310165,0.03948526829481125,,303.84615177087795,25754.14166570103,7,SC2,29.53641128540039,夏稻、冬小麦、蚕豆、玉米；大豆、冬油菜；茶、油桐、棕榈；杨梅、苹果,108.2253002,29.36270812
2194,4.4067559242248535,3.755296468734741,259.32637786865234,2.1446149349212646,0.00041239726124331355,0.0008462409023195505,,-0.027169704,0.04962773621082306,,420.06413710818794,25402.871693492652,7,SC2,3.745107889175415,夏稻、冬小麦、蚕豆、玉米；大豆、冬油菜；茶、油桐、棕榈；杨梅、苹果,108.2335964,29.36423223
2195,6.385875225067139,4.588360786437988,296.7195701599121,3.310317039489746,4.792636900674552e-05,0.0014814295573160052,,0.02800898626446724,0.0687616616487503,,379.0925777965992,25294.798225406375,7,SC2,5.494633674621582,夏稻、冬小麦、蚕豆、玉米；大豆、冬油菜；茶、油桐、棕榈；杨梅、苹果,108.2343004,29.36347674
2196,18.357824325561523,6.411157608032227,59.6190185546875,8.54277229309082,0.000590602750889957,0.004229798913002014,,-0.003269247,0.014763574115931988,,646.0329578878775,24910.350089686708,2,SC2,38.29922103881836,夏稻、冬小麦、蚕豆、玉米；大豆、冬油菜；茶、油桐、棕榈；杨梅、苹果,108.2397171,29.36271816
2197,11.520814895629883,6.334906101226807,296.5646629333496,5.457595348358154,-0.000204814,0.002015827689319849,,0.006185412406921387,0.01597794145345688,,108.25302166384652,24300.874948863675,7,SC2,9.805106163024902,夏稻、冬小麦、蚕豆、玉米；大豆、冬油菜；茶、油桐、棕榈；杨梅、苹果,108.2513497,29.36353169
2198,30.695484161376953,7.294774532318115,233.71265411376953,14.914518356323242,-0.000597827,0.003812897251918912,,0.004566721618175507,0.010977048426866531,,904.4768311887418,31403.482007703362,2,SC4,31.03594207763672,茅栗、白栎灌丛,108.1379308,29.36608513
2199,32.18696594238281,8.44107437133789,273.7020263671875,16.172595977783203,0.0007020882912911475,0.007369976956397295,,-0.004194784,0.021388797089457512,,631.0981568390707,29995.95738061668,2,SO1,50.33679962158203,茅栗、白栎灌丛,108.1575034,29.36452863
2200,5.644989967346191,3.4999990463256836,249.92498016357422,2.603212833404541,0.00022770767100155354,0.0012458725832402706,,-0.011248124,0.027220088988542557,,381.14865586526946,25398.234987118023,7,SC2,5.042170524597168,夏稻、冬小麦、蚕豆、玉米；大豆、冬油菜；茶、油桐、棕榈；杨梅、苹果,108.2332817,29.36397136
2201,4.058116436004639,2.822108268737793,258.4182357788086,2.051064968109131,1.9723751393030398e-05,0.0006185069214552641,,0.011454141698777676,0.05195881426334381,,313.83062661222175,25358.274906000832,7,SC2,1.1219815015792847,夏稻、冬小麦、蚕豆、玉米；大豆、冬油菜；茶、油桐、棕榈；杨梅、苹果,108.2330793,29.36338554
2202,14.53720474243164,9.872314453,196.38426208496094,6.598503589630127,0.0012050789082422853,0.004398738965392113,,0.03201852738857269,0.04962179437279701,,385.9727219515381,25235.010603261977,7,SC2,10.452095031738281,夏稻、冬小麦、蚕豆、玉米；大豆、冬油菜；茶、油桐、棕榈；杨梅、苹果,108.2348394,29.36315785
2203,10.745816230773926,7.39505672454834,276.38507080078125,5.69022798538208,-0.000220646,0.0019525893731042743,,0.01103292591869831,0.027643125504255295,,84.81497279312609,24282.27587171596,2,SC2,9.242332458496094,茅栗、白栎灌丛,108.251656,29.36352422
2204,10.938929557800293,9.0748872756958,259.5442886352539,5.862419605255127,-0.000493806,0.00172072509303689,,0.017756609246134758,0.029026078060269356,,66.473279968498,24259.04017206862,2,SC2,6.660237789154053,茅栗、白栎灌丛,108.2516474,29.36325592
2205,27.022296905517578,8.46119213104248,41.35768508911133,12.448615074157715,-0.009922386,0.007589287590235472,,0.008639952167868614,0.007553352043032646,,2055.9889207128886,41327.097187530395,2,SO1,13.200170516967773,栓皮栎、麻栎灌丛,107.9822555,29.36902051
2206,36.16316223144531,7.595393657684326,307.2416343688965,18.559736251831055,-0.003251659,0.008359328843653202,,0.0005023064441047609,0.00680713402107358,,919.7878063012055,30219.789912931155,2,SO1,71.35307312011719,茅栗、白栎灌丛,108.1545145,29.36488123
2207,33.220680236816406,7.412067890167236,338.55330085754395,16.602832794189453,0.0019924980588257313,0.003483362030237913,,-0.002928264,0.006160529796034098,,1102.1744374968468,30376.859911480213,2,SO1,33.03252410888672,茅栗、白栎灌丛,108.1527196,29.36536485
2208,26.501440048217773,15.951889991760254,158.27548217773438,12.31027603149414,0.0023347390815615654,0.006993024609982967,,0.010228271596133709,0.017615124583244324,,45.587779058881935,29528.12729935437,2,SC4,33.8625602722168,茅栗、白栎灌丛,108.1652002,29.36484927
2209,22.707889556884766,11.446436882019043,3.293900728225708,10.926248550415039,0.002550435485318303,0.005621571093797684,,0.006218886934220791,0.01927861012518406,,154.63354941253377,29690.64702231169,7,SC4,43.430477142333984,茅栗、白栎灌丛,108.1629453,29.36507456
2210,10.32386589050293,5.225863456726074,133.9152069091797,4.756086826324463,0.0004490126739256084,0.0025322535075247288,,0.010675003752112389,0.01985546387732029,,455.7667654319599,25218.77325278003,7,SC2,4.4244160652160645,夏稻、冬小麦、蚕豆、玉米；大豆、冬油菜；茶、油桐、棕榈；杨梅、苹果,108.2355326,29.3634334
2211,29.8309326171875,11.516932487487793,141.9547576904297,14.880404472351074,0.00013110922009218484,0.003506491659209132,,-0.000340313,0.021861787885427475,,225.5237554956308,23932.281312258016,2,SC2,87.24430847167969,茅栗、白栎灌丛,108.2527452,29.3602892
2212,26.71959686279297,9.529608726501465,33.32354736328125,13.228650093078613,0.0012050016084685922,0.005219670943915844,,0.0005472437478601933,0.01260311808437109,,2050.979149895998,41633.0852661027,2,SO1,68.28382873535156,栓皮栎、麻栎灌丛,107.978192,29.36920668
2213,30.48403549194336,10.952269554138184,12.242366790771484,14.944857597351074,0.0015220970381051302,0.006066156551241875,,0.012726073153316975,0.04932278022170067,,206.1740515848074,29700.63369517466,7,SC4,58.71164321899414,茅栗、白栎灌丛,108.1622488,29.36466006
2214,27.00278091430664,9.169662475585938,153.1505584716797,12.96676254272461,0.0013358084252104163,0.005412566475570202,,0.005696781910955906,0.015776896849274635,,490.33875059208617,25042.33120918783,2,SC2,45.249637603759766,夏稻、冬小麦、蚕豆、玉米；大豆、冬油菜；茶、油桐、棕榈；杨梅、苹果,108.2370704,29.36245726
2215,24.543115615844727,11.87869644165039,151.92031860351562,12.620794296264648,0.0010304078459739685,0.005167251452803612,,-0.535398006,3.311413049697876,,620.4804178069941,25023.028528529198,2,SC2,32.54323959350586,夏稻、冬小麦、蚕豆、玉米；大豆、冬油菜；茶、油桐、棕榈；杨梅、苹果,108.2383253,29.36307019
2216,29.35549545288086,9.383341789245605,188.36256408691406,14.698371887207031,-0.003841672,0.004999745171517134,,0.0019404797349125147,0.01134283933788538,,1018.8815865553692,31231.38948255458,2,SC4,32.373321533203125,茅栗、白栎灌丛,108.1393803,29.36514275
2217,5.311482906341553,2.290555000305176,235.89115142822266,2.518014907836914,0.0005163944442756474,0.0016738588456064463,,0.012311717495322227,0.0478765070438385,,253.35786039859894,25378.31195476126,7,SC2,4.813694477081299,夏稻、冬小麦、蚕豆、玉米；大豆、冬油菜；茶、油桐、棕榈；杨梅、苹果,108.2322985,29.36309491
2218,5.507252216339111,2.4599087238311768,247.17049407958984,2.499518394470215,-0.000418147,0.0008328102412633598,,0.004881803411990404,0.02352171577513218,,238.58362478014445,25283.604896193152,7,SC2,4.329378604888916,夏稻、冬小麦、蚕豆、玉米；大豆、冬油菜；茶、油桐、棕榈；杨梅、苹果,108.2331703,29.36260167
2219,6.5556321144104,5.146390914916992,231.08401489257812,3.0771310329437256,-0.000415188,0.0014462590916082263,,0.016913650557398796,0.02993711456656456,,300.7056189638793,25268.09076660705,7,SC2,3.175194501876831,夏稻、冬小麦、蚕豆、玉米；大豆、冬油菜；茶、油桐、棕榈；杨梅、苹果,108.2338602,29.36288327
2220,13.117874145507812,5.074451923370361,97.26749420166016,6.364935398101807,-0.000563322,0.004859957378357649,,-0.000541308,0.01569274626672268,,406.54629562173847,25114.66265188427,2,SC2,9.608599662780762,夏稻、冬小麦、蚕豆、玉米；大豆、冬油菜；茶、油桐、棕榈；杨梅、苹果,108.235865,29.36247659
2221,9.333818435668945,8.670397758483887,213.4084014892578,4.376536846160889,0.0005507968016900122,0.003007872262969613,,0.023911062628030777,0.03795850649476051,,318.5606861127357,25249.49126191001,7,SC2,6.786219120025635,夏稻、冬小麦、蚕豆、玉米；大豆、冬油菜；茶、油桐、棕榈；杨梅、苹果,108.2341665,29.36287584
2222,6.713883876800537,5.784793376922607,211.81137084960938,3.072301149368286,-0.000191045,0.0015977293951436877,,0.016527768224477768,0.03329446539282799,,276.731147306002,25244.85446898913,7,SC2,3.022310972213745,夏稻、冬小麦、蚕豆、玉米；大豆、冬油菜；茶、油桐、棕榈；杨梅、苹果,108.2338517,29.36261497
2223,23.07379913330078,7.495457649230957,102.50420379638672,10.7109375,0.0006236645858734846,0.004421476740390062,,0.00037385590258054435,0.009703372605144978,,2281.2993594118757,42282.76917862662,2,SO1,36.17710876464844,夏稻、冬小麦、蚕豆、玉米；大豆、冬油菜；茶、油桐、棕榈；杨梅、苹果,107.9672863,29.36725109
2224,23.498701095581055,7.72515869140625,56.59767532348633,10.894121170043945,-0.00025053,0.004388739820569754,,-0.001420683,0.010228284634649754,,2338.838426772349,42095.703435369454,2,SO1,72.21402740478516,栓皮栎、麻栎灌丛,107.9691001,29.36650862
2225,20.473310470581055,6.2930216789245605,123.34790802001953,9.545157432556152,0.00028308306355029345,0.005810893606394529,,0.00315986224450171,0.01152811385691166,,2150.26906366673,42355.67930754445,2,SO1,15.144673347473145,夏稻、冬小麦、蚕豆、玉米；大豆、冬油菜；茶、油桐、棕榈；杨梅、苹果,107.967455,29.36842323
2226,26.01306915283203,11.354134559631348,327.3924446105957,12.466813087463379,-0.000507197,0.00494054239243269,,0.004844441078603268,0.01121918298304081,,2137.468542585797,41460.75529129241,2,SO1,29.8632869720459,栓皮栎、麻栎灌丛,107.9798808,29.36852581
2227,30.05573081970215,10.077985763549805,340.91896629333496,14.850461959838867,0.0013951052678748965,0.00734735606238246,,0.0031289588660001755,0.010144324041903019,,2214.317606319381,41433.63109546145,2,SO1,40.775909423828125,栓皮栎、麻栎灌丛,107.9795179,29.3678097
2228,42.19099044799805,20.37006950378418,349.82310009002686,27.221019744873047,0.009266701526939869,0.011241091415286064,,-0.045535631,0.1079346314072609,,2169.572533694226,41338.84767346341,2,SO1,32.204349517822266,栓皮栎、麻栎灌丛,107.9813667,29.36832428
2229,31.01590919494629,10.205464363098145,178.39547729492188,16.074695587158203,-0.001875951,0.005701159592717886,,0.0015773053746670485,0.014009815640747547,,1054.8379875087974,31178.98514797752,2,SC4,30.98665428161621,茅栗、白栎灌丛,108.1398315,29.3648636
2230,20.38612174987793,7.845632553100586,180.9707794189453,9.57352066040039,-0.001392484,0.005107492208480835,,-0.000996638,0.011545236222445965,,626.2842413020821,29024.11724490537,2,SC4,114.79016876220703,茅栗、白栎灌丛,108.1708458,29.36309948
2231,10.077133178710938,8.762463569641113,200.4773712158203,4.767533302307129,0.0005868895095773041,0.0010740039870142937,,0.01501120999455452,0.02426864393055439,,251.61995973934583,25198.37658573681,7,SC2,7.306914806365967,夏稻、冬小麦、蚕豆、玉米；大豆、冬油菜；茶、油桐、棕榈；杨梅、苹果,108.2339913,29.36218196
2232,36.98114776611328,15.061103820800781,320.09954833984375,21.362289428710938,0.0006632443983107805,0.006185026839375496,,-0.002468492,0.016821391880512238,,2216.1558056565073,41681.38202017371,2,SO1,129.14588928222656,栓皮栎、麻栎灌丛,107.9758517,29.36757441
2233,33.80757522583008,11.424986839294434,298.91686248779297,17.616079330444336,0.0025137709453701973,0.008853860199451447,,0.0035253444220870733,0.014417340978980064,,267.7509761115646,29685.59553701849,2,SC4,54.188934326171875,茅栗、白栎灌丛,108.161095,29.36358688
2234,20.150997161865234,14.73316764831543,328.88880348205566,10.281672477722168,0.00252696149982512,0.008071057498455048,,0.03396347537636757,0.034949369728565216,,47.44476122551552,29512.888976399296,7,SC4,12.705158233642578,茅栗、白栎灌丛,108.1636963,29.36352041
2235,16.930557250976562,10.198478698730469,195.07009887695312,8.067362785339355,-0.000566059,0.004384061321616173,,0.020018888637423515,0.030136454850435257,,18.71069653525577,29493.920631607543,7,SC4,16.77767562866211,茅栗、白栎灌丛,108.1646309,29.36400841
2236,14.671259880065918,9.340618133544922,199.54168701171875,7.246099948883057,-0.001068812,0.0033354787155985832,,0.030629176646471024,0.05130573362112045,,6.282425473990078,29492.17635107726,7,SC4,10.948431015014648,茅栗、白栎灌丛,108.1643163,29.36374736
2237,5.748714447021484,3.580286741256714,229.42137145996094,2.3165571689605713,-2.39E-05,0.001385786454193294,,0.02079501561820507,0.018103916198015213,,146.98490329893679,25190.43676277019,7,SC2,2.9860193729400635,夏稻、冬小麦、蚕豆、玉米；大豆、冬油菜；茶、油桐、棕榈；杨梅、苹果,108.2331834,29.36155714
2238,22.761741638183594,7.256932258605957,134.68804931640625,10.346315383911133,0.006387845613062382,0.0036199751775711775,,-0.015720334,0.012204412370920181,,348.60006391473695,25137.92052453322,2,SC2,7.2046027183532715,夏稻、冬小麦、蚕豆、玉米；大豆、冬油菜；茶、油桐、棕榈；杨梅、苹果,108.2352213,29.36231321
2239,11.24989128112793,11.823845863342285,260.0325241088867,5.382760047912598,0.0006567076197825372,0.002659068675711751,,0.024105895310640335,0.07413451373577118,,200.39123520978006,25094.01257258256,7,SC2,16.636425018310547,夏稻、冬小麦、蚕豆、玉米；大豆、冬油菜；茶、油桐、棕榈；杨梅、苹果,108.2343089,29.3612125
2240,34.840843200683594,7.226832866668701,345.9886245727539,17.212646484375,-0.00412179,0.009725416079163551,,0.0013203410198912024,0.008580970577895641,,923.8701679699035,30180.93151360366,2,SO1,40.89984130859375,茅栗、白栎灌丛,108.1542937,29.36423113
2241,21.90044403076172,8.711087226867676,142.3823699951172,10.255171775817871,0.0006125164218246937,0.0038927318528294563,,-0.001572387,0.013881636783480644,,588.798403524562,28983.623378476517,2,SC4,118.81710052490234,茅栗、白栎灌丛,108.1703933,29.36228354
2242,10.518280029296875,4.772219657897949,15.618304252624512,4.674631595611572,-0.000198777,0.0025200084783136845,,0.0014259652234613895,0.02211887203156948,,352.08822416140475,25612.231195227985,7,SC2,18.890628814697266,夏稻、冬小麦、蚕豆、玉米；大豆、冬油菜；茶、油桐、棕榈；杨梅、苹果,108.223727,29.36006152
2243,24.426258087158203,9.93035888671875,182.607177734375,11.841412544250488,0.0010614529019221663,0.00624800194054842,,8.254507520177867e-06,0.020333509892225266,,328.5446866382423,24926.374004957586,2,SC2,57.452579498291016,夏稻、冬小麦、蚕豆、玉米；大豆、冬油菜；茶、油桐、棕榈；杨梅、苹果,108.2366434,29.36086362
2244,29.120811462402344,6.520358562469482,335.2416591644287,14.01274299621582,-0.006702679,0.007184956222772598,,0.006319509353488684,0.005426468793302774,,790.4318112173524,30052.124927998888,2,SO1,24.116222381591797,茅栗、白栎灌丛,108.1555795,29.36368603
2245,29.381847381591797,10.646188735961914,20.953454971313477,14.533984184265137,-0.000391237,0.0049512553960084915,,-0.001351049,0.010967313311994076,,1181.7835243320649,30300.23766923836,2,SC4,134.20640563964844,茅栗、白栎灌丛,108.1514974,29.3634549
2246,28.604267120361328,7.769550323486328,2.5539438724517822,13.90452766418457,-0.006675787,0.005717832129448652,,0.007288971450179815,0.007211386226117611,,713.2356757143826,29979.100119289415,2,SO1,18.620004653930664,茅栗、白栎灌丛,108.1563369,29.36339957
2247,27.57521629333496,9.709525108337402,27.12347412109375,13.953293800354004,-0.003540049,0.00962768029421568,,0.017380332574248314,0.023531580343842506,,598.145089397307,29879.35586342046,2,SO1,16.704647064208984,茅栗、白栎灌丛,108.1574924,29.36310367
2248,16.31186294555664,9.700718879699707,289.19136810302734,7.380638599395752,-0.000206586,0.004130144137889147,,0.0014077532105147839,0.021703673526644707,,256.39243622752736,25712.746593119762,7,SC2,20.615806579589844,夏稻、冬小麦、蚕豆、玉米；大豆、冬油菜；茶、油桐、棕榈；杨梅、苹果,108.2262946,29.36289886
2249,3.10200834274292,1.9327932596206665,248.01128387451172,1.4674606323242188,-2.30E-05,0.0006674614851363003,,0.022493062540888786,0.05772511288523674,,111.40197629855675,25226.307102377956,11,SC2,1.8343045711517334,夏稻、冬小麦、蚕豆、玉米；大豆、冬油菜；茶、油桐、棕榈；杨梅、苹果,108.2325929,29.36157147
2250,21.62931251525879,10.209534645080566,30.726163864135742,10.297053337097168,0.0005676551954820752,0.0035155625082552433,,0.013682391494512558,0.05822908133268356,,511.74701172023794,24617.752039366875,2,SC2,43.73948669433594,夏稻、冬小麦、蚕豆、玉米；大豆、冬油菜；茶、油桐、棕榈；杨梅、苹果,108.243165,29.3616939
2251,15.32654857635498,7.64760160446167,104.84774780273438,7.939440727233887,0.0011010043090209365,0.00534749124199152,,-0.025232276,0.050564974546432495,,2212.0333855811077,42474.893858642245,2,SO1,9.448297500610352,夏稻、冬小麦、蚕豆、玉米；大豆、冬油菜；茶、油桐、棕榈；杨梅、苹果,107.9653561,29.36794435
2252,25.89626693725586,8.096923828,159.60348510742188,12.671317100524902,0.0014748726971447468,0.007208552211523056,,0.0022978323977440596,0.015276307240128517,,2175.0582896930277,42432.69993890892,2,SO1,25.545564651489258,夏稻、冬小麦、蚕豆、玉米；大豆、冬油菜；茶、油桐、棕榈；杨梅、苹果,107.9651269,29.36712907
2253,21.736238479614258,11.554577827453613,341.6379165649414,13.115752220153809,-0.005254317,0.007755965925753117,,0.04382777959108353,0.06573250889778137,,2301.125962855514,41377.303784573065,2,SO1,6.808335781097412,栓皮栎、麻栎灌丛,107.9794896,29.36702355
2254,26.240081787109375,9.386592864990234,326.6540069580078,12.29777717590332,0.0013542784145101905,0.005572208669036627,,-0.002117322,0.015601430088281631,,1341.2219455312058,30279.990513560115,2,SC4,103.921875,茅栗、白栎灌丛,108.1498448,29.36188915
2255,20.271305084228516,3.831216335296631,338.3389778137207,9.245217323303223,0.002844778122380376,0.0023726087529212236,,-0.003250606,0.008267587050795555,,1573.6942887902765,30555.92352455521,2,SC4,17.58866310119629,茅栗、白栎灌丛,108.1474469,29.36334132
2256,7.118524551391602,3.761545181274414,249.57308959960938,3.848623514175415,-0.001879696,0.002372497459873557,,0.0323871374130249,0.0186708252876997,,42.4930707701723,29486.795252173575,7,SC4,2.1316068172454834,茅栗、白栎灌丛,108.1632677,29.36287719
2257,26.691707611083984,9.402820587158203,188.9276885986328,12.860651969909668,2.4839559046085924e-05,0.00843262579292059,,0.00042651494732126594,0.017857622355222702,,312.01652531598916,29171.917777035353,2,SC4,88.15522003173828,茅栗、白栎灌丛,108.1674432,29.36230198
2258,8.121806144714355,7.340859413146973,282.4512710571289,3.762413501739502,-0.001080455,0.0011797023471444845,,0.020932426676154137,0.05949804186820984,,62.54282946023345,25519.263119832438,7,SC2,6.644785404205322,夏稻、冬小麦、蚕豆、玉米；大豆、冬油菜；茶、油桐、棕榈；杨梅、苹果,108.2273784,29.36142936
2259,15.324991226196289,9.547724723815918,263.2030258178711,7.265298366546631,0.0010151035385206342,0.0037828998174518347,,0.0013773809187114239,0.03662955388426781,,317.7225236489771,24437.06156176921,2,SC2,34.764251708984375,夏稻、冬小麦、蚕豆、玉米；大豆、冬油菜；茶、油桐、棕榈；杨梅、苹果,108.2473407,29.36241655
2260,21.6429443359375,7.293241500854492,201.21580505371094,11.677433013916016,0.0019397318828850985,0.0043184650130569935,,0.0005513252690434456,0.02896573580801487,,2053.130056003979,42524.28676850505,2,SO1,11.301224708557129,夏稻、冬小麦、蚕豆、玉米；大豆、冬油菜；茶、油桐、棕榈；杨梅、苹果,107.9638592,29.36710356
2261,24.535404205322266,10.234989166259766,347.7633466720581,12.788522720336914,-0.004513225,0.006205222103744745,,0.003558206604793668,0.021519210189580917,,2356.4876617414297,41404.41501006968,2,SO1,22.310386657714844,栓皮栎、麻栎灌丛,107.9785446,29.3664669
2262,32.52155685424805,7.647279739379883,23.439802169799805,15.50465202331543,0.007504458073526621,0.00816116388887167,,0.0005070548504590988,0.007106040138751268,,703.1910972016092,29877.188895128686,2,SO1,52.222999572753906,茅栗、白栎灌丛,108.1564023,29.36220885
2263,30.417888641357422,9.907525062561035,37.31106948852539,15.449702262878418,-0.001372048,0.009304100647568703,,0.019897060468792915,0.02135874517261982,,501.8054964577156,29792.05545771404,2,SO1,17.2341365814209,茅栗、白栎灌丛,108.1584641,29.36281212
2264,36.517677307128906,8.863812446594238,67.7811508178711,19.05886459350586,-0.001965553,0.007932022213935852,,-0.002889286,0.013380390591919422,,641.6469483798048,29759.098976257894,2,SO1,61.915672302246094,茅栗、白栎灌丛,108.1571579,29.36137143
2265,33.25934600830078,11.32570743560791,47.60076904296875,17.344694137573242,0.001528400694951415,0.007752015255391598,,0.006209231913089752,0.018597757443785667,,330.031965920499,29596.375364303658,2,SC4,66.31670379638672,茅栗、白栎灌丛,108.16031,29.36189394
2266,9.436558723449707,6.601670742034912,295.9761047363281,4.742884635925293,-0.002176572,0.002527739154174924,,0.027917927131056786,0.030734756961464882,,58.153095895648235,29464.033899492075,7,SC4,3.70333194732666,茅栗、白栎灌丛,108.1630497,29.36243483
2267,28.730789184570312,10.900440216064453,184.7999725341797,13.942427635192871,0.0014211229281499982,0.006184464320540428,,0.0036200659815222025,0.014711650088429451,,44.93320481790371,29258.242260234496,7,SC4,43.07954788208008,茅栗、白栎灌丛,108.1648901,29.36138269
2268,10.780755996704102,7.404057502746582,207.46461486816406,5.142416477203369,-0.000619308,0.0029589319601655006,,0.021777542307972908,0.031440284103155136,,0.629055253000705,29423.440655507835,7,SC4,8.8887357711792,茅栗、白栎灌丛,108.1636623,29.36242029
2269,7.434882164001465,4.0096940994262695,59.44557189941406,3.6061205863952637,0.0019260020926594734,0.002128868130967021,,-0.019276824,0.03066941536962986,,1199.9065769349968,28588.229053896335,7,SC2,2.352025270462036,茅栗、白栎灌丛,108.1767347,29.3622883
2270,16.31024932861328,6.151590824127197,317.80444717407227,7.316013813018799,0.0018124773632735014,0.003189394250512123,,-0.01285133,0.09992581605911255,,249.72540736830527,25635.709370504388,7,SC2,22.495479583740234,夏稻、冬小麦、蚕豆、玉米；大豆、冬油菜；茶、油桐、棕榈；杨梅、苹果,108.2248746,29.36108721
2271,11.531896591186523,7.628815650939941,328.9754009246826,5.247337818145752,-0.001091362,0.001389351673424244,,0.022395314648747444,0.06137575954198837,,90.90822222354635,25533.225809783347,7,SC2,10.909416198730469,夏稻、冬小麦、蚕豆、玉米；大豆、冬油菜；茶、油桐、棕榈；杨梅、苹果,108.2267574,29.36117588
2272,11.047426223754883,7.927767753601074,334.1680164337158,5.021717548370361,-0.001061709,0.0014405270339921117,,0.02456875704228878,0.06090514361858368,,76.2990309155593,25509.989230714007,7,SC2,10.861490249633789,夏稻、冬小麦、蚕豆、玉米；大豆、冬油菜；茶、油桐、棕榈；杨梅、苹果,108.226749,29.36090758
2273,3.355069637298584,2.384852647781372,215.3842010498047,1.5537344217300415,0.00038170823245309293,0.0014695082791149616,,0.0009063957841135561,0.03258958086371422,,64.30943273002248,25179.83433910711,11,SC2,2.421024799346924,夏稻、冬小麦、蚕豆、玉米；大豆、冬油菜；茶、油桐、棕榈；杨梅、苹果,108.2325759,29.36103486
2274,3.6382923126220703,3.0267817974090576,207.8878173828125,1.805720329284668,0.0005609248182736337,0.0012434691889211535,,0.01859159581363201,0.04828200489282608,,46.151821389128436,25070.60154441431,1,SC2,2.6186835765838623,夏稻、冬小麦、蚕豆、玉米；大豆、冬油菜；茶、油桐、棕榈；杨梅、苹果,108.2332012,29.36021416
2275,15.586679458618164,6.566161155700684,287.1946487426758,7.529745578765869,0.002194395987316966,0.0039004264399409294,,0.012665302492678165,0.0691072940826416,,149.6710811254741,24263.833123208253,7,SC2,10.53656005859375,夏稻、冬小麦、蚕豆、玉米；大豆、冬油菜；茶、油桐、棕榈；杨梅、苹果,108.2472664,29.36040917
2276,18.14599609,6.764034271240234,283.62705993652344,8.232967376708984,0.0025243728887289762,0.003990167751908302,,0.02012965828180313,0.057398125529289246,,108.73623905006511,24223.543777494844,7,SC2,8.20643424987793,茅栗、白栎灌丛,108.247669,29.36022035
2277,23.084447860717773,9.732641220092773,182.29579162597656,11.46617603302002,-0.001073382,0.006973632145673037,,0.029470710083842278,0.14583708345890045,,2090.1986068560095,42487.24062656235,2,SO1,21.40069580078125,夏稻、冬小麦、蚕豆、玉米；大豆、冬油菜；茶、油桐、棕榈；杨梅、苹果,107.964265,29.36700502
2278,20.169431686401367,7.447109699249268,150.33705139160156,9.277575492858887,0.0007422736380249262,0.0030814027413725853,,-0.0012883,0.006530934013426304,,2250.722219592868,42282.2566469994,2,SO1,43.52155685424805,夏稻、冬小麦、蚕豆、玉米；大豆、冬油菜；茶、油桐、棕榈；杨梅、苹果,107.966096,29.36603604
2279,34.31171798706055,17.570337295532227,343.19349670410156,20.263376235961914,-0.001919237,0.005874379072338343,,-0.000821618,0.016996774822473526,,2316.3827529707332,41690.195457770315,2,SO1,122.77042388916016,栓皮栎、麻栎灌丛,107.9747452,29.36660267
2280,24.656129837036133,11.71424674987793,17.373388290405273,12.135994911193848,0.0019244265276938677,0.005016658455133438,,0.01942094787955284,0.04339690878987312,,169.8943887559794,29373.266450368566,7,SC4,50.79813766479492,茅栗、白栎灌丛,108.1624958,29.36090846
2281,29.077190399169922,5.280327320098877,136.75433349609375,13.391339302062988,0.0009268671274185181,0.006721860729157925,,0.0015779603272676468,0.010069120675325394,,283.97038086165816,29131.851601175305,2,SC4,67.34569549560547,茅栗、白栎灌丛,108.1673186,29.36172925
2282,12.416982650756836,5.842019081115723,49.090946197509766,6.032217979431152,6.508460501208901e-05,0.003585370257496834,,-0.002132784,0.021759290248155594,,1222.890816732047,28450.895172386616,2,SC2,20.10438346862793,茅栗、白栎灌丛,108.1770107,29.36088139
2283,8.597607612609863,8.881593704223633,309.8006820678711,4.170657157897949,-0.00100592,0.0014797080075368285,,0.04758056253194809,0.11478224396705627,,50.36924981568874,25491.389615694843,1,SC2,7.460231304168701,夏稻、冬小麦、蚕豆、玉米；大豆、冬油菜；茶、油桐、棕榈；杨梅、苹果,108.2270552,29.36090016
2284,8.548651695251465,8.859841346740723,319.915771484375,4.164455890655518,-0.000892722,0.00151674950029701,,0.04960840940475464,0.11428050696849823,,35.76005325190402,25468.153038179713,1,SC2,7.428572654724121,夏稻、冬小麦、蚕豆、玉米；大豆、冬油菜；茶、油桐、棕榈；杨梅、苹果,108.2270467,29.36063186
2285,5.974728107452393,7.268432140350342,241.94046020507812,3.0369832515716553,-0.000593193,0.0014340686611831188,,0.05846516415476799,0.11400395631790161,,9.830289366570911,25449.553441090866,1,SC2,2.803704023361206,夏稻、冬小麦、蚕豆、玉米；大豆、冬油菜；茶、油桐、棕榈；杨梅、苹果,108.227353,29.36062444
2286,3.7613470554351807,3.3244454860687256,203.48495483398438,1.819306492805481,0.0002393244212726131,0.001339506357908249,,0.011699221096932888,0.023512596264481544,,22.218232866887906,25175.197412856458,1,SC2,2.222517251968384,夏稻、冬小麦、蚕豆、玉米；大豆、冬油菜；茶、油桐、棕榈；杨梅、苹果,108.2322612,29.36077399
2287,33.643226623535156,7.789699554443359,234.95319366455078,16.897058486938477,-0.003457561,0.009213346056640148,,-0.002284708,0.011807539500296116,,276.7038258856206,24721.939035307103,2,SC2,62.22893524169922,夏稻、冬小麦、蚕豆、玉米；大豆、冬油菜；茶、油桐、棕榈；杨梅、苹果,108.2382687,29.35962902
2288,23.227001190185547,7.542624473571777,326.5169982910156,10.875356674194336,0.0010047998512163758,0.004635876975953579,,0.00026746842195279896,0.013205389492213726,,267.9246405207526,24350.238432986982,2,SC2,69.3039779663086,茅栗、白栎灌丛,108.2420634,29.35794028
2289,18.0606632232666,7.6216044425964355,328.1969165802002,8.397041320800781,0.00044534390326589346,0.0030444038566201925,,0.008488363586366177,0.038838934153318405,,227.28054013926584,24329.57895275624,2,SC2,59.05571365356445,茅栗、白栎灌丛,108.2441552,29.35909206
2290,14.307641983032227,6.254902362823486,276.3387756347656,6.992652893066406,0.0019823070615530014,0.004029482137411833,,0.01578659936785698,0.06980486214160919,,169.09829733290124,24282.43219798656,7,SC2,9.948325157165527,夏稻、冬小麦、蚕豆、玉米；大豆、冬油菜；茶、油桐、棕榈；杨梅、苹果,108.2469602,29.36041663
2291,14.621461868286133,6.8966264724731445,307.4179458618164,6.8853654861450195,0.001471707597374916,0.003871869295835495,,0.03854597732424736,0.11950860172510147,,104.57529382651956,24217.36126169579,7,SC2,5.151047706604004,茅栗、白栎灌丛,108.2472494,29.35987256
2292,7.086167812347412,4.721860408782959,104.38980865478516,4.6812615394592285,-0.00065261,0.0027174544520676136,,-0.00363702,0.08145030587911606,,1962.0051011786363,42542.111705835785,2,SO1,3.8343992233276367,夏稻、冬小麦、蚕豆、玉米；大豆、冬油菜；茶、油桐、棕榈；杨梅、苹果,107.9630241,29.36649552
2293,26.046062469482422,6.74703311920166,156.63821411132812,12.28673267364502,0.0001318637077929452,0.004603097680956125,,0.00016846202197484672,0.008756136521697044,,2143.073914769603,42422.27428271763,2,SO1,22.85016632080078,夏稻、冬小麦、蚕豆、玉米；大豆、冬油菜；茶、油桐、棕榈；杨梅、苹果,107.9648699,29.36672302
2294,17.90822410583496,8.280046463012695,336.5982036590576,8.627540588378906,-0.001374582,0.00400412455201149,,-0.005642335,0.054798807948827744,,2384.19662870933,41441.50145915076,7,SO1,13.419628143310547,栓皮栎、麻栎灌丛,107.9777277,29.36616778
2295,18.233457565307617,6.707685470581055,16.411720275878906,9.267498970031738,2.3575288651045412e-05,0.0027177445590496063,,0.0027790532913058996,0.013161459006369114,,1396.5972370757345,28397.775780500684,7,SC2,11.676469802856445,茅栗、白栎灌丛,108.1788062,29.36155642
2296,9.175094604492188,8.675516128540039,3.2043724060058594,4.484251499176025,-0.000649714,0.001739133382216096,,0.04099578782916069,0.10654621571302414,,28.778196573447055,25444.91645247478,1,SC2,8.073884010314941,夏稻、冬小麦、蚕豆、玉米；大豆、冬油菜；茶、油桐、棕榈；杨梅、苹果,108.2270383,29.36036355
2297,3.7175116539001465,4.174755573272705,189.7262420654297,2.076833486557007,-6.62E-05,0.0007895666640251875,,0.05777452141046524,0.11434649676084518,,16.099463285653833,25430.953852189064,1,SC2,2.373133897781372,夏稻、冬小麦、蚕豆、玉米；大豆、冬油菜；茶、油桐、棕榈；杨梅、苹果,108.2276592,29.36061702
2298,8.750570297241211,5.205715656280518,175.00872802734375,3.859154462814331,0.0007555804331786931,0.0014094176003709435,,0.00416087219491601,0.040324773639440536,,35.16694212816926,25314.06531388657,1,SC2,7.641820430755615,夏稻、冬小麦、蚕豆、玉米；大豆、冬油菜；茶、油桐、棕榈；杨梅、苹果,108.2278827,29.35944359
2299,8.70246410369873,5.4079718589782715,160.37046813964844,3.899970293045044,0.0008816284243948758,0.0010980165097862482,,0.00759414117783308,0.014737366698682308,,55.94413635409988,25377.499456756435,1,SC2,6.298348903656006,夏稻、冬小麦、蚕豆、玉米；大豆、冬油菜；茶、油桐、棕榈；杨梅、苹果,108.2279527,29.36020715
2300,8.88761043548584,3.8491244316101074,96.46601104736328,3.8694119453430176,0.0007136202184483409,0.0010041147470474243,,0.0059028309769928455,0.019615579396486282,,111.78408676294752,25266.642691593715,7,SC2,8.184111595153809,夏稻、冬小麦、蚕豆、玉米；大豆、冬油菜；茶、油桐、棕榈；杨梅、苹果,108.2299804,29.36029706
2301,15.833449363708496,8.037031173706055,296.87802505493164,7.586624622344971,0.0014136804966256022,0.0034066024236381054,,0.030833682045340538,0.06971374154090881,,65.72090963071267,24180.163160347376,7,SC2,12.724016189575195,茅栗、白栎灌丛,108.2478618,29.35985764
2302,12.05885124206543,3.848195791244507,335.89329528808594,5.959453105926514,-6.65E-05,0.003742335131391883,,0.009980957955121994,0.017235776409506798,,2415.232168890044,41410.90187502081,2,SO1,6.334585666656494,栓皮栎、麻栎灌丛,107.9778731,29.36589599
2303,20.529050827026367,11.429265975952148,59.340904235839844,9.715509414672852,0.00159733509644866,0.0023596796672791243,,-0.005751931,0.013307572342455387,,1397.263161475971,28244.764472190913,2,SC2,41.55194091796875,茅栗、白栎灌丛,108.1786944,29.35968944
2304,12.8364839553833,7.601644515991211,11.269780158996582,6.060253620147705,0.000594769255258143,0.0029275540728121996,,0.01985960640013218,0.10042568296194077,,140.23830243586914,25308.773538381272,7,SC2,17.841360092163086,夏稻、冬小麦、蚕豆、玉米；大豆、冬油菜；茶、油桐、棕榈；杨梅、苹果,108.2262688,29.35831465
2305,7.021821022033691,6.370224952697754,102.11894226074219,3.3241219520568848,0.0002493011124897748,0.0009323974372819066,,0.012204937636852264,0.0323372408747673,,40.8683722477828,25147.324037330764,1,SC2,6.512699127197266,夏稻、冬小麦、蚕豆、玉米；大豆、冬油菜；茶、油桐、棕榈；杨梅、苹果,108.231938,29.3602448
2306,16.695140838623047,11.25052261352539,108.8331527709961,7.902041912078857,0.0006448126514442265,0.002433536807075143,,0.00744185596704483,0.050295956432819366,,321.017349033489,24775.712465535773,7,SC2,59.110443115234375,夏稻、冬小麦、蚕豆、玉米；大豆、冬油菜；茶、油桐、棕榈；杨梅、苹果,108.2322948,29.35628011
2307,6.658664703369141,6.16254997253418,132.0836944580078,3.162219524383545,0.00022602875833399594,0.0009567868546582758,,0.015610056929290295,0.027660895138978958,,19.772531314623425,25128.724580966744,1,SC2,5.443816184997559,夏稻、冬小麦、蚕豆、玉米；大豆、冬油菜；茶、油桐、棕榈；杨梅、苹果,108.2322442,29.36023738
2308,7.882835388183594,6.496042728424072,80.83333587646484,3.790797710418701,0.0003025532350875437,0.0009723807452246547,,0.005818734411150217,0.05044373497366905,,61.86375031459403,25124.08759935668,7,SC2,7.913954257965088,夏稻、冬小麦、蚕豆、玉米；大豆、冬油菜；茶、油桐、棕榈；杨梅、苹果,108.2319295,29.3599765
2309,11.156022071838379,7.297003269195557,52.30503463745117,5.140938758850098,-0.000411004,0.0019050948321819305,,0.0028464088682085276,0.0361625961959362,,52.61777899775743,24982.666012301237,7,SC2,8.163939476013184,夏稻、冬小麦、蚕豆、玉米；大豆、冬油菜；茶、油桐、棕榈；杨梅、苹果,108.2330096,29.35909313
2310,14.875407218933105,8.722270011901855,293.0453338623047,7.419440269470215,0.00020761822815984488,0.0030322151724249125,,0.03991120308637619,0.06973420083522797,,43.17301449354098,24156.92722913953,7,SC2,9.108853340148926,茅栗、白栎灌丛,108.2478533,29.35958934
2311,22.499313354492188,6.115194797515869,172.71168518066406,9.944890022277832,-0.000383804,0.004007052630186081,,0.0006930019590072334,0.008634183555841446,,1968.9346855688416,42445.255664567274,2,SO1,35.297019958496094,夏稻、冬小麦、蚕豆、玉米；大豆、冬油菜；茶、油桐、棕榈；杨梅、苹果,107.9632647,29.3653961
2312,21.41770362854004,6.818587779998779,140.75262451171875,9.984800338745117,0.0012146088993176818,0.00419167336076498,,1.6373611288145185e-05,0.007618664763867855,,2183.0203108915744,42264.01465576869,2,SO1,57.609130859375,夏稻、冬小麦、蚕豆、玉米；大豆、冬油菜；茶、油桐、棕榈；杨梅、苹果,107.9655151,29.3651897
2313,34.15568161010742,15.12851333618164,354.6550602912903,19.17899513244629,-0.000651776,0.004204681143164635,,0.0005261233891360462,0.013619188219308853,,2408.5440841137015,41666.94491873428,2,SO1,123.2673110961914,栓皮栎、麻栎灌丛,107.9741921,29.36573683
2314,22.645727157592773,6.744481086730957,109.4822006225586,9.438117027282715,0.002156684175133705,0.005665861070156097,,0.0010687432950362563,0.023752793669700623,,1275.960121031448,28400.26713252376,2,SC2,22.86520767211914,茅栗、白栎灌丛,108.1775464,29.3606773
2315,26.038480758666992,7.883437156677246,51.637550354003906,12.439116477966309,0.0029275903943926096,0.0031715116929262877,,-0.004071517,0.008807439357042313,,1364.7725295529817,28344.660679301665,2,SC2,27.517070770263672,茅栗、白栎灌丛,108.1784626,29.36068969
2316,9.172647476196289,5.6054840087890625,76.61856842041016,4.224154472351074,0.0005528534529730678,0.0011030297027900815,,0.0009069836814887822,0.04647863656282425,,99.66912725879567,25161.286517152606,7,SC2,7.550955772399902,夏稻、冬小麦、蚕豆、玉米；大豆、冬油菜；茶、油桐、棕榈；杨梅、苹果,108.231317,29.35999135
2317,20.095491409301758,14.653548240661621,215.15782165527344,10.063995361328125,0.0019693055655807257,0.006115377880632877,,0.013530358672142029,0.01930641010403633,,109.14333294686348,24848.935129458147,7,SC2,27.844924926757812,夏稻、冬小麦、蚕豆、玉米；大豆、冬油菜；茶、油桐、棕榈；杨梅、苹果,108.2354288,29.35918369
2318,26.45022964477539,10.992965698242188,137.20944213867188,12.881379127502441,0.0004170293395873159,0.0025314376689493656,,-0.0057595,0.07356810569763184,,247.77025094801866,23860.329813958753,2,SC2,84.67779541015625,茅栗、白栎灌丛,108.2484548,29.35663489
2319,16.389371871948242,8.212129592895508,8.496801376342773,7.9759674072265625,-0.001641079,0.005303423386067152,,0.032583389431238174,0.14441286027431488,,2470.355301856368,41406.58950498276,7,SO1,12.8966703414917,栓皮栎、麻栎灌丛,107.977398,29.36536952
2320,25.798463821411133,9.177719116210938,316.1890640258789,12.563384056091309,0.0006137277814559639,0.005048660095781088,,-0.001798424,0.01572471298277378,,1222.2115024770933,30232.14281294706,2,SC4,84.92810821533203,茅栗、白栎灌丛,108.1510508,29.36226798
2321,28.7340030670166,5.5823540687561035,216.8641357421875,14.275675773620605,-0.000554457,0.009102743119001389,,0.0008041207911446691,0.010292446240782738,,297.74795069938,29036.254247941306,2,SC4,72.09558868408203,茅栗、白栎灌丛,108.1674001,29.36064844
2322,27.326475143432617,7.774394989013672,245.29691314697266,13.376513481140137,5.5917107601999305e-06,0.00838167779147625,,0.0004552756727207452,0.016631659120321274,,450.23253157331976,28800.71444396544,2,SC4,74.4225845336914,茅栗、白栎灌丛,108.1688362,29.35892733
2323,18.851593017578125,10.037331581115723,21.16623878479004,9.57024097442627,0.00018442096188664436,0.0029555088840425014,,0.31792405247688293,1.3738329410552979,,1542.853566746223,28243.010584155392,7,SC2,18.0194091796875,茅栗、白栎灌丛,108.1803041,29.36082614
2324,8.558911323547363,3.7685000896453857,139.68609619140625,3.8272438049316406,0.0012145265936851501,0.0009491283562965691,,-0.009449964,0.029585108160972595,,105.71340286164023,25305.445499094494,7,SC2,6.768493175506592,夏稻、冬小麦、蚕豆、玉米；大豆、冬油菜；茶、油桐、棕榈；杨梅、苹果,108.2285525,29.35978985
2325,3.6405181884765625,3.8872387409210205,210.04196166992188,1.8538678884506226,-8.97E-05,0.0009872526861727238,,0.012637457810342312,0.07698611170053482,,64.81171069171428,24970.65526698224,1,SC2,2.243354082107544,夏稻、冬小麦、蚕豆、玉米；大豆、冬油菜；茶、油桐、棕榈；杨梅、苹果,108.2340646,29.35965619
2326,15.887946128845215,9.636618614196777,141.34945678710938,7.961179256439209,-0.000347201,0.0036562159657478333,,0.00557691790163517,0.05405952408909798,,1777.0509173876408,42560.61285018813,2,SO1,15.292218208312988,夏稻、冬小麦、蚕豆、玉米；大豆、冬油菜；茶、油桐、棕榈；杨梅、苹果,107.9613304,29.36500452
2327,39.038330078125,12.203104972839355,1.705653429031372,21.410140991210938,0.0002589249925222248,0.007252832874655724,,-0.000782869,0.022585466504096985,,2586.3660492106033,41605.08061449627,2,SO1,120.3617172241211,栓皮栎、麻栎灌丛,107.973395,29.36409344
2328,20.35562515258789,5.9724955558776855,216.79505920410156,9.267089844,-0.000768118,0.0030900086276233196,,-0.003807369,0.00975034199655056,,905.7559957517516,28587.092151358887,2,SC2,53.506370544433594,茅栗、白栎灌丛,108.1736342,29.36000414
2329,21.61941146850586,9.059272766113281,34.4052848815918,10.1465425491333,6.705585838062689e-05,0.0029758710879832506,,-0.000212516,0.022126752883195877,,1540.6455074262665,28100.580362915694,2,SC2,56.05685043334961,茅栗、白栎灌丛,108.1800932,29.35901486
2330,7.8636627197265625,5.036816120147705,187.98597717285156,3.8402388095855713,-0.000517927,0.002375357784330845,,-0.006519301,0.07530862838029861,,183.42164151435654,25057.788097163524,7,SC2,9.550969123840332,夏稻、冬小麦、蚕豆、玉米；大豆、冬油菜；茶、油桐、棕榈；杨梅、苹果,108.2297495,29.35778295
2331,7.7055344581604,4.629394054412842,27.97700309753418,3.4817910194396973,-0.000369332,0.001855809590779245,,0.00613838667050004,0.07821986079216003,,295.2176328032472,24993.76278152759,7,SC2,7.950575351715088,夏稻、冬小麦、蚕豆、玉米；大豆、冬油菜；茶、油桐、棕榈；杨梅、苹果,108.2309273,29.3578393
2332,20.512500762939453,6.948180198669434,354.765576839447,10.830310821533203,0.0024429364129900932,0.004219767637550831,,-0.002606823,0.011442744173109531,,1847.5909477371263,27982.16462739769,2,SC2,27.621009826660156,茅栗、白栎灌丛,108.1833899,29.35998822
2333,32.53340148925781,8.369141578674316,176.97030639648438,15.909095764160156,0.003146309405565262,0.006829028949141502,,-0.005975554,0.026510005816817284,,197.68621322234685,24637.2332393131,2,SC2,47.45728302001953,夏稻、冬小麦、蚕豆、玉米；大豆、冬油菜；茶、油桐、棕榈；杨梅、苹果,108.2384145,29.35876803
2334,26.772172927856445,11.546027183532715,280.3860778808594,13.54890251159668,0.0017428169958293438,0.007679430302232504,,0.007769009098410606,0.02329750545322895,,873.4960911568651,29821.715409706972,2,SO1,27.28853416442871,茅栗、白栎灌丛,108.1549474,29.36037133
2335,29.877304077148438,7.716773509979248,307.0818328857422,14.5880126953125,0.0003118949825875461,0.005923961289227009,,-0.000510552,0.010262316092848778,,424.48561487832507,29477.070434255183,2,SO1,77.46683502197266,茅栗、白栎灌丛,108.1595729,29.35985857
2336,25.924514770507812,11.390130043029785,196.87258911132812,13.357536315917969,0.0005120965070091188,0.005290777422487736,,0.009829951450228691,0.03248479962348938,,63.15557519776252,29168.110667424397,2,SC4,29.530649185180664,茅栗、白栎灌丛,108.1648208,29.36024462
2337,23.684362411499023,12.988123893737793,198.87786865234375,12.19524097442627,-0.000383855,0.0036949997302144766,,0.03175496309995651,0.06394931674003601,,32.35460516116206,29166.741628182535,7,SC4,27.38979148864746,茅栗、白栎灌丛,108.1645063,29.35998357
2338,21.687828063964844,5.390626907348633,53.352657318115234,9.774185180664062,0.0005922521813772619,0.0035361589398235083,,5.6595152273075655e-05,0.00849214568734169,,1684.556374790069,28018.144441034827,2,SC2,27.40782928466797,茅栗、白栎灌丛,108.1815912,29.35912924
2339,22.984251022338867,7.430188179016113,41.39794158935547,10.685979843139648,-0.000599165,0.003100577276200056,,-0.003583667,0.01668139174580574,,1697.326072286693,27788.32348128516,2,SC2,85.57115173339844,茅栗、白栎灌丛,108.1816198,29.35646798
2340,23.170934677124023,6.753182888031006,74.75357055664062,10.532309532165527,-0.000784068,0.003987931180745363,,0.0003081550821661949,0.009321799501776695,,1814.0600218022694,27685.90839999764,2,SC2,98.36642456054688,茅栗、白栎灌丛,108.1831577,29.3563813
2341,7.938459873199463,5.479005813598633,204.62318420410156,3.7895431518554688,0.00046957089216448367,0.001589047024026513,,0.0006565175717696548,0.02713059075176716,,26.87823850578366,25203.220751799006,1,SC2,7.748384475708008,夏稻、冬小麦、蚕豆、玉米；大豆、冬油菜；茶、油桐、棕榈；杨梅、苹果,108.2280196,29.35828119
2342,27.384187698364258,11.528132438659668,211.6338348388672,13.577482223510742,0.0006026924238540232,0.007811091374605894,,0.009131683968007565,0.01555993314832449,,74.94004735591643,24687.079571499882,7,SC2,24.770723342895508,夏稻、冬小麦、蚕豆、玉米；大豆、冬油菜；茶、油桐、棕榈；杨梅、苹果,108.2367782,29.35824775
2343,21.39137840270996,7.601426601409912,141.85903930664062,9.858844757080078,0.0002646643843036145,0.0035713165998458862,,-0.002034198,0.010154000483453274,,1948.231375097543,42385.53618178361,2,SO1,34.332496643066406,夏稻、冬小麦、蚕豆、玉米；大豆、冬油菜；茶、油桐、棕榈；杨梅、苹果,107.9631816,29.36447792
2344,26.665130615234375,9.520857810974121,169.8731689453125,12.850076675415039,0.0061795650981366634,0.005847281310707331,,-0.00201051,0.01287041511386633,,2135.7753416828677,42248.983517738096,2,SO1,23.91505241394043,夏稻、冬小麦、蚕豆、玉米；大豆、冬油菜；茶、油桐、棕榈；杨梅、苹果,107.965114,29.36456922
2345,34.5770378112793,9.981488227844238,173.77183532714844,15.466684341430664,0.0018542668549343944,0.004691426642239094,,0.011299233883619308,0.015027053654193878,,60.8210009110628,29088.83606099797,2,SO1,33.74047088623047,茅栗、白栎灌丛,108.1645973,29.35911388
2346,8.626294136047363,7.144160270690918,337.68381118774414,4.3994221687316895,0.0007998801302164793,0.003578620497137308,,0.004315163940191269,0.0392555333673954,,549.2363085986422,25584.655620575006,2,SC2,11.084250450134277,夏稻、冬小麦、蚕豆、玉米；大豆、冬油菜；茶、油桐、棕榈；杨梅、苹果,108.2219499,29.35857245
2347,22.644655227661133,13.064435005187988,212.22998046875,11.140898704528809,-8.83E-05,0.007195390295237303,,0.009999576024711132,0.01606442779302597,,62.3729647283502,24705.678836858962,7,SC2,20.310646057128906,夏稻、冬小麦、蚕豆、玉米；大豆、冬油菜；茶、油桐、棕榈；杨梅、苹果,108.236472,29.35825519
2348,22.18501091003418,11.917678833007812,98.39308166503906,10.625720977783203,0.0004693671071436256,0.003537251614034176,,0.00015571499534416944,0.01493886113166809,,215.4175724767357,24627.977116438185,2,SC2,67.9989013671875,夏稻、冬小麦、蚕豆、玉米；大豆、冬油菜；茶、油桐、棕榈；杨梅、苹果,108.2347251,29.35621973
2349,37.85308074951172,16.841047286987305,238.96099853515625,22.8712158203125,0.001473332871682942,0.006521356757730246,,0.004537476226687431,0.03326001763343811,,88.64477993695664,24454.69810379436,2,SC2,61.68156433105469,茅栗、白栎灌丛,108.2391686,29.35720396
2350,38.82426834106445,16.142719268798828,245.53485107421875,22.88460350036621,0.000294978468446061,0.006217069923877716,,0.0007847591186873615,0.012930178083479404,,1466.7676698245343,42494.8603726647,2,SO1,218.5098419189453,夏稻、冬小麦、蚕豆、玉米；大豆、冬油菜；茶、油桐、棕榈；杨梅、苹果,107.9585867,29.36119595
2351,43.19247055053711,14.842219352722168,258.20884704589844,26.83766746520996,-0.000682794,0.009121375158429146,,-0.000529846,0.01329721137881279,,1964.6931698011172,42148.564067977655,2,SO1,173.97802734375,夏稻、冬小麦、蚕豆、玉米；大豆、冬油菜；茶、油桐、棕榈；杨梅、苹果,107.9636929,29.36169353
2352,20.394411087036133,11.697935104370117,340.56400871276855,9.56033706665039,0.0010802375618368387,0.00537835294380784,,0.030492251738905907,0.04347686469554901,,70.76205527548728,29206.32538728344,7,SO1,24.329689025878906,茅栗、白栎灌丛,108.1633366,29.35954753
2353,30.95698356628418,7.143411636352539,152.80667114257812,14.867982864379883,0.0005023753037676215,0.007628588937222958,,-0.002618622,0.01098470576107502,,290.36542526294187,28971.08771306588,2,SC4,57.50739288330078,茅栗、白栎灌丛,108.167165,29.3596871
2354,15.923354148864746,3.029148578643799,154.97650146484375,7.018638610839844,0.0021395557560026646,0.0017868134891614318,,-0.000644539,0.008312811143696308,,1214.7581987150572,28343.01281779822,11,SC2,13.711722373962402,茅栗、白栎灌丛,108.1767479,29.35942379
2355,23.0281982421875,4.938264846801758,187.1599884033203,10.430154800415039,0.0011309299152344465,0.0037163447123020887,,-0.00104424,0.005668889731168747,,965.5279620198322,28457.608754627545,7,SC2,55.43896484,茅栗、白栎灌丛,108.1741713,29.35887194
2356,24.441892623901367,8.825139999389648,55.616390228271484,12.929518699645996,0.0035138900857418776,0.0051872204057872295,,0.0007649012841284275,0.026942238211631775,,2075.1757230051994,27781.90756439814,2,SC2,16.176830291748047,茅栗、白栎灌丛,108.1856648,29.3592706
2357,24.282922744750977,6.651562213897705,60.054073333740234,11.08017349243164,0.0010529073188081384,0.001694267033599317,,-0.000193407,0.008422359824180603,,1925.1746677819963,27613.703108440444,2,SC2,82.8473129272461,茅栗、白栎灌丛,108.1845174,29.3565137
2358,45.66900634765625,16.234203338623047,241.43399810791016,30.492143630981445,-0.000210752,0.005017502699047327,,-0.003081793,0.018645383417606354,,2275.3356160909784,41974.27465756687,2,SO1,151.5961456298828,栓皮栎、麻栎灌丛,107.9668345,29.36251846
2359,29.718738555908203,11.691810607910156,227.2034454345703,15.355653762817383,-0.000105685,0.004875381011515856,,-0.000892202,0.0137445367872715,,2188.7848437520584,41864.16048980671,2,SO1,148.108154296875,夏稻、冬小麦、蚕豆、玉米；大豆、冬油菜；茶、油桐、棕榈；杨梅、苹果,107.9660093,29.36012276
2360,42.87937927246094,11.940345764160156,270.0121841430664,24.932693481445312,-0.002198297,0.007874111644923687,,-0.003000438,0.016706861555576324,,2457.6732451358457,41749.18754192407,2,SO1,149.31094360351562,栓皮栎、麻栎灌丛,107.9687827,29.36139289
2361,37.313926696777344,14.44935417175293,254.51567840576172,22.244234085083008,-0.001053553,0.012723672203719616,,0.017300043255090714,0.15707267820835114,,2596.9264614030026,41663.644735160735,2,SO1,122.09309387207031,栓皮栎、麻栎灌丛,107.9702069,29.36166736
2362,24.90920639038086,7.234560489654541,8.839424133300781,11.953978538513184,-0.001418707,0.006515225395560265,,0.003534234594553709,0.017894279211759567,,330.83943204931256,29348.73246483767,2,SO1,66.71160125732422,茅栗、白栎灌丛,108.1603308,29.358898
2363,12.725419998168945,5.796923637390137,117.90937042236328,5.837921619415283,0.0025336837861686945,0.0016602574614807963,,-0.011760987,0.010879233479499817,,1305.50001515882,28261.619115300935,2,SC2,8.25067138671875,茅栗、白栎灌丛,108.1776583,29.35913357
2364,18.53602409362793,6.2637481689453125,164.84535217285156,8.383326530456543,-0.000620583,0.0030456080567091703,,-0.003613659,0.01619650237262249,,1267.0120437364637,28047.883545366556,2,SC2,73.07122039794922,茅栗、白栎灌丛,108.1771022,29.35620543
2365,28.300209045410156,6.788524150848389,61.34751892089844,13.451139450073242,0.002693608170375228,0.0031620876397937536,,-0.002253184,0.007818431593477726,,2003.0642935718013,27729.236783101584,2,SC2,44.224918365478516,茅栗、白栎灌丛,108.1848796,29.35811088
2366,26.181076049804688,11.221434593200684,21.49250602722168,15.01417350769043,-0.001196451,0.005403396673500538,,0.012477953918278217,0.025832127779722214,,2231.433335265088,27649.980357969886,2,SC2,13.99207592010498,茅栗、白栎灌丛,108.1872263,29.35883795
2367,21.917816162109375,10.380860328674316,45.22544860839844,11.561285018920898,-0.002390967,0.0046853553503751755,,-0.067004837,0.37185731530189514,,2282.945643796034,27599.43920434646,2,SC2,18.445188522338867,茅栗、白栎灌丛,108.1877559,29.35862389
2368,21.986360549926758,4.394784927368164,40.930633544921875,10.313138008117676,-0.000474355,0.0018675850005820394,,0.003079400397837162,0.012600780464708805,,2272.136232664352,27536.001686584026,2,SC2,19.804819107055664,茅栗、白栎灌丛,108.1878371,29.35795066
2369,11.892738342285156,7.779186248779297,318.3501319885254,5.54407262802124,0.00048129097558557987,0.0029298660811036825,,0.007209616247564554,0.05689511448144913,,242.8299340760225,25264.383350307802,7,SC2,23.99238395690918,夏稻、冬小麦、蚕豆、玉米；大豆、冬油菜；茶、油桐、棕榈；杨梅、苹果,108.2232139,29.35578901
2370,8.966447830200195,4.951234817504883,201.4516143798828,4.147515773773193,-0.000291157,0.002595531987026334,,0.006614920683205128,0.026657475158572197,,65.43993373699413,25142.7893962993,7,SC2,6.971949577331543,夏稻、冬小麦、蚕豆、玉米；大豆、冬油菜；茶、油桐、棕榈；杨梅、苹果,108.2284932,29.35791171
2371,10.494758605957031,5.680445194244385,175.27529907226562,4.869988441467285,-0.000140977,0.0027025400195270777,,0.013409086503088474,0.023402737453579903,,59.68663071639044,25119.552777430927,1,SC2,7.831902503967285,夏稻、冬小麦、蚕豆、玉米；大豆、冬油菜；茶、油桐、棕榈；杨梅、苹果,108.2284847,29.3576434
2372,32.74937057495117,3.6647896766662598,38.72956848144531,15.666065216064453,0.0005741722416132689,0.0018507660133764148,,-0.000986363,0.005311256740242243,,2155.8920412093635,27578.831244392684,2,SC2,44.41636657714844,茅栗、白栎灌丛,108.1866064,29.35758597
2373,15.692091941833496,9.282672882080078,79.65117645263672,7.450455665588379,0.0010197192896157503,0.004032451193779707,,0.01589575782418251,0.024552829563617706,,29.33533448441177,25152.114517140693,1,SC2,9.591358184814453,夏稻、冬小麦、蚕豆、玉米；大豆、冬油菜；茶、油桐、棕榈；杨梅、苹果,108.2275576,29.35739735
2374,10.457565307617188,6.127476215362549,180.15719604492188,5.067386150360107,-7.26E-05,0.0023924452252686024,,0.019193416461348534,0.0262050349265337,,30.486944662546858,25138.152234579113,1,SC2,7.595815181732178,夏稻、冬小麦、蚕豆、玉米；大豆、冬油菜；茶、油桐、棕榈；杨梅、苹果,108.2281785,29.35765082
2375,14.078940391540527,8.248421669006348,147.3542938232422,6.790009021759033,0.0003785817534662783,0.0030643166974186897,,0.017413614317774773,0.02376226894557476,,1.1835788249756323,25133.515053364827,1,SC2,8.071466445922852,夏稻、冬小麦、蚕豆、玉米；大豆、冬油菜；茶、油桐、棕榈；杨梅、苹果,108.2278638,29.35738993
2376,21.094844818115234,10.602686882019043,111.5409164428711,9.963409423828125,-0.000173848,0.0040258136577904224,,-0.000473307,0.014257321134209633,,433.91271194626154,24647.42640208263,2,SC2,82.2706527709961,夏稻、冬小麦、蚕豆、玉米；大豆、冬油菜；茶、油桐、棕榈；杨梅、苹果,108.2307244,29.35378954
2377,26.6835994720459,13.397645950317383,199.01947021484375,13.573846817016602,0.0030582996550947428,0.0037590733263641596,,0.019723696634173393,0.03478529304265976,,36.510022756359895,29001.0440111052,2,SO1,37.6088752746582,茅栗、白栎灌丛,108.1646061,29.3580586
2378,19.93490982055664,8.347975730895996,55.49482727050781,10.168204307556152,-0.000427388,0.0022819251753389835,,0.005691192112863064,0.01973196119070053,,2355.6378412280856,27499.950027920895,2,SC2,15.152990341186523,茅栗、白栎灌丛,108.1887531,29.35817041
2379,22.72625160217285,3.2099449634552,78.36912536621094,10.213582992553711,0.0006695801275782287,0.003159458516165614,,0.0012156099546700716,0.0072160158306360245,,2316.9128632986153,27344.693504994055,2,SC2,27.876041412353516,茅栗、白栎灌丛,108.1894266,29.35685269
2380,16.538217544555664,12.540255546569824,316.34893798828125,8.503829956054688,0.0014733060961589217,0.005606869235634804,,0.004595775622874498,0.020726166665554047,,58.685320477620216,25131.402037855176,7,SC2,12.67007827758789,夏稻、冬小麦、蚕豆、玉米；大豆、冬油菜；茶、油桐、棕榈；杨梅、苹果,108.2268759,29.35671159
2381,14.087603569030762,10.850497245788574,149.84030151367188,7.058060169219971,0.0005458657979033887,0.002647167071700096,,-0.000277285,0.027510028332471848,,107.95293941422253,24964.56144285084,7,SC2,25.00707244873047,夏稻、冬小麦、蚕豆、玉米；大豆、冬油菜；茶、油桐、棕榈；杨梅、苹果,108.2281152,29.35564642
2382,36.14624786376953,14.960766792297363,48.65906524658203,21.17258644104004,-0.005925739,0.017212044447660446,,-0.001514332,0.00982644036412239,,2694.556055159764,41472.84348047831,2,SO1,23.609228134155273,栓皮栎、麻栎灌丛,107.9742684,29.36315677
2383,15.031676292419434,9.201308250427246,149.77166748046875,7.452156066894531,-0.000438611,0.0033377190120518208,,0.014284534379839897,0.027464386075735092,,8.555562035307428,24082.683900610107,1,SC2,10.271986961364746,茅栗、白栎灌丛,108.2443827,29.35645177
2384,33.08055877685547,11.403468132019043,25.054990768432617,17.4008846282959,-0.002368263,0.010047242976725101,,-0.00015451,0.01301426813006401,,2734.2528933889307,41490.311156597454,2,SO1,31.50324821472168,栓皮栎、麻栎灌丛,107.9736441,29.36276788
2385,27.225818634033203,4.413393020629883,187.34677124023438,12.512880325317383,-0.004535335,0.003128133015707135,,0.0010165022686123848,0.006100133992731571,,673.4402260680405,28590.622088664863,2,SC2,22.6063289642334,茅栗、白栎灌丛,108.1711939,29.35821348
2386,22.552396774291992,1.9980121850967407,49.93409729003906,9.368730545043945,-0.00148416,0.0022050105035305023,,-0.00137675,0.003975567873567343,,2258.957453221107,27442.480676912022,7,SC2,18.158336639404297,茅栗、白栎灌丛,108.1883472,29.3572288
2387,20.161514282226562,8.247163772583008,38.694393157958984,10.07663631439209,0.0014710180694237351,0.005135921761393547,,0.019735898822546005,0.07464749366044998,,2497.804473973947,27311.070738576458,2,SC2,26.506019592285156,茅栗、白栎灌丛,108.1910955,29.35761448
2388,14.689953804016113,7.912425994873047,141.5768280029297,7.0890655517578125,0.00020681924070231616,0.0024603158235549927,,0.011581243015825748,0.024841459468007088,,28.781103515247047,24059.447755759535,1,SC2,11.04391860961914,茅栗、白栎灌丛,108.2443742,29.35618347
2389,16.90808868408203,9.342419624328613,141.0714111328125,8.1981201171875,-0.00029344,0.003228752873837948,,0.009957623668015003,0.023087630048394203,,50.61518515307473,24040.848771439752,7,SC2,12.771869659423828,茅栗、白栎灌丛,108.2446804,29.35617601
2390,31.10047149658203,16.21856689453125,314.1961135864258,17.838939666748047,0.0015244450187310576,0.006738163530826569,,0.009416759945452213,0.019967541098594666,,2770.577252408867,41562.02081444552,2,SO1,40.06954574584961,栓皮栎、麻栎灌丛,107.9719762,29.36206659
2391,27.26416016,10.579663276672363,12.22983169555664,13.780519485473633,0.0034128795377910137,0.007359261624515057,,-0.003406684,0.024516019970178604,,233.8392371232413,29220.686411162635,2,SO1,21.236995697021484,茅栗、白栎灌丛,108.1613857,29.35817799
2392,21.417325973510742,11.338401794433594,344.9346389770508,9.867554664611816,0.004528609104454517,0.004341441672295332,,0.014361622743308544,0.02162107825279236,,98.92779138859622,29090.024638042476,7,SO1,31.333927154541016,茅栗、白栎灌丛,108.1630005,29.35787115
2393,24.34295654296875,8.18590259552002,33.371131896972656,11.44095230102539,0.0007174502243287861,0.0027797857765108347,,0.006128035020083189,0.07540395855903625,,2130.025381172951,27091.76560200864,2,SC2,135.0287322998047,茅栗、白栎灌丛,108.1893874,29.35391024
2394,18.88252830505371,6.956880569458008,67.42792510986328,8.802192687988281,-0.000165485,0.0037234292831271887,,-0.005773514,0.04256247729063034,,2430.3067708540993,27023.11226889164,7,SC2,46.79290771484375,茅栗、白栎灌丛,108.1922133,29.35508403
2395,23.978702545166016,9.119706153869629,136.39111328125,11.361766815185547,0.0007457602769136429,0.002108092186972499,,0.0011554595548659563,0.01782013475894928,,245.92438047114064,23821.087860327676,2,SC2,80.17295837402344,茅栗、白栎灌丛,108.2448229,29.35378618
2396,29.02758026123047,10.620697975158691,154.8261260986328,14.15830135345459,-0.000843142,0.0034827636554837227,,0.0010113170137628913,0.015310728922486305,,281.3301702597302,23816.760765668776,2,SC2,74.07269287109375,茅栗、白栎灌丛,108.2465758,29.35489812
2397,27.853654861450195,7.813945770263672,145.6763916015625,13.381778717041016,0.0012804868165403605,0.0053648739121854305,,0.0010678430553525686,0.012090522795915604,,471.22700046675214,28623.85158171589,2,SC2,68.2771224975586,茅栗、白栎灌丛,108.168859,29.35682177
2398,12.682783126831055,6.002241134643555,37.21816635131836,6.671629905700684,0.001241281977854669,0.002891011070460081,,0.0035641707945615053,0.01730603352189064,,2636.1137223492888,27111.077455755327,7,SC2,5.232468605041504,茅栗、白栎灌丛,108.193371,29.35687836
2399,24.265365600585938,5.567477226257324,301.8365707397461,11.481147766113281,0.0034655979834496975,0.003734020283445716,,-0.000474927,0.009530024603009224,,172.77836872683676,24312.134287565586,2,SC2,49.570919036865234,茅栗、白栎灌丛,108.2412431,29.35696627
2400,26.830976486206055,5.072320938110352,37.72706604003906,12.779542922973633,-9.98E-05,0.002536111744120717,,0.0017348604742437601,0.0055344426073133945,,2173.0211651011596,27481.81401737943,2,SC2,24.390213012695312,茅栗、白栎灌丛,108.1873995,29.35702131
2401,32.06065368652344,7.2086896896362305,28.927949905395508,15.510096549987793,-0.000902764,0.004991503898054361,,0.0010905851377174258,0.007608161773532629,,2072.1226438604535,27434.41710944092,2,SC2,53.483707427978516,茅栗、白栎灌丛,108.1868964,29.35612039
2402,28.310579299926758,11.299270629882812,289.53145599365234,14.575079917907715,0.0035304075572639704,0.004007907584309578,,0.021288540214300156,0.036352429538965225,,69.82507321447511,24180.366493280348,2,SC2,27.914474487304688,茅栗、白栎灌丛,108.2416012,29.35571393
2403,26.940187454223633,12.14210319519043,302.4344711303711,13.77818489074707,0.002471167128533125,0.0037181854713708162,,0.026988165453076363,0.035941231995821,,40.12369080754705,24157.130236153076,1,SC2,20.889122009277344,茅栗、白栎灌丛,108.2415927,29.35544563
2404,26.307554244995117,8.514569282531738,50.0270881652832,12.829967498779297,0.0006826976896263659,0.0029422524385154247,,-0.001080196,0.010696898214519024,,1961.9121650615803,27520.29568084723,2,SC2,47.64326477050781,茅栗、白栎灌丛,108.1854501,29.35609231
2405,19.928485870361328,6.9493088722229,33.46647262573242,9.564987182617188,-0.00013453,0.003916909918189049,,-0.000729837,0.01734963245689869,,2593.276914478333,26977.432374605636,7,SC2,30.68214988708496,茅栗、白栎灌丛,108.193799,29.35564486
2406,30.136281967163086,13.051483154296875,66.73054504394531,16.009321212768555,0.0009455614490434527,0.005101431161165237,,0.005311686545610428,0.02712542749941349,,83.78523166957191,24412.896468679177,1,SC2,44.97959518432617,茅栗、白栎灌丛,108.2380433,29.3559861
2407,28.790834426879883,13.932106971740723,275.94801330566406,15.309206008911133,0.0020171122159808874,0.0042736344039440155,,0.023968512192368507,0.03473303094506264,,32.55335546496071,24175.729273086807,1,SC2,21.593551635742188,茅栗、白栎灌丛,108.2412865,29.35545307
2408,22.241596221923828,8.216264724731445,79.46875762939453,10.392083168029785,0.00029951368924230337,0.005023796111345291,,-0.002177234,0.016550956293940544,,269.31641665737226,24066.878725649032,2,SC2,47.20682907104492,茅栗、白栎灌丛,108.2396503,29.35313893
2409,24.079513549804688,11.996809005737305,76.65188598632812,12.42658519744873,-3.47E-05,0.0027628603857010603,,0.024192968383431435,0.03482026234269142,,6.858094030132158,24152.4929980245,1,SC2,12.991399765014648,茅栗、白栎灌丛,108.241278,29.35518477
2410,15.840457916259766,7.853265762329102,93.38075256347656,7.87465763092041,-0.001138204,0.0013858192833140492,,0.04904913902282715,0.04007621482014656,,7.632860208825601,24095.768563790123,1,SC2,3.8422739505767822,茅栗、白栎灌丛,108.2421337,29.35511026
2411,23.615724563598633,11.203526496887207,70.88304901123047,11.83900260925293,0.0006193555309437215,0.0027017779648303986,,0.027444465085864067,0.03573034703731537,,10.422308933714206,24133.893970836576,1,SC2,12.307446479797363,茅栗、白栎灌丛,108.2415842,29.35517732
2412,18.97983741760254,9.79166316986084,118.7641830444336,9.329095840454102,-0.00039003,0.003125930903479457,,0.02059687115252018,0.0327574722468853,,3.60777771285724,24078.096938387807,1,SC2,10.403762817382812,茅栗、白栎灌丛,108.2425029,29.35515498
2413,20.255817413330078,3.9371137619018555,66.67453002929688,9.107491493225098,0.0003598651965148747,0.0019887646194547415,,-0.002412925,0.009031749330461025,,1868.4926642199262,27668.45183269206,2,SC2,15.031929969787598,茅栗、白栎灌丛,108.183708,29.35657252
2414,18.01699447631836,6.4691033363342285,68.44741821289062,8.237215042114258,-0.001768564,0.004799543414264917,,0.007191951386630535,0.020882168784737587,,2719.213986992622,26859.692074631985,2,SC2,15.191152572631836,茅栗、白栎灌丛,108.195569,29.35549987
2415,9.728959083557129,11.820671081542969,185.07688903808594,5.1340789794921875,-0.001164872,0.0024159986060112715,,0.02070208452641964,0.03761066868901253,,6.662647774430858,25045.255929582894,1,SC2,5.946476459503174,夏稻、冬小麦、蚕豆、玉米；大豆、冬油菜；茶、油桐、棕榈；杨梅、苹果,108.2265797,29.35554145
2416,17.114580154418945,9.537393569946289,132.5535888671875,7.856675148010254,0.00014232078683562577,0.002829201053828001,,0.008426222950220108,0.027998341247439384,,118.85788014457955,24908.373178665588,7,SC2,38.0180778503418,夏稻、冬小麦、蚕豆、玉米；大豆、冬油菜；茶、油桐、棕榈；杨梅、苹果,108.2263003,29.35380885
2417,19.118946075439453,6.406608581542969,80.6269760131836,9.113675117492676,-0.000433547,0.001390020246617496,,0.025885237380862236,0.03659171238541603,,19.279072408389222,24110.657697332295,1,SC2,13.231751441955566,茅栗、白栎灌丛,108.2415757,29.35490902
2418,17.349651336669922,8.725408554077148,126.71521759033203,8.464966773986816,-0.00045834,0.002935912925750017,,0.015530170872807503,0.03151839226484299,,4.518710613264279,24059.497943939565,1,SC2,10.85621452331543,茅栗、白栎灌丛,108.2428091,29.35514752
2419,23.240163803100586,9.616315841674805,125.94346618652344,11.27587604522705,0.0010389857925474644,0.005010157357901335,,-0.011401781,0.052690934389829636,,257.8503243229558,23819.697994019163,2,SC2,60.4396858215332,茅栗、白栎灌丛,108.243618,29.35297251
2420,23.064594268798828,4.724713325500488,63.42401885986328,10.534828186035156,-0.002415733,0.0025513118598610163,,0.0008300617337226868,0.0051040747202932835,,2161.5433177977025,27375.180812591072,2,SC2,16.636547088623047,茅栗、白栎灌丛,108.1879869,29.35620171
2421,21.533586502075195,3.162078857421875,72.22419738769531,9.658331871032715,-0.001472234,0.003139364067465067,,-0.000182157,0.004990546498447657,,2184.942188387585,27355.982000531876,2,SC2,15.927214622497559,茅栗、白栎灌丛,108.1882931,29.35619439
2422,28.209774017333984,9.586613655090332,47.635520935058594,13.905197143554688,-0.000271854,0.003589250613003969,,-0.00087031,0.010744389146566391,,1906.357975866515,27243.465663118084,2,SC2,67.4111557006836,茅栗、白栎灌丛,108.1867133,29.35377484
2423,13.029362678527832,11.059738159179688,162.5665740966797,6.317936420440674,-0.001245372,0.0024573765695095062,,0.014314981177449226,0.033505916595458984,,34.649735733486324,25003.419768166437,1,SC2,12.075998306274414,夏稻、冬小麦、蚕豆、玉米；大豆、冬油菜；茶、油桐、棕榈；杨梅、苹果,108.2268774,29.35526572
2424,20.93989372253418,11.01761245727539,61.43450164794922,10.893777847290039,-0.000498873,0.0031154565513134003,,0.010335917584598064,0.028257813304662704,,48.87983063302928,24166.45477421208,1,SC2,19.16070556640625,茅栗、白栎灌丛,108.2406571,29.35493136
2425,16.09878921508789,5.990493297576904,27.061443328857422,7.394384860992432,0.0003706215356942266,0.0034517734311521053,,-0.001197777,0.02585691027343273,,399.67114895929683,24261.970570580324,7,SC2,45.586753845214844,茅栗、白栎灌丛,108.2366777,29.35337548
2426,18.542869567871094,7.920960426330566,148.14161682128906,8.434728622436523,0.0010130222653970122,0.004313721787184477,,0.0034355439711362123,0.031195078045129776,,235.11597957621026,23887.477045530493,7,SC2,35.388458251953125,茅栗、白栎灌丛,108.2423989,29.35293132
2427,15.58482551574707,6.267840385437012,121.17338562011719,7.633843421936035,-0.001178654,0.003241347149014473,,0.01063406653702259,0.022839464247226715,,43.61083662529328,24017.662732904962,1,SC2,12.731657981872559,茅栗、白栎灌丛,108.2431068,29.35487177
2428,27.336584091186523,8.097929000854492,143.61988830566406,12.599152565002441,-0.00270549,0.0064272526651620865,,0.0023326100781559944,0.012472540140151978,,182.9404137989613,23882.40925088339,2,SC2,33.41136932373047,茅栗、白栎灌丛,108.243652,29.35370391
2429,24.819562911987305,6.314596176147461,54.376556396484375,11.766654968261719,-0.00240911,0.0025299342814832926,,0.0033232925925403833,0.006616055965423584,,2119.733138376815,27371.683222645755,2,SC2,19.195323944091797,茅栗、白栎灌丛,108.1876723,29.35594072
2430,23.905000686645508,5.436346530914307,73.03081512451172,10.95319652557373,-0.000552333,0.0039793457835912704,,0.0006966375513002276,0.003856213530525565,,2023.6451388736905,27181.107046566147,2,SC2,75.72744750976562,茅栗、白栎灌丛,108.1879997,29.3539655
2431,21.220516204833984,9.589883804321289,185.7865447998047,10.072890281677246,0.0007279946003109217,0.004715634975582361,,-0.004194888,0.02458840049803257,,2499.311696645936,26702.973426201406,2,SC2,31.273059844970703,茅栗、白栎灌丛,108.1978106,29.35522048
2432,22.2427978515625,10.328630447387695,274.5263900756836,10.561113357543945,0.0009877883130684495,0.004372407216578722,,0.01547726895660162,0.05140015110373497,,373.25911428700607,25324.137604868094,2,SC2,25.23501205444336,夏稻、冬小麦、蚕豆、玉米；大豆、冬油菜；茶、油桐、棕榈；杨梅、苹果,108.2200621,29.35437641
2433,13.14719295501709,7.312420845031738,160.49325561523438,6.339111328,-0.000678348,0.0015711893793195486,,-0.005681332,0.018412522971630096,,137.2530900460173,24913.021351666768,7,SC2,11.09329891204834,夏稻、冬小麦、蚕豆、玉米；大豆、冬油菜；茶、油桐、棕榈；杨梅、苹果,108.2278878,29.35491308
2434,14.128670692443848,5.745763301849365,65.23528289794922,6.787511825561523,0.001226668944582343,0.004921094514429569,,-0.010169999,0.025152722373604774,,2310.5622288172535,26563.520767723567,2,SC2,10.352230072021484,茅栗、白栎灌丛,108.1997261,29.35491345
2435,26.847135543823242,8.970246315002441,18.764127731323242,13.542729377746582,-0.001885943,0.0070490348152816296,,-0.011531394,0.04472225904464722,,2201.077974472952,26503.84017181426,2,SC2,22.12688636779785,茅栗、白栎灌丛,108.2008716,29.35499782
2436,25.77313995361328,6.324025630950928,31.938949584960938,12.571836471557617,-0.002311002,0.003946468699723482,,-0.004699153,0.012652327306568623,,2178.8285226744374,26448.519496230318,2,SC2,32.17659378051758,茅栗、白栎灌丛,108.2010387,29.3544831
2437,24.669288635253906,6.895449161529541,125.83169555664062,11.741148948669434,0.001046114368364215,0.0030146795324981213,,0.0012394380755722523,0.01036030612885952,,328.05260556145606,24711.061453798528,2,SC2,54.09951400756836,夏稻、冬小麦、蚕豆、玉米；大豆、冬油菜；茶、油桐、棕榈；杨梅、苹果,108.2289951,29.35336342
2438,24.169147491455078,9.80904483795166,218.74876403808594,11.847275733947754,0.0007091099978424609,0.004503288306295872,,0.21156875789165497,0.7792745232582092,,572.2924310380585,28446.833433880256,2,SO1,27.301416397094727,茅栗、白栎灌丛,108.169917,29.35551071
2439,13.152776718139648,7.614692211151123,68.27627563476562,6.376904487609863,4.7037912736414e-05,0.002014970639720559,,-0.030378263,0.07593251764774323,,1776.1113771009266,27630.197590505166,2,SC2,7.02161979675293,茅栗、白栎灌丛,108.1832236,29.35577854
2440,18.729467391967773,8.308457374572754,47.91254806518555,8.646883964538574,0.00047724854084663093,0.002704368904232979,,-0.001466426,0.01411378849297762,,1652.3396385505864,27320.668472533824,2,SC2,64.71992492675781,茅栗、白栎灌丛,108.1842432,29.35289582
2441,24.471437454223633,10.306734085083008,35.57524108886719,12.335311889648438,0.0009897582931444049,0.00410423194989562,,-0.003837777,0.05858198553323746,,2087.884181060686,26371.290280713787,2,SC2,38.417972564697266,茅栗、白栎灌丛,108.2019511,29.35421454
2442,25.85117530822754,9.671873092651367,20.39236068725586,12.625744819641113,0.0011269983369857073,0.0045638014562428,,0.005267223343253136,0.02901698462665081,,1871.9175780594614,26131.27695603392,2,SC2,45.64539337158203,茅栗、白栎灌丛,108.2041006,29.35292533
2443,22.214330673217773,5.466650485992432,126.24353790283203,10.18287181854248,8.498972601955757e-05,0.003690163604915142,,-0.000666624,0.009740306995809078,,976.9214640506082,28211.106568706877,7,SC2,53.300323486328125,茅栗、白栎灌丛,108.1740806,29.35587631
2444,23.599348068237305,5.850470066070557,177.65109252929688,10.843405723571777,0.0015509038930758834,0.0030106559861451387,,-0.002032138,0.00913020595908165,,820.6126869577914,28239.041887181585,2,SC2,40.54905700683594,茅栗、白栎灌丛,108.1724728,29.35498522
2445,29.362762451171875,9.138787269592285,350.0754232406616,14.87413501739502,0.00010078982450067997,0.0062253838405013084,,0.009253493510186672,0.019090356305241585,,2664.297048088012,26757.838023931465,2,SC2,24.073062896728516,茅栗、白栎灌丛,108.1955385,29.35432025
2446,15.865981101989746,8.852957725524902,181.2328338623047,9.013108253479004,0.004564345348626375,0.004099748097360134,,-0.009434473,0.04706481099128723,,2480.138929322834,26629.202808327274,2,SC2,20.64063835144043,茅栗、白栎灌丛,108.197923,29.35445997
2447,31.484840393066406,8.193896293640137,228.87942504882812,15.376070022583008,0.0006319988169707358,0.005666911136358976,,0.0065265679731965065,0.020884746685624123,,1744.7574487136155,26142.58838888084,2,SC2,30.652936935424805,茅栗、白栎灌丛,108.205471,29.35396146
2448,28.397663116455078,6.867850303649902,227.41867065429688,13.728055000305176,0.00014817906776443124,0.0037375986576080322,,-0.003298207,0.011319988407194614,,1649.7983287303766,26074.25692330413,2,SC2,30.51105308532715,茅栗、白栎灌丛,108.2064394,29.35383061
2449,21.84383201599121,6.511373043060303,53.01091003417969,9.9429931640625,0.0017328329849988222,0.005002898629754782,,-0.000666785,0.011932733468711376,,2568.966278479727,26872.881806380636,2,SC2,38.59994125366211,茅栗、白栎灌丛,108.1941681,29.35470246
2450,27.852224349975586,7.01366662979126,227.78411865234375,13.473167419433594,0.00022454289137385786,0.0033427311573177576,,-0.004449337,0.012817220762372017,,1533.389429299633,25984.20603794171,2,SC2,35.642333984375,茅栗、白栎灌丛,108.2076207,29.35359527
2451,15.975677490234375,9.17077350616455,19.969554901123047,7.60537052154541,0.0006553831044584513,0.005173353478312492,,0.002793499268591404,0.027297183871269226,,801.3935232608015,25533.017703172078,2,SC2,53.43827819824219,夏稻、冬小麦、蚕豆、玉米；大豆、冬油菜；茶、油桐、棕榈；杨梅、苹果,108.2151768,29.35350109
2452,20.77924919128418,8.598331451416016,189.08193969726562,9.495217323303223,0.0016807059291750193,0.0045058573596179485,,-0.003029202,0.013293088413774967,,1100.4602920346476,27898.956181676098,2,SC2,76.82689666748047,茅栗、白栎灌丛,108.1759332,29.35355864
2453,18.974361419677734,5.521663665771484,59.248348236083984,8.810847282409668,0.0011169675271958113,0.0023073761258274317,,0.0006552903796546161,0.01414208672940731,,1728.1809381465393,27511.084879534308,2,SC2,15.275543212890625,茅栗、白栎灌丛,108.1836495,29.35469429
2454,28.804370880126953,11.857121467590332,266.4249496459961,14.461152076721191,0.0011177652049809694,0.006536597851663828,,0.0015677431365475059,0.027925170958042145,,2174.3364834982394,26235.564992504602,2,SC2,51.661231994628906,茅栗、白栎灌丛,108.2009508,29.35201692
2455,19.498085021972656,7.868729591369629,321.47807693481445,9.433242797851562,0.0026551997289061546,0.0036529588978737593,,-0.009184063,0.013377049006521702,,1368.918762604744,25924.175221609356,2,SC2,20.345619201660156,夏稻、冬小麦、蚕豆、玉米；大豆、冬油菜；茶、油桐、棕榈；杨梅、苹果,108.2093723,29.35407734
2456,22.43724250793457,8.891156196594238,250.21832275390625,10.53342342376709,0.0011115713277831674,0.0033683585934340954,,0.004030834883451462,0.025618409737944603,,1333.9294458505667,25670.42958925596,2,SC2,44.255245208740234,茅栗、白栎灌丛,108.2096789,29.35141152
2457,14.14241886138916,7.000762462615967,327.6113815307617,6.535508632659912,-0.002100063,0.0025368379428982735,,0.03442404046654701,0.054446425288915634,,472.02096096484286,25356.884727990004,2,SC2,7.80424165725708,夏稻、冬小麦、蚕豆、玉米；大豆、冬油菜；茶、油桐、棕榈；杨梅、苹果,108.218712,29.35385211
2458,17.393165588378906,6.208572864532471,50.027061462402344,7.896758079528809,-0.000197582,0.0031031116377562284,,-0.000567497,0.019033001735806465,,521.919475071054,25290.180117335396,7,SC2,44.39617156982422,夏稻、冬小麦、蚕豆、玉米；大豆、冬油菜；茶、油桐、棕榈；杨梅、苹果,108.2179929,29.3526215
2459,26.421791076660156,9.72423267364502,138.4703826904297,12.77115535736084,-0.000651869,0.002421176992356777,,-0.004891898,0.019723160192370415,,344.91858435497215,23738.08791749816,2,SC2,78.98441314697266,茅栗、白栎灌丛,108.2462758,29.35381009
2460,29.076107025146484,13.100783348083496,277.15015411376953,15.62237548828125,-0.002000601,0.009998949244618416,,-0.008480513,0.057000402361154556,,2163.321369987666,41708.688282256655,2,SO1,53.33490753173828,栓皮栎、麻栎灌丛,107.9653912,29.35728293
2461,21.42123794555664,4.291221618652344,60.17927169799805,10.023924827575684,0.0010030760895460844,0.002156563103199005,,-0.00047488,0.006002931389957666,,1652.697334224163,27579.671405892932,7,SC2,12.770694732666016,茅栗、白栎灌丛,108.1825777,29.35471989
2462,24.176057815551758,8.611787796020508,39.69843292236328,11.34501838684082,0.0037733917124569416,0.00324257998727262,,-0.007276227,0.010739107616245747,,2403.8388692164103,26928.68478785947,2,SC2,21.296043395996094,茅栗、白栎灌丛,108.1925217,29.35421354
2463,21.889341354370117,11.72608470916748,347.8394079208374,11.286181449890137,0.0008111627539619803,0.006287325639277697,,0.03262326866388321,0.10430727154016495,,1254.56832899054,25804.233957868317,2,SC2,20.512531280517578,夏稻、冬小麦、蚕豆、玉米；大豆、冬油菜；茶、油桐、棕榈；杨梅、苹果,108.2104868,29.35345977
2464,17.46483039855957,8.044411659240723,17.389495849609375,8.248455047607422,0.0016315048560500145,0.0030721896328032017,,0.05206514894962311,0.16580544412136078,,66.26729764108623,25023.381633011024,7,SC2,18.58445167541504,夏稻、冬小麦、蚕豆、玉米；大豆、冬油菜；茶、油桐、棕榈；杨梅、苹果,108.2226907,29.35271771
2465,20.205652236938477,7.700177192687988,30.457447052001953,9.556547164916992,0.0026719369925558567,0.003723390866070986,,-0.008899061,0.01105751097202301,,2362.708081927727,26924.86596802704,2,SC2,13.284337997436523,茅栗、白栎灌丛,108.1922071,29.35395256
2466,25.6959285736084,7.160885334014893,350.7917242050171,11.854206085205078,0.0019046503584831953,0.004149893764406443,,-0.002941482,0.01180641632527113,,2387.099972581821,26842.86173712271,2,SC2,55.87248229980469,茅栗、白栎灌丛,108.1928338,29.35344382
2467,24.378982543945312,9.623867988586426,201.07896423339844,11.836585998535156,-0.00089318,0.004719392396509647,,6.498322181869298e-05,0.020336708053946495,,2523.455389039475,26599.61884507312,2,SC2,28.648096084594727,茅栗、白栎灌丛,108.1974254,29.35379167
2468,10.536280632019043,3.3612685203552246,65.266845703125,5.0263142585754395,0.0012558840680867434,0.003359222086146474,,-0.003463085,0.02376733534038067,,1167.7934542390005,25710.658723157598,2,SC2,7.771152496337891,夏稻、冬小麦、蚕豆、玉米；大豆、冬油菜；茶、油桐、棕榈；杨梅、苹果,108.2113515,29.35297479
2469,11.900335311889648,6.676357269287109,6.573233127593994,5.577540874481201,-0.000819499,0.0020757296588271856,,0.03960061073303223,0.07417923957109451,,48.04956200637851,25040.71807223148,7,SC2,8.874885559082031,夏稻、冬小麦、蚕豆、玉米；大豆、冬油菜；茶、油桐、棕榈；杨梅、苹果,108.2231352,29.35320819
2470,13.007072448730469,6.271659851074219,153.7872314453125,5.643177032470703,0.0017282525077462196,0.0013326674234122038,,0.042261868715286255,0.06404543668031693,,18.439397059262205,24980.282338320463,1,SC2,7.098089218139648,夏稻、冬小麦、蚕豆、玉米；大豆、冬油菜；茶、油桐、棕榈；杨梅、苹果,108.2237391,29.35292507
2471,29.292177200317383,4.562276363372803,141.13880920410156,13.808090209960938,0.002013534540310502,0.0018275122856721282,,-0.000443142,0.006732931360602379,,324.35933073368057,23738.7782700266,2,SC2,23.785837173461914,茅栗、白栎灌丛,108.2445698,29.35268809
2472,29.09324836730957,3.907336711883545,196.89395141601562,13.85334300994873,-0.003476881,0.0038357367739081383,,0.0007035977905616164,0.003503203857690096,,1741.9433015763207,42121.13537264813,11,SO1,23.733478546142578,夏稻、冬小麦、蚕豆、玉米；大豆、冬油菜；茶、油桐、棕榈；杨梅、苹果,107.9612671,29.35874673
2473,27.8162784576416,2.917384386062622,210.9701690673828,12.866769790649414,-0.002453031,0.003445921465754509,,-0.000324969,0.00292342621833086,,1768.6577506320853,42116.00808863876,11,SO1,24.753665924072266,夏稻、冬小麦、蚕豆、玉米；大豆、冬油菜；茶、油桐、棕榈；杨梅、苹果,107.9615812,29.3590083
2474,25.921733856201172,3.27184796333313,215.15359497070312,11.641256332397461,0.002726008417084813,0.003960330039262772,,-0.000994955,0.003014227608218789,,1953.8488631175983,42010.349533090426,2,SO1,39.41593551635742,栓皮栎、麻栎灌丛,107.9635575,29.35960654
2475,24.01556396484375,11.106642723083496,337.560115814209,12.524717330932617,-0.004018923,0.005087939091026783,,0.0361485630273819,0.02106580324470997,,2655.976509455786,26652.767145292946,2,SC2,9.997746467590332,茅栗、白栎灌丛,108.1959699,29.35341486
2476,25.356657028198242,13.120355606079102,351.30371379852295,12.555707931518555,-0.001476641,0.0018883299781009555,,0.03354411944746971,0.06615614891052246,,2616.2030191936487,26670.253066124034,2,SC2,25.28139305114746,茅栗、白栎灌丛,108.1955588,29.35333521
2477,29.992765426635742,4.527255058288574,194.1620635986328,14.268316268920898,-0.00399229,0.004030401818454266,,0.001551194116473198,0.00449520954862237,,1712.3456283848006,42144.60865536613,11,SO1,24.73587989807129,夏稻、冬小麦、蚕豆、玉米；大豆、冬油菜；茶、油桐、棕榈；杨梅、苹果,107.9609608,29.35875353
2478,18.18267822265625,7.840667724609375,154.0087127685547,8.282036781311035,-0.000104236,0.0031026885844767094,,0.0006655248580500484,0.011098220944404602,,1487.3788799091635,42254.320408535816,7,SO1,59.11306381225586,夏稻、冬小麦、蚕豆、玉米；大豆、冬油菜；茶、油桐、棕榈；杨梅、苹果,107.9583281,29.35749185
2479,25.046344757080078,7.714343070983887,15.217881202697754,11.834756851196289,3.4863827750086784e-05,0.005041459575295448,,0.00862415786832571,0.04347090795636177,,2483.3606780464993,26669.640372375932,2,SC2,54.69548034667969,茅栗、白栎灌丛,108.1944587,29.35257616
2480,26.98565673828125,6.883997440338135,208.4668731689453,12.228055953979492,0.001026027835905552,0.0019599401857703924,,0.012532167136669159,0.021362215280532837,,2547.407611735623,26523.249527550135,2,SC2,21.284324645996094,茅栗、白栎灌丛,108.1971453,29.35273456
2481,17.059066772460938,9.272614479064941,166.1969451904297,7.998892784118652,0.0005510441842488945,0.002827354706823826,,-0.001550457,0.023014893755316734,,311.570668744954,24713.83736571422,7,SC2,79.33523559570312,夏稻、冬小麦、蚕豆、玉米；大豆、冬油菜；茶、油桐、棕榈；杨梅、苹果,108.2273016,29.3522729
2482,13.482666969299316,7.312731742858887,177.16285705566406,6.510227680206299,0.0005697394371964037,0.00328196887858212,,0.05324038863182068,0.16246196627616882,,26.50565318683338,24933.808473532692,1,SC2,9.26329517364502,夏稻、冬小麦、蚕豆、玉米；大豆、冬油菜；茶、油桐、棕榈；杨梅、苹果,108.2237222,29.35238845
2483,21.067323684692383,7.559703826904297,174.61460876464844,9.753552436828613,0.0012611688580363989,0.00483399722725153,,-0.001552234,0.013639499433338642,,1988.781112074371,41874.07495904169,2,SO1,51.263267517089844,栓皮栎、麻栎灌丛,107.963672,29.357801
2484,27.93544578552246,10.510869979858398,245.77244567871094,13.727109909057617,-0.001062779,0.0039901272393763065,,0.021504443138837814,0.024661380797624588,,1661.889736899418,25970.74899657531,7,SC2,20.50594139099121,茅栗、白栎灌丛,108.2062597,29.35254118
2485,29.76778793334961,7.691356182098389,245.8190460205078,14.463566780090332,0.0038861881475895643,0.003260059980675578,,-0.00239867,0.012282622046768665,,1482.6189818188136,25882.38755039497,2,SC2,23.16387176513672,茅栗、白栎灌丛,108.2081054,29.35276528
2486,29.13619613647461,12.273411750793457,234.86788177490234,14.40600299835205,-0.000481767,0.0027032687794417143,,0.015618322417140007,0.020567024126648903,,1594.4155350498966,25904.499386677177,7,SC2,28.22913360595703,茅栗、白栎灌丛,108.2069594,29.35225583
2487,16.20529556274414,5.287595272064209,335.4562530517578,7.480665683746338,0.000990640022791922,0.004322778433561325,,-0.000435716,0.02887958288192749,,255.5088222048699,25023.812431583832,7,SC2,22.650537490844727,夏稻、冬小麦、蚕豆、玉米；大豆、冬油菜；茶、油桐、棕榈；杨梅、苹果,108.2209654,29.35157952
2488,15.541020393371582,7.711209297180176,10.215065002441406,7.491211414337158,0.000642788945697248,0.0035169338807463646,,0.056168753653764725,0.162888765335083,,30.45502968960018,24971.00725181366,1,SC2,11.989137649536133,夏稻、冬小麦、蚕豆、玉米；大豆、冬油菜；茶、油桐、棕榈；杨梅、苹果,108.2231098,29.35240326
2489,16.57790756225586,8.899971008300781,13.028087615966797,8.118265151977539,0.0007910356507636607,0.0038525827694684267,,0.05039925500750542,0.16077545285224915,,39.09316075952184,24947.770295292034,1,SC2,13.358583450317383,夏稻、冬小麦、蚕豆、玉米；大豆、冬油菜；茶、油桐、棕榈；杨梅、苹果,108.2231013,29.35213496
2490,17.532243728637695,17.533262252807617,301.54146575927734,8.065835952758789,0.0011581002036109567,0.004056471399962902,,-0.004200345,0.03860202059149742,,51.50761986323508,24768.74763890286,1,SC2,17.222549438476562,夏稻、冬小麦、蚕豆、玉米；大豆、冬油菜；茶、油桐、棕榈；杨梅、苹果,108.2229546,29.35001376
2491,15.03433895111084,9.0975341796875,179.22247314453125,7.3629255294799805,0.00047833306598477066,0.003601656761020422,,0.04761257395148277,0.1601119041442871,,17.86753007792478,24910.571536505326,1,SC2,9.607808113098145,夏稻、冬小麦、蚕豆、玉米；大豆、冬油菜；茶、油桐、棕榈；杨梅、苹果,108.2237138,29.35212014
2492,30.308698654174805,12.4588041305542,155.87770080566406,15.71485710144043,0.0012879909481853247,0.005553815513849258,,0.0017855336191132665,0.02171568013727665,,177.9396476019468,24583.90302355389,2,SC2,107.8543472290039,夏稻、冬小麦、蚕豆、玉米；大豆、冬油菜；茶、油桐、棕榈；杨梅、苹果,108.2252182,29.34942373
2493,27.70541000366211,6.678874492645264,224.00669860839844,13.23120403289795,0.005369982682168484,0.004674851894378662,,0.0004655102384276688,0.016897620633244514,,2467.8778153839016,26409.03357218701,2,SC2,27.454633712768555,茅栗、白栎灌丛,108.1978545,29.35191315
2494,19.11914825439453,7.844500541687012,326.451114654541,9.059060096740723,0.0008084789151325822,0.005875075701624155,,0.0028285274747759104,0.022763146087527275,,1091.8069605010874,25477.84267783171,2,SC2,23.767087936401367,夏稻、冬小麦、蚕豆、玉米；大豆、冬油菜；茶、油桐、棕榈；杨梅、苹果,108.2120793,29.35082478
2495,20.431556701660156,7.471983432769775,237.75013732910156,9.568929672241211,-0.000328933,0.005750379990786314,,-0.008279745,0.02424473501741886,,968.5010878690001,25402.153656317943,2,SC2,22.006507873535156,夏稻、冬小麦、蚕豆、玉米；大豆、冬油菜；茶、油桐、棕榈；杨梅、苹果,108.213408,29.35084948
2496,14.777582168579102,7.254944324493408,77.59571838378906,7.036654949188232,0.0004990325542166829,0.006465126760303974,,-0.009587079,0.028617067262530327,,737.8306716743665,24310.75831986675,2,SC2,7.960561275482178,夏稻、冬小麦、蚕豆、玉米；大豆、冬油菜；茶、油桐、棕榈；杨梅、苹果,108.2331977,29.3516219
2497,19.580080032348633,8.571990966796875,25.334726333618164,9.253983497619629,0.0013851304538547993,0.004210889805108309,,0.0038944375701248646,0.017345307394862175,,368.99748880412125,23849.095385358196,7,SC2,32.33845138549805,茅栗、白栎灌丛,108.2412928,29.35176485
2498,28.172624588012695,4.389503479003906,20.182636260986328,13.301129341125488,0.0013577401405200362,0.001905254670418799,,0.0002701000194065273,0.0065188161097466946,,2132.268827761804,26926.00700718272,2,SC2,24.807218551635742,茅栗、白栎灌丛,108.1903279,29.35265497
2499,26.014463424682617,7.519099235534668,327.8209533691406,12.512150764465332,0.00032936051138676703,0.006800557486712933,,-0.000898859,0.016769088804721832,,2270.7660801530255,26757.927636486496,7,SC2,59.312828063964844,茅栗、白栎灌丛,108.1922942,29.35209205
2500,30.113109588623047,5.061532497406006,14.356269836425781,14.354472160339355,0.0012404493754729629,0.002028773771598935,,-0.000471978,0.006894920952618122,,2183.0650037751875,26887.514675663384,2,SC2,28.107540130615234,茅栗、白栎灌丛,108.1909404,29.35264031
2501,16.454023361206055,6.245950698852539,353.183886051178,7.638126850128174,0.0015843799337744713,0.0035285421181470156,,-0.010415678,0.017131006345152855,,492.2143831776466,25157.05067286875,2,SC2,9.21916675567627,夏稻、冬小麦、蚕豆、玉米；大豆、冬油菜；茶、油桐、棕榈；杨梅、苹果,108.2184829,29.35144103
2502,22.34718894958496,8.938945770263672,219.06558227539062,10.616351127624512,-0.000550594,0.0042192102409899235,,0.001768090296536684,0.007842586375772953,,866.2266562566374,42760.682065309455,2,SO1,61.54981994628906,夏稻、冬小麦、蚕豆、玉米；大豆、冬油菜；茶、油桐、棕榈；杨梅、苹果,107.9518119,29.35767505
2503,15.109658241271973,3.2210700511932373,202.1533660888672,6.664437294006348,-0.00210605,0.002143392339348793,,0.0029272332321852446,0.005179635714739561,,1070.3717566847681,42578.429578196374,7,SO1,10.810977935791016,夏稻、冬小麦、蚕豆、玉米；大豆、冬油菜；茶、油桐、棕榈；杨梅、苹果,107.9538693,29.3572996
2504,14.502385139465332,6.980316162109375,168.9547119140625,6.616196632385254,-0.000817844,0.0018821564735844731,,0.0006038389983586967,0.017178108915686607,,1224.658604208054,42466.1629344106,7,SO1,12.866155624389648,夏稻、冬小麦、蚕豆、玉米；大豆、冬油菜；茶、油桐、棕榈；杨梅、苹果,107.9555617,29.35753063
2505,23.815683364868164,6.101746082305908,146.56163024902344,11.055998802185059,0.0002941504353657365,0.004793368745595217,,-0.000795859,0.011708958074450493,,1246.999146913152,42401.614136125296,2,SO1,29.171253204345703,夏稻、冬小麦、蚕豆、玉米；大豆、冬油菜；茶、油桐、棕榈；杨梅、苹果,107.9555445,29.35658214
2506,11.728838920593262,6.652409553527832,215.29969787597656,5.758729934692383,0.00028467204538173974,0.004007507115602493,,-0.008186379,0.02587227150797844,,1289.137955781615,27511.89804555413,2,SC2,10.011013984680176,茅栗、白栎灌丛,108.1801815,29.35215509
2507,13.9357271194458,5.68134069442749,27.950544357299805,6.413715839385986,0.0017125046579167247,0.0018184970831498504,,-0.015081105,0.020626353099942207,,1417.8424762747559,27428.335763827537,2,SC2,10.690885543823242,茅栗、白栎灌丛,108.181737,29.3523233
2508,13.807705879211426,9.993947982788086,48.75812911987305,8.201224327087402,-0.000537991,0.002695759292691946,,0.3558696508407593,0.8762006163597107,,2534.5714765017497,26412.423992067266,7,SC2,2.8322694301605225,茅栗、白栎灌丛,108.1970695,29.35141937
2509,16.171489715576172,6.939864158630371,308.51394271850586,7.381535053253174,0.0007926782709546387,0.0046700164675712585,,7.384265336440876e-05,0.020545421168208122,,588.94232630642,25115.68212116316,2,SC2,35.81072235107422,夏稻、冬小麦、蚕豆、玉米；大豆、冬油菜；茶、油桐、棕榈；杨梅、苹果,108.2172442,29.35015261
2510,21.07302474975586,6.4071455001831055,157.5330352783203,9.612116813659668,0.000476225046440959,0.004481983371078968,,0.0006068481015972793,0.011017386801540852,,925.598130232527,42637.52013784767,2,SO1,51.358543395996094,夏稻、冬小麦、蚕豆、玉米；大豆、冬油菜；茶、油桐、棕榈；杨梅、苹果,107.9520253,29.35612438
2511,17.986942291259766,5.676562309265137,182.8456573486328,8.104239463806152,-0.002551306,0.0021912974771112204,,0.004449459258466959,0.0061293672770261765,,1105.571321728914,42536.713102096684,7,SO1,12.96003532409668,夏稻、冬小麦、蚕豆、玉米；大豆、冬油菜；茶、油桐、棕榈；杨梅、苹果,107.9541678,29.35702444
2512,25.442333221435547,7.715116500854492,178.98606872558594,12.526151657104492,-0.004207438,0.0031635682098567486,,-0.001093466,0.01923372782766819,,1169.5602337173493,42493.40474953679,7,SO1,12.963897705078125,夏稻、冬小麦、蚕豆、玉米；大豆、冬油菜；茶、油桐、棕榈；杨梅、苹果,107.9548877,29.35718751
2513,17.196683883666992,7.850220203399658,148.5184326171875,7.853664875030518,-0.00036426,0.0013149825390428305,,0.0036764275282621384,0.017656425014138222,,1274.4339250422097,42412.59751779007,7,SO1,14.019366264343262,夏稻、冬小麦、蚕豆、玉米；大豆、冬油菜；茶、油桐、棕榈；杨梅、苹果,107.9560134,29.35725207
2514,24.778690338134766,6.296574592590332,357.14417457580566,11.510208129882812,-0.002323254,0.007532975170761347,,0.008892195299267769,0.01391545869410038,,2524.284775035065,26495.36673629599,2,SC2,23.881406784057617,茅栗、白栎灌丛,108.1955397,29.35132179
2515,20.168989181518555,7.789004325866699,58.21633529663086,9.364596366882324,0.0006090598180890083,0.0036398684605956078,,0.009409978054463863,0.036424342542886734,,1396.0362330810865,25503.218673245967,7,SC2,46.001434326171875,茅栗、白栎灌丛,108.2085327,29.34876138
2516,14.784141540527344,5.918963432312012,313.0796012878418,6.883917808532715,0.0007967668934725225,0.003426844486966729,,-0.004687308,0.028390461578965187,,472.371976897959,25115.214070086888,2,SC2,12.383540153503418,夏稻、冬小麦、蚕豆、玉米；大豆、冬油菜；茶、油桐、棕榈；杨梅、苹果,108.2187806,29.35116532
2517,22.460369110107422,5.835251808166504,135.8931121826172,10.208402633666992,-7.87E-05,0.0016478127799928188,,0.0035954974591732025,0.01320950873196125,,1309.6333865432048,42370.8643337421,2,SO1,18.129047393798828,夏稻、冬小麦、蚕豆、玉米；大豆、冬油菜；茶、油桐、棕榈；杨梅、苹果,107.9563119,29.3569769
2518,22.582645416259766,8.695398330688477,86.0282974243164,10.558246612548828,0.0009694644249975681,0.0029101811815053225,,0.0040877037681639194,0.027958067134022713,,2211.1347200182627,26040.75917446012,7,SC2,59.221961975097656,茅栗、白栎灌丛,108.2001633,29.3492794
2519,25.89945411682129,10.671271324157715,298.86571884155273,12.54980182647705,0.0023200111463665962,0.004144026432186365,,0.013094243593513966,0.0202668234705925,,1773.5477888524035,25890.8541930325,2,SC2,25.213945388793945,茅栗、白栎灌丛,108.2048717,29.35071797
2520,9.509450912475586,5.610866069793701,35.450679779052734,4.630618095397949,0.00038968425360508263,0.004080941900610924,,-0.005651231,0.04145996645092964,,245.27393484488897,24937.375507236957,7,SC2,15.497171401977539,夏稻、冬小麦、蚕豆、玉米；大豆、冬油菜；茶、油桐、棕榈；杨梅、苹果,108.2211024,29.35069303
2521,23.401111602783203,8.650592803955078,137.51844787597656,11.071662902832031,0.00019226063159294426,0.005524356849491596,,0.0011588052147999406,0.0170227512717247,,1125.923711421858,42143.48673766152,2,SO1,126.9994125366211,夏稻、冬小麦、蚕豆、玉米；大豆、冬油菜；茶、油桐、棕榈；杨梅、苹果,107.9545124,29.35169043
2522,29.889402389526367,8.392522811889648,9.905257225036621,14.510848045349121,-0.000161966,0.0024575863499194384,,-0.001268809,0.010891123674809933,,2025.1301151372893,26799.75663179654,2,SC2,111.7562255859375,茅栗、白栎灌丛,108.1900806,29.35101694
2523,27.247163772583008,9.024415969848633,133.98585510253906,13.056024551391602,0.0005120325367897749,0.0034955188166350126,,-0.000456635,0.011996092274785042,,357.0006435465653,24552.949801913757,2,SC2,75.29132080078125,夏稻、冬小麦、蚕豆、玉米；大豆、冬油菜；茶、油桐、棕榈；杨梅、苹果,108.2274832,29.35057436
2524,23.566930770874023,6.816006660461426,345.38927841186523,11.101339340209961,-0.00204053,0.006498479284346104,,0.006424431223422289,0.013372480869293213,,2420.731000519108,26520.926183663014,2,SC2,18.966962814331055,茅栗、白栎灌丛,108.1945647,29.35094239
2525,22.005279541015625,6.276700019836426,78.62998962402344,10.059972763061523,-0.000808289,0.006118305958807468,,0.0026310363318771124,0.010605907067656517,,2502.78572149314,26402.441771760674,7,SC2,27.419157028198242,茅栗、白栎灌丛,108.1957064,29.35037074
2526,15.702914237976074,8.465917587280273,106.549072265625,7.234188079833984,-0.00059525,0.0036251083947718143,,-0.001284967,0.023517705500125885,,2497.8527526754224,26116.994193679195,7,SC2,37.39252471923828,茅栗、白栎灌丛,108.1971735,29.34810617
2527,18.76146697998047,6.237785339355469,34.53943634033203,8.493440628051758,0.0017122020944952965,0.0042557017877697945,,-0.002363409,0.011201969347894192,,2499.137494999043,26265.10674920926,7,SC2,30.148815155029297,茅栗、白栎灌丛,108.1961356,29.34908977
2528,9.721033096313477,3.7521157264709473,207.09901428222656,4.485305309295654,0.0014960222179070115,0.0038344236090779305,,-0.001129832,0.020422276109457016,,604.3939302609969,42874.457219514195,7,SO1,8.110370635986328,夏稻、冬小麦、蚕豆、玉米；大豆、冬油菜；茶、油桐、棕榈；杨梅、苹果,107.9483218,29.35545307
2529,28.695886611938477,10.343841552734375,243.6833724975586,14.209672927856445,-0.000210589,0.00592221412807703,,0.0017361871432512999,0.01683478243649006,,967.6274115951111,42528.68205332824,2,SO1,105.64749908447266,夏稻、冬小麦、蚕豆、玉米；大豆、冬油菜；茶、油桐、棕榈；杨梅、苹果,107.9523192,29.35486695
2530,31.449670791625977,9.99405574798584,349.03153133392334,14.009530067443848,-0.000247842,0.004874737001955509,,0.0015785519499331713,0.006878019310534,,2227.573075674297,26574.411478725884,7,SC2,48.72532653808594,茅栗、白栎灌丛,108.1927272,29.35027677
2531,20.862825393676758,8.978045463562012,342.04272842407227,9.994873047,-0.000619001,0.004594560246914625,,-0.001484075,0.029318982735276222,,157.7157474800362,24785.845140368354,7,SC2,20.082733154296875,夏稻、冬小麦、蚕豆、玉米；大豆、冬油菜；茶、油桐、棕榈；杨梅、苹果,108.2215819,29.34929761
2532,31.8179988861084,11.343505859375,250.78346252441406,16.250308990478516,-0.000282372,0.005802028812468052,,0.03886202722787857,0.5865654945373535,,1194.6708658517907,42216.77956502219,2,SO1,128.64060974121094,夏稻、冬小麦、蚕豆、玉米；大豆、冬油菜；茶、油桐、棕榈；杨梅、苹果,107.9550828,29.35339587
2533,26.067962646484375,11.846856117248535,26.185863494873047,12.66411304473877,0.0009260407532565296,0.004857612773776054,,0.0014566781464964151,0.016735397279262543,,2104.879023584912,26514.48765136389,7,SC2,114.12442779541016,茅栗、白栎灌丛,108.191911,29.34900551
2534,22.483055114746094,7.7251973152160645,97.05812072753906,10.541954040527344,-0.000744012,0.003445802489295602,,0.00547616695985198,0.017359072342514992,,1688.649998309394,25734.234311896154,7,SC2,36.4205207824707,茅栗、白栎灌丛,108.2055647,29.34940638
2535,33.309059143066406,4.576817512512207,16.663986206054688,16.21830940246582,0.0017119055846706033,0.0037285475991666317,,-0.003191237,0.004839963745325804,,1803.9324442883478,26836.269991156445,2,SC2,32.62616729736328,茅栗、白栎灌丛,108.1881008,29.3500231
2536,34.226226806640625,5.151209831237793,13.449718475341797,16.689876556396484,-0.000105537,0.0015441240975633264,,0.0010937321931123734,0.004815705120563507,,1950.8527083444992,26728.970680205963,2,SC2,39.88985061645508,茅栗、白栎灌丛,108.1897849,29.3499828
2537,33.79463577270508,4.960916042327881,11.02810001373291,16.440126419067383,-2.76E-05,0.0019726729951798916,,0.0005114561645314097,0.006122919265180826,,1979.1983678132965,26677.26374968112,2,SC2,30.856266021728516,茅栗、白栎灌丛,108.1902359,29.34970349
2538,23.14327049255371,5.7969489097595215,118.0582275390625,10.63202953338623,0.0005736620514653623,0.005928092170506716,,-0.004250787,0.007739903870970011,,1795.3904591582805,25739.88061067709,7,SC2,27.8526554107666,茅栗、白栎灌丛,108.2044159,29.34870884
2539,23.657888412475586,9.308168411254883,300.1693344116211,11.562373161315918,-0.002371085,0.007784920744597912,,0.016949031502008438,0.04845148324966431,,947.5918342494438,25264.107030705512,2,SC2,15.785871505737305,夏稻、冬小麦、蚕豆、玉米；大豆、冬油菜；茶、油桐、棕榈；杨梅、苹果,108.2132015,29.34915183
2540,22.55794906616211,9.391616821289062,282.60728454589844,10.844982147216797,0.0011970405466854572,0.0048703295178711414,,0.012929646298289299,0.02973124012351036,,751.1112456970371,25145.27419325858,2,SC2,22.803457260131836,夏稻、冬小麦、蚕豆、玉米；大豆、冬油菜；茶、油桐、棕榈；杨梅、苹果,108.2152447,29.34916223
2541,20.885251998901367,9.781550407409668,335.78797912597656,10.594056129455566,-0.001949832,0.009934298694133759,,0.031718239188194275,0.06047680974006653,,995.9335826598979,25269.43489671587,2,SC2,12.508302688598633,茅栗、白栎灌丛,108.2126669,29.34885785
2542,16.439313888549805,9.72925853729248,105.63568878173828,7.818653106689453,0.00012613450235221535,0.0027736430056393147,,0.03707581013441086,0.05418755114078522,,360.93616381466967,24827.05797103399,7,SC2,23.049068450927734,夏稻、冬小麦、蚕豆、玉米；大豆、冬油菜；茶、油桐、棕榈；杨梅、苹果,108.2191677,29.34816397
2543,18.817468643188477,11.171377182006836,252.8639907836914,9.118127822875977,0.0011727075325325131,0.0046447040513157845,,-0.009438662,0.01661115139722824,,502.17646075759853,42924.87685302465,2,SO1,14.773419380187988,夏稻、冬小麦、蚕豆、玉米；大豆、冬油菜；茶、油桐、棕榈；杨梅、苹果,107.9470533,29.354765
2544,19.82408332824707,8.421414375305176,51.37038803100586,9.419123649597168,0.0008202929748222232,0.005794493947178125,,0.01138915866613388,0.03970993310213089,,771.7707563934783,25057.272236129123,2,SC2,32.92341232299805,夏稻、冬小麦、蚕豆、玉米；大豆、冬油菜；茶、油桐、棕榈；杨梅、苹果,108.2149406,29.34796579
2545,20.681026458740234,4.494273662567139,78.97417449951172,9.793512344360352,0.002876145299524069,0.0022320407442748547,,0.005087053868919611,0.009229151532053947,,222.7821803784319,24760.78724411301,7,SC2,11.993207931518555,夏稻、冬小麦、蚕豆、玉米；大豆、冬油菜；茶、油桐、棕榈；杨梅、苹果,108.2206079,29.34836893
2546,25.25228500366211,12.740152359008789,45.806732177734375,13.022446632385254,0.0034506728406995535,0.005575261078774929,,0.0005862369434908032,0.02158368192613125,,128.82681891432358,24658.307704847062,2,SC2,37.149635314941406,夏稻、冬小麦、蚕豆、玉米；大豆、冬油菜；茶、油桐、棕榈；杨梅、苹果,108.2215877,29.34785956
2547,27.37723731994629,9.566097259521484,100.9656982421875,13.813654899597168,0.0028861109167337418,0.010537554509937763,,0.008993125520646572,0.020333318039774895,,957.1009127535018,25188.061805782316,2,SC2,22.41590118408203,茅栗、白栎灌丛,108.2130316,29.34817951
2548,22.215730667114258,10.452038764953613,252.06354522705078,10.794832229614258,0.000917593133635819,0.005176863633096218,,-0.007454087,0.015614732168614864,,460.64668470435146,42931.22888919113,2,SO1,18.291088104248047,夏稻、冬小麦、蚕豆、玉米；大豆、冬油菜；茶、油桐、棕榈；杨梅、苹果,107.9467392,29.35450339
2549,8.75822925567627,5.721278667449951,26.310211181640625,4.2501325607299805,-0.001390031,0.00201075104996562,,0.018419012427330017,0.024325719103217125,,496.9619755828887,24915.40325154512,7,SC2,4.839950084686279,夏稻、冬小麦、蚕豆、玉米；大豆、冬油菜；茶、油桐、棕榈；杨梅、苹果,108.2177692,29.3482361
2550,18.27392578,8.637170791625977,105.04943084716797,8.499281883239746,-0.000137584,0.0034288233146071434,,-0.000372327,0.018602941185235977,,616.6776996674828,24744.60718494324,7,SC2,36.23298263549805,茅栗、白栎灌丛,108.21695,29.34576227
2551,14.919776916503906,6.117834568023682,80.19507598876953,6.83312463760376,0.0006405729800462723,0.002986815758049488,,-0.003721671,0.01663338392972946,,459.7884159567027,24514.40379658032,2,SC2,58.78750228881836,茅栗、白栎灌丛,108.2192181,29.34466254
2552,36.5233039855957,14.729947090148926,190.33010864257812,20.531047821044922,0.0022838653530925512,0.004273793660104275,,0.0011966637102887034,0.01674537919461727,,181.48139998311848,24329.64550018227,2,SC2,101.36116790771484,夏稻、冬小麦、蚕豆、玉米；大豆、冬油菜；茶、油桐、棕榈；杨梅、苹果,108.2254307,29.34669002
2553,19.94086456298828,8.872734069824219,140.15939331054688,9.294120788574219,0.0011116641107946634,0.0063722445629537106,,0.00628180056810379,0.020151237025856972,,1054.00440874605,25064.73816117126,2,SC2,23.16383934020996,茅栗、白栎灌丛,108.2122418,29.34626178
2554,9.010599136352539,5.254067420959473,43.18376922607422,4.250326633453369,-0.001824282,0.00200717244297266,,0.022184865549206734,0.0356578603386879,,527.5689132328406,24910.765373239476,7,SC2,5.237273216247559,夏稻、冬小麦、蚕豆、玉米；大豆、冬油菜；茶、油桐、棕榈；杨梅、苹果,108.2174545,29.34797518
2555,21.258962631225586,7.259101390838623,58.209896087646484,10.0216703414917,0.0007078862399794161,0.00412180507555604,,-0.000773713,0.02141299471259117,,1950.6906123224671,25710.727888028727,2,SC2,40.57875442504883,茅栗、白栎灌丛,108.2028256,29.34731897
2556,14.469498634338379,6.249752998352051,121.89771270751953,5.998995780944824,-0.001517775,0.00597102427855134,,-0.005990669,0.020019372925162315,,1626.2323244080308,25500.68340578224,7,SC2,12.873143196105957,茅栗、白栎灌丛,108.206179,29.34717283
2557,17.43190574645996,7.00569486618042,348.40205669403076,7.974298477172852,0.0009736941428855062,0.003760390682145953,,0.0015077157877385616,0.02033056877553463,,1367.17547076937,25222.198089935,7,SC2,43.283958435058594,茅栗、白栎灌丛,108.2090359,29.3459175
2558,17.052013397216797,7.771299839019775,1.8510390520095825,7.8045196533203125,0.0009223252418451011,0.0037743649445474148,,0.0022527307737618685,0.01871294528245926,,814.1057552185736,24915.431924096083,2,SC2,34.08626174926758,茅栗、白栎灌丛,108.2147607,29.34624293
2559,30.858766555786133,19.73299789428711,37.978023529052734,18.539709091186523,0.0004157954244874418,0.0054751294665038586,,0.005780568812042475,0.028956038877367973,,131.97696486524907,24376.50611869975,2,SC2,83.37904357910156,夏稻、冬小麦、蚕豆、玉米；大豆、冬油菜；茶、油桐、棕榈；杨梅、苹果,108.2225926,29.34533945
2560,17.676773071289062,5.611567974090576,109.64978790283203,7.918886184692383,0.0005158120184205472,0.0024569539818912745,,-0.000576727,0.010258276015520096,,401.11644880095594,24388.331214098696,2,SC2,49.196170806884766,茅栗、白栎灌丛,108.2202858,29.34394469
2561,16.935415267944336,5.900082111358643,246.59349822998047,7.6290693283081055,0.003464139299467206,0.004637013655155897,,0.003378136083483696,0.012562021613121033,,309.1333496280888,42880.76334443842,7,SO1,22.337688446044922,夏稻、冬小麦、蚕豆、玉米；大豆、冬油菜；茶、油桐、棕榈；杨梅、苹果,107.9459402,29.35284912
2562,20.526220321655273,8.45490550994873,192.4195556640625,9.66352653503418,0.001322439406067133,0.004906156565994024,,-0.000360056,0.017406413331627846,,886.4110980107321,42491.2558558335,2,SO1,103.87837982177734,夏稻、冬小麦、蚕豆、玉米；大豆、冬油菜；茶、油桐、棕榈；杨梅、苹果,107.9518034,29.35374526
2563,7.725579261779785,4.382974624633789,219.50770568847656,4.49140739440918,-0.001386074,0.001500788377597928,,0.013848677277565002,0.009399211965501308,,188.44195321727207,42909.071935830405,1,SO1,3.749861717224121,夏稻、冬小麦、蚕豆、玉米；大豆、冬油菜；茶、油桐、棕榈；杨梅、苹果,107.9448281,29.35199441
2564,8.681248664855957,3.271590232849121,125.68290710449219,3.9921092987060547,0.0005809214198961854,0.003762599779292941,,0.003708069445565343,0.01817771978676319,,268.5019080528773,42825.57287718854,7,SO1,5.448951244354248,夏稻、冬小麦、蚕豆、玉米；大豆、冬油菜；茶、油桐、棕榈；杨梅、苹果,107.9456716,29.35172215
2565,20.71929359436035,14.146008491516113,267.5437240600586,10.180562019348145,0.0010183018166571856,0.0029503635596483946,,0.003544387873262167,0.022785231471061707,,254.16284460888699,23688.02044985119,7,SC2,90.35400391,茅栗、白栎灌丛,108.2305244,29.34281094
2566,7.420103073120117,4.036970615386963,171.06695556640625,3.350574016571045,0.0013117286143824458,0.002518590074032545,,-0.001832142,0.01949136145412922,,249.78156009350937,42797.55536407939,7,SO1,6.501896858215332,夏稻、冬小麦、蚕豆、玉米；大豆、冬油菜；茶、油桐、棕榈；杨梅、苹果,107.9455183,29.35112876
2567,5.088134766,5.868256568908691,190.8623809814453,2.391711473464966,-7.99E-05,0.0014159214915707707,,0.0025053932331502438,0.02492724545300007,,123.60217787870657,42775.12613888346,1,SO1,5.7853827476501465,夏稻、冬小麦、蚕豆、玉米；大豆、冬油菜；茶、油桐、棕榈；杨梅、苹果,107.9443319,29.34941894
2568,7.603034019470215,4.419360637664795,177.88027954101562,3.5335185527801514,0.00034674504422582686,0.0026576868258416653,,-0.005083214,0.013612272217869759,,179.72540999927617,42848.12242931553,1,SO1,6.706637382507324,夏稻、冬小麦、蚕豆、玉米；大豆、冬油菜；茶、油桐、棕榈；杨梅、苹果,107.944801,29.35105509
2569,8.456831932067871,8.474475860595703,207.90994262695312,3.854100465774536,0.00047784371417947114,0.002960492391139269,,0.013818700797855854,0.08394528180360794,,302.33986639395766,42619.09448943007,7,SO1,18.845067977905273,夏稻、冬小麦、蚕豆、玉米；大豆、冬油菜；茶、油桐、棕榈；杨梅、苹果,107.9461865,29.34923747
2570,6.2894744873046875,3.7639858722686768,193.10110473632812,3.0364925861358643,0.00027415898512117565,0.0009156661690212786,,-0.006242979,0.02232731133699417,,246.94476661872847,42762.29529753426,7,SO1,4.249614238739014,夏稻、冬小麦、蚕豆、玉米；大豆、冬油菜；茶、油桐、棕榈；杨梅、苹果,107.9455238,29.35060944
2571,29.66496467590332,16.033710479736328,0.09166346490383148,16.62283706665039,-0.001224322,0.004646629560738802,,0.02563391625881195,0.028265271335840225,,11.757143375990541,24139.063367448987,1,SC2,20.394086837768555,夏稻、冬小麦、蚕豆、玉米；大豆、冬油菜；茶、油桐、棕榈；杨梅、苹果,108.2246849,29.34404129
2572,40.14717483520508,14.521892547607422,234.62743377685547,23.03507423400879,0.0012799655087292194,0.004381559323519468,,0.005295346025377512,0.015379205346107483,,134.37130298817956,24011.653707817757,2,SC2,80.81758117675781,夏稻、冬小麦、蚕豆、玉米；大豆、冬油菜；茶、油桐、棕榈；杨梅、苹果,108.2266565,29.34390716
2573,33.06084442138672,9.322257995605469,326.0743980407715,17.285703659057617,0.00047057255869731307,0.005905571859329939,,-5.12E-05,0.017162185162305832,,461.1569599317819,23697.326674239815,2,SC2,31.267730712890625,茅栗、白栎灌丛,108.232348,29.3441242
2574,32.353607177734375,15.496291160583496,32.60432815551758,17.705392837524414,-0.002041672,0.006157283205538988,,0.019623007625341415,0.02834717556834221,,51.88206694807784,24134.425255935694,2,SC2,30.889692306518555,夏稻、冬小麦、蚕豆、玉米；大豆、冬油菜；茶、油桐、棕榈；杨梅、苹果,108.2243703,29.34378038
2575,29.391845703125,15.883467674255371,35.104522705078125,16.4177303314209,-0.001888244,0.005609119310975075,,0.023655083030462265,0.027996016666293144,,25.464484302074084,24115.82621551259,1,SC2,22.974416732788086,夏稻、冬小麦、蚕豆、玉米；大豆、冬油菜；茶、油桐、棕榈；杨梅、苹果,108.2246764,29.34377298
2576,29.30022621154785,11.523789405822754,321.38182830810547,14.718249320983887,0.001130428398028016,0.0051223584450781345,,0.006916585378348827,0.014073534868657589,,451.67059991194304,23655.490936862945,2,SC2,28.182676315307617,茅栗、白栎灌丛,108.2326457,29.34384847
2577,37.29046630859375,9.652131080627441,27.127336502075195,19.793319702148438,-0.001911509,0.007847116328775883,,-0.000152724,0.009957883507013321,,180.44577470183847,24166.99382326841,2,SC2,65.89355469,夏稻、冬小麦、蚕豆、玉米；大豆、冬油菜；茶、油桐、棕榈；杨梅、苹果,108.2231452,29.34333691
2578,24.867399215698242,17.807174682617188,36.65845489501953,13.931758880615234,-0.000274397,0.004435500595718622,,0.017025884240865707,0.026642045006155968,,32.85514853433945,23940.869246988193,1,SC2,21.983417510986328,夏稻、冬小麦、蚕豆、玉米；大豆、冬油菜；茶、油桐、棕榈；杨梅、苹果,108.2257429,29.34250158
2579,23.534013748168945,8.49217414855957,210.97430419921875,11.23546028137207,-0.001340398,0.005403945688158274,,-0.001200737,0.01809505559504032,,739.9072407195138,42277.304043250275,2,SO1,55.9918212890625,夏稻、冬小麦、蚕豆、玉米；大豆、冬油菜；茶、油桐、棕榈；杨梅、苹果,107.9506905,29.34933533
2580,6.603461742401123,4.6297125816345215,72.19671630859375,3.7631115913391113,0.001436982536688447,0.0045174951665103436,,-0.009758772,0.04659077897667885,,640.9225076164561,24466.91355675063,2,SC2,3.997581958770752,夏稻、冬小麦、蚕豆、玉米；大豆、冬油菜；茶、油桐、棕榈；杨梅、苹果,108.2179193,29.34326498
2581,28.387535095214844,12.404372215270996,48.446266174316406,14.488359451293945,0.000980488839559257,0.008170846849679947,,-0.004368927,0.008885174058377743,,311.3439063010636,24093.926915407126,2,SC2,71.77929688,茅栗、白栎灌丛,108.2224607,29.34205732
2582,9.25692081451416,11.248891830444336,299.5499382019043,4.66219425201416,0.00042974698590114713,0.0017712434055283666,,0.004331252537667751,0.029417667537927628,,449.1077246454831,23538.81489897825,7,SC2,8.178997039794922,茅栗、白栎灌丛,108.2335107,29.34310251
2583,11.510807037353516,4.682613849639893,218.46133422851562,5.657264709472656,-0.000919362,0.004177157301455736,,0.010326522402465343,0.015065832063555717,,410.14260640222636,42519.64775100677,7,SO1,6.782323360443115,夏稻、冬小麦、蚕豆、玉米；大豆、冬油菜；茶、油桐、棕榈；杨梅、苹果,107.9473101,29.34905266
2584,12.87910270690918,4.4785895347595215,191.59425354003906,5.963128089904785,-0.004405867,0.002957294462248683,,0.009076465852558613,0.016902394592761993,,440.4064847077778,42470.72997126186,7,SO1,5.733890533447266,夏稻、冬小麦、蚕豆、玉米；大豆、冬油菜；茶、油桐、棕榈；杨梅、苹果,107.947645,29.34870957
2585,19.490564346313477,9.882158279418945,172.88986206054688,9.231307983398438,-0.001824742,0.006310371682047844,,0.010440344922244549,0.012944855727255344,,483.66373796973033,42425.77235056174,7,SO1,16.787677764892578,夏稻、冬小麦、蚕豆、玉米；大豆、冬油菜；茶、油桐、棕榈；杨梅、苹果,107.9481006,29.34856522
2586,23.03116798400879,7.165574073791504,158.3196258544922,10.789078712463379,-0.000169119,0.004569020587950945,,-0.00030478,0.010115246288478374,,813.5276980069905,42013.57128054447,2,SO1,66.58547973632812,夏稻、冬小麦、蚕豆、玉米；大豆、冬油菜；茶、油桐、棕榈；杨梅、苹果,107.9511656,29.34595516
2587,24.941041946411133,6.869504451751709,131.7816925048828,11.771933555603027,0.0006845863536000252,0.004034987650811672,,0.0011738003231585026,0.03235429897904396,,816.0082038358881,42122.0871547655,2,SO1,55.981685638427734,夏稻、冬小麦、蚕豆、玉米；大豆、冬油菜；茶、油桐、棕榈；杨梅、苹果,107.9515452,29.34801065
2588,13.641831398010254,7.730339527130127,164.41769409179688,6.275588512420654,-0.001949192,0.0020021875388920307,,0.01300704013556242,0.01534446980804205,,392.16862919112367,42481.000773361055,7,SO1,9.35087776184082,夏稻、冬小麦、蚕豆、玉米；大豆、冬油菜；茶、油桐、棕榈；杨梅、苹果,107.947174,29.34831716
2589,17.099225997924805,4.783163547515869,128.8302764892578,7.918169021606445,-0.001409193,0.0024670639541000128,,0.006885970942676067,0.008142554201185703,,432.28725200736056,42433.24206650795,7,SO1,8.157243728637695,夏稻、冬小麦、蚕豆、玉米；大豆、冬油菜；茶、油桐、棕榈；杨梅、苹果,107.9475966,29.34809298
2590,25.90534019470215,6.037710189819336,124.429931640625,12.059473037719727,0.0013693083310499787,0.0034520146436989307,,0.004455553367733955,0.013294914737343788,,335.5161034995686,42452.914813377174,2,SO1,45.865604400634766,夏稻、冬小麦、蚕豆、玉米；大豆、冬油菜；茶、油桐、棕榈；杨梅、苹果,107.9463511,29.34693625
2591,7.93715238571167,8.6176176071167,171.07748413085938,4.269764423370361,-0.00125877,0.0021489965729415417,,0.016736211255192757,0.025820137932896614,,0.7608400460620818,23781.137300329556,1,SC2,3.727407455444336,芒草、野古草、金茅草丛,108.2270582,29.34156724
2592,16.552248001098633,7.797249794006348,56.247745513916016,7.628716945648193,0.0009025389445014298,0.004974978044629097,,0.004791832063347101,0.020107580348849297,,160.72079919585326,23575.968513614604,7,SC2,32.80431365966797,芒草、野古草、金茅草丛,108.2277984,29.33973814
2593,0.3679872453212738,0.2322492003440857,234.93795776367188,0.6380434632301331,-0.000518161,0.0014200550504028797,,0.054663170129060745,0.16551874577999115,,58.947776998552094,42715.006981528924,1,SO1,0.22268088161945343,夏稻、冬小麦、蚕豆、玉米；大豆、冬油菜；茶、油桐、棕榈；杨梅、苹果,107.9434096,29.34743355
2594,24.06673240661621,6.11775541305542,100.61810302734375,11.128663063049316,-0.000151169,0.00470675528049469,,-0.000308278,0.00991140678524971,,740.4955962312288,42043.10888135708,2,SO1,77.69824981689453,夏稻、冬小麦、蚕豆、玉米；大豆、冬油菜；茶、油桐、棕榈；杨梅、苹果,107.9497961,29.34480299
2595,13.020042419433594,11.427433967590332,74.89884185791016,6.355785846710205,-0.000691722,0.003091096878051758,,0.010344241745769978,0.0148895513266325,,41.18605585578718,23776.499039852984,7,SC2,9.4889497756958,芒草、野古草、金茅草丛,108.2267436,29.34130635
2596,31.203859329223633,7.975513458251953,358.2280993461609,15.221765518188477,0.0009986513759940863,0.003876472357660532,,0.00022088945843279362,0.007610953878611326,,259.5514652603731,23889.351819721618,2,SC2,75.47554779052734,茅栗、白栎灌丛,108.2242155,29.34090721
2597,16.041091918945312,11.344985961914062,119.27024841308594,7.256443500518799,0.0011661987518891692,0.002745646284893155,,0.016988448798656464,0.01959206536412239,,401.1774378882305,23243.073567135423,7,SC2,28.05238914489746,茅栗、白栎灌丛,108.2348139,29.34062256
2598,25.621435165405273,11.023011207580566,124.2231674194336,12.653943061828613,0.0011796074686571956,0.004328140057623386,,-0.006379716,0.09536349028348923,,236.3338327946775,42522.1106150914,2,SO1,50.50571060180664,夏稻、冬小麦、蚕豆、玉米；大豆、冬油菜；茶、油桐、棕榈；杨梅、苹果,107.9437541,29.3449177
2599,11.241226196289062,15.260501861572266,172.68612670898438,6.913365840911865,-0.00214867,0.004429957829415798,,0.05026208236813545,0.1464206725358963,,129.46788058141556,42639.47431847162,1,SO1,11.312710762023926,夏稻、冬小麦、蚕豆、玉米；大豆、冬油菜；茶、油桐、棕榈；杨梅、苹果,107.943641,29.3465642
2600,17.71511459350586,8.862732887268066,331.79127502441406,8.267913818359375,0.00011564839951461181,0.003509641159325838,,-0.000630022,0.020304808393120766,,486.2810082848875,23556.943846426057,2,SC2,84.24051666259766,茅栗、白栎灌丛,108.2245266,29.33735527
2601,11.865060806274414,4.687674045562744,351.88185024261475,5.44419527053833,0.0025225409772247076,0.0017454257467761636,,-0.016916389,0.02128124237060547,,527.9536103953101,24060.167375358953,2,SC2,7.648162364959717,茅栗、白栎灌丛,108.2209009,29.3406421
2602,7.610564708709717,6.189940452575684,186.26950073242188,3.9926846027374268,-0.000525848,0.0022709874901920557,,0.013326611369848251,0.054051633924245834,,192.71421910617036,23349.14729905103,7,SC2,7.395025730133057,芒草、野古草、金茅草丛,108.2326382,29.34038038
2603,20.766674041748047,11.56277084350586,142.3919677734375,9.859807014465332,-0.000305835,0.0020640529692173004,,0.02970883622765541,0.10776498913764954,,177.38806912893833,42595.96065908158,1,SO1,18.87693214416504,夏稻、冬小麦、蚕豆、玉米；大豆、冬油菜；茶、油桐、棕榈；杨梅、苹果,107.9443712,29.3467678
2604,26.287059783935547,6.439472198486328,107.11781311035156,12.315014839172363,0.00020160303392913193,0.004441136959940195,,-0.001110627,0.010775933973491192,,748.8887214202318,42007.013629003224,2,SO1,100.4958267211914,夏稻、冬小麦、蚕豆、玉米；大豆、冬油菜；茶、油桐、棕榈；杨梅、苹果,107.9479149,29.34203646
2605,23.22032928466797,6.903666019439697,157.1561279296875,10.808900833129883,-0.000144795,0.0054485551081597805,,-0.072344795,0.8932802081108093,,756.8629137309581,42012.70123993311,2,SO1,108.00003814697266,夏稻、冬小麦、蚕豆、玉米；大豆、冬油菜；茶、油桐、棕榈；杨梅、苹果,107.9490152,29.34342689
2606,19.930444717407227,7.238592147827148,140.1404266357422,9.355963706970215,0.0018916536355391145,0.0030439619440585375,,0.001662552822381258,0.019810931757092476,,307.5859366491198,23176.76278179529,7,SC2,42.59828567504883,芒草、野古草、金茅草丛,108.2340927,29.33939514
2607,14.540742874145508,9.517070770263672,206.38026428222656,7.161827564239502,-0.000145164,0.003023292636498809,,0.018490107730031013,0.07169726490974426,,15.88978833052234,23395.291788635095,1,SC2,9.78895378112793,芒草、野古草、金茅草丛,108.230673,29.33960011
2608,11.786600112915039,8.734148025512695,196.3813934326172,6.0897908210754395,-0.000721076,0.0024313193280249834,,0.023907195776700974,0.07265188544988632,,12.667225589498845,23376.693066353688,1,SC2,9.413312911987305,芒草、野古草、金茅草丛,108.2309792,29.33959269
2609,25.342193603515625,7.814050197601318,19.404315948486328,11.958367347717285,0.00029746562358923256,0.004373729228973389,,-0.001174032,0.013893191702663898,,363.19777443144864,23777.190817853407,2,SC2,74.26336669921875,茅栗、白栎灌丛,108.224093,29.33955801
2610,12.363042831420898,8.620187759399414,0.5726176500320435,5.969992160797119,0.0012650073040276766,0.0025648646987974644,,0.00178521650377661,0.05105653777718544,,152.77315923758653,23398.570934770785,7,SC2,16.932397842407227,芒草、野古草、金茅草丛,108.2294006,29.33879418
2611,16.20735740661621,8.711292266845703,183.90869140625,7.446728706359863,0.001352548599243164,0.0040534804575145245,,0.01052992045879364,0.021862683817744255,,79.13266681456898,23255.543991101225,7,SC2,23.827953338623047,芒草、野古草、金茅草丛,108.231825,29.33878343
2612,28.928529739379883,5.666659832000732,118.29649353027344,13.813337326049805,0.00023177244293037802,0.00515576358884573,,0.0030255361925810575,0.010191204957664013,,212.9097745544251,42551.80462615864,2,SO1,24.838001251220703,夏稻、冬小麦、蚕豆、玉米；大豆、冬油菜；茶、油桐、棕榈；杨梅、苹果,107.944034,29.34570105
2613,15.126327514648438,10.00606632232666,171.27920532226562,7.652421474456787,0.00020459179359022528,0.002902265638113022,,0.01172714028507471,0.020920997485518456,,8.222396613544218,23255.869137543294,7,SC2,9.169027328491211,芒草、野古草、金茅草丛,108.2306222,29.33799027
2614,13.895363807678223,9.417259216308594,167.34674072265625,7.1090922355651855,0.0007203235290944576,0.0035241530276834965,,0.015479480847716331,0.022047359496355057,,19.339768301359243,23237.270473748184,7,SC2,10.119162559509277,芒草、野古草、金茅草丛,108.2309284,29.33798285
2615,28.653545379638672,16.021114349365234,216.94207763671875,16.117647171020508,0.001960700610652566,0.006278003100305796,,0.023210223764181137,0.05849860608577728,,222.12918196362907,23101.59512372379,7,SC2,42.220333099365234,芒草、野古草、金茅草丛,108.2331819,29.33794198
2616,28.001070022583008,16.672819137573242,59.30073165893555,15.356839179992676,9.501406566414516e-06,0.008641302585601807,,0.004321704618632793,0.025428980588912964,,474.88055164554834,22798.106487223777,2,SC2,62.7552490234375,芒草、野古草、金茅草丛,108.2348678,29.33562801
2617,15.804577827453613,7.754173278808594,269.8344039916992,7.148350238800049,0.0003270020824857056,0.003424893133342266,,0.003764757188037038,0.023634914308786392,,325.3180831249608,23409.353291100848,7,SC2,19.63107681274414,芒草、野古草、金茅草丛,108.2265473,29.33702565
2618,13.366930961608887,6.206893444061279,324.7648124694824,6.111972808837891,0.0006381314597092569,0.0023956175427883863,,0.003335747867822647,0.020501170307397842,,152.0342164983232,23293.20633272692,7,SC2,21.436925888061523,芒草、野古草、金茅草丛,108.228517,29.33701757
2619,25.28754997253418,16.126739501953125,155.20098876953125,13.070009231567383,0.0019141521770507097,0.005842570215463638,,0.007861006073653698,0.023151103407144547,,111.25210341257585,23043.313163870618,1,SC2,60.33326721191406,芒草、野古草、金茅草丛,108.2308272,29.33572315
2620,16.44990348815918,10.817965507507324,160.9247283935547,8.45971965789795,0.0019502891227602959,0.004006532486528158,,0.015017001889646053,0.02120050974190235,,58.1300990736262,23195.434700457496,7,SC2,14.592114448547363,芒草、野古草、金茅草丛,108.2312261,29.33770712
2621,26.591100692749023,6.5558905601501465,134.00015258789062,12.637154579162598,0.0016960344510152936,0.003958712797611952,,-0.000733372,0.008317675441503525,,333.9896635029739,42416.281025549295,2,SO1,45.600128173828125,夏稻、冬小麦、蚕豆、玉米；大豆、冬油菜；茶、油桐、棕榈；杨梅、苹果,107.9439392,29.34352648
2622,29.335268020629883,8.898229598999023,70.73357391357422,14.27497673034668,0.0027513394597917795,0.004860956687480211,,0.0046473960392177105,0.02181592956185341,,332.7806920056695,22905.527150985552,2,SC2,57.75018310546875,芒草、野古草、金茅草丛,108.2333875,29.33586167
2623,23.75766372680664,6.693358898162842,132.1074676513672,11.204544067382812,0.001019781338982284,0.004672464448958635,,-0.001630814,0.011697559617459774,,360.2103799652103,42386.472716186516,2,SO1,48.509307861328125,夏稻、冬小麦、蚕豆、玉米；大豆、冬油菜；茶、油桐、棕榈；杨梅、苹果,107.9438709,29.34298932
2624,16.426843643188477,10.006736755371094,133.664306640625,8.092705726623535,2.520641101000365e-05,0.001759264850988984,,0.002417192095890641,0.02825947478413582,,286.36283790602187,42456.9073914355,2,SO1,6.671171188354492,夏稻、冬小麦、蚕豆、玉米；大豆、冬油菜；茶、油桐、棕榈；杨梅、苹果,107.9429596,29.34297214
2625,27.085412979125977,8.134626388549805,175.85623168945312,12.785286903381348,0.001188581227324903,0.0043761879205703735,,-0.000551814,0.016730282455682755,,396.40975768640396,42345.821268865686,2,SO1,36.90833282470703,夏稻、冬小麦、蚕豆、玉米；大豆、冬油菜；茶、油桐、棕榈；杨梅、苹果,107.9438098,29.34229384
2626,26.358470916748047,7.93340539932251,153.08058166503906,12.61606216430664,0.0010077873012050986,0.0033605333883315325,,0.001755131408572197,0.016862327232956886,,355.3251290963955,42389.097713290495,2,SO1,27.823593139648438,夏稻、冬小麦、蚕豆、玉米；大豆、冬油菜；茶、油桐、棕榈；杨梅、苹果,107.9436429,29.34275564
2627,15.173074722290039,11.388269424438477,44.69086456298828,8.080707550048828,-0.000788181,0.005785014014691114,,-0.003181152,0.06853476166725159,,306.5330426680805,42428.08665133722,2,SO1,18.463674545288086,夏稻、冬小麦、蚕豆、玉米；大豆、冬油菜；茶、油桐、棕榈；杨梅、苹果,107.9423908,29.34184336
2628,20.33563232421875,8.342288970947266,111.86016845703125,9.539397239685059,0.0031380250584334135,0.003944633528590202,,-0.009587984,0.01152610220015049,,531.5890658068241,42216.79938988511,2,SO1,18.54831314086914,夏稻、冬小麦、蚕豆、玉米；大豆、冬油菜；茶、油桐、棕榈；杨梅、苹果,107.9454688,29.34231249
2629,18.57121467590332,8.41706371307373,155.3854217529297,8.835372924804688,0.0046540130861103535,0.004017111845314503,,-0.012701953,0.013952075503766537,,528.9351950696862,42215.84730443338,2,SO1,10.217077255249023,夏稻、冬小麦、蚕豆、玉米；大豆、冬油菜；茶、油桐、棕榈；杨梅、苹果,107.945151,29.34191669
2630,11.06256103515625,7.248486518859863,321.27978897094727,5.113214015960693,-3.13E-05,0.0012529247906059027,,-0.000894401,0.02812318317592144,,120.29937718391709,23204.82282316519,7,SC2,12.137746810913086,芒草、野古草、金茅草丛,108.2279437,29.33563854
2631,30.142059326171875,8.83508014678955,238.2968292236328,14.79785156,-0.001291502,0.005724446382373571,,-0.003230459,0.0167545136064291,,540.0999700980883,42190.43709245964,2,SO1,55.240577697753906,夏稻、冬小麦、蚕豆、玉米；大豆、冬油菜；茶、油桐、棕榈；杨梅、苹果,107.9444914,29.34073198
2632,28.218875885009766,3.996309995651245,147.80604553222656,13.299339294433594,0.0009604519582353532,0.00694475369527936,,-0.003688375,0.006787294987589121,,392.791928870662,42344.051896875666,2,SO1,25.759220123291016,夏稻、冬小麦、蚕豆、玉米；大豆、冬油菜；茶、油桐、棕榈；杨梅、苹果,107.9433199,29.34167578
2633,12.035019874572754,8.195241928100586,319.54793548583984,5.453784465789795,-0.000251711,0.0010948826093226671,,0.001451498712413013,0.02666408382356167,,88.48142774969426,23167.64755567447,7,SC2,11.412635803222656,芒草、野古草、金茅草丛,108.2277737,29.33510563
2634,9.876798629760742,8.142037391662598,299.38794708251953,4.65272855758667,-0.00015781,0.0010270285420119762,,0.008222481235861778,0.021892204880714417,,67.5356994558034,23149.048925416086,7,SC2,9.553287506103516,芒草、野古草、金茅草丛,108.2280798,29.33509822
2635,14.8607816696167,10.00199031829834,341.37372398376465,7.173581123352051,0.00035393028520047665,0.0018313531763851643,,0.00413465965539217,0.023150058463215828,,103.36087068331904,23155.95753817016,7,SC2,22.58664894104004,芒草、野古草、金茅草丛,108.2267082,29.33426751
2636,8.850199699401855,8.101371765136719,265.3373718261719,4.4294610023498535,-0.000179283,0.0008979128324426711,,0.012746043503284454,0.01988227479159832,,46.390277612555856,23125.81162016251,1,SC2,7.545148849487305,芒草、野古草、金茅草丛,108.2280714,29.33482991
2637,7.45229434967041,7.902989387512207,195.03257751464844,3.924142360687256,5.1621431339299306e-05,0.0005992096266709268,,0.014414004050195217,0.019305648282170296,,25.444567318039923,23107.213007839622,1,SC2,4.971068859100342,芒草、野古草、金茅草丛,108.2283775,29.3348225
2638,13.074833869934082,8.189435005187988,157.3192138671875,6.3519287109375,0.001364284660667181,0.00178521650377661,,0.009656554087996483,0.014220817014575005,,37.75194485466338,23043.067624059495,1,SC2,9.755678176879883,芒草、野古草、金茅草丛,108.2287297,29.33433065
2639,8.211417198181152,7.82980489730835,163.83865356445312,4.223918914794922,-5.12E-05,0.00046198960626497865,,0.0106320446357131,0.017358552664518356,,16.846286231452567,23060.73839225461,1,SC2,6.624817371368408,芒草、野古草、金茅草丛,108.2283606,29.33428589
2640,9.454498291015625,7.230358600616455,156.96502685546875,4.700501441955566,-0.000121078,0.0007586394203826785,,0.01017282996326685,0.015904627740383148,,37.99172676454841,23037.501072177758,1,SC2,8.070474624633789,芒草、野古草、金茅草丛,108.2283521,29.33401758
2641,31.083036422729492,11.871285438537598,168.25575256347656,16.003698348999023,0.00011717687448253855,0.005049970466643572,,-0.000252819,0.010655704885721207,,275.2192400910084,22823.628426727664,2,SC2,70.74640655517578,芒草、野古草、金茅草丛,108.2314987,29.33368451
2642,13.035181999206543,7.890835762023926,151.81056213378906,6.122390270233154,-0.00018939,0.0012462381273508072,,0.008453888818621635,0.01295078918337822,,58.93740140143568,23018.902497284686,7,SC2,11.08101749420166,芒草、野古草、金茅草丛,108.2286583,29.33401017
2643,20.39695930480957,11.970393180847168,166.08529663085938,9.747966766357422,0.00240439735352993,0.003327543381601572,,0.004786692094057798,0.01314651407301426,,141.71461310785864,22910.207570827763,2,SC2,39.528682708740234,芒草、野古草、金茅草丛,108.2286762,29.33279321
2644,15.468695640563965,7.739098072052002,147.59552001953125,7.147472381591797,-1.74E-05,0.0014854944311082363,,0.008111308328807354,0.011892217211425304,,80.08284228105806,22995.665178762436,7,SC2,12.162606239318848,芒草、野古草、金茅草丛,108.2286498,29.33374186
2645,27.33506965637207,11.359991073608398,144.54898071289062,14.226787567138672,0.0011719652684405446,0.00697866827249527,,-0.000721841,0.037648800760507584,,320.31896213168176,22764.706466728057,2,SC2,60.38685607910156,芒草、野古草、金茅草丛,108.2309055,29.33262537
2646,30.89948844909668,10.527688980102539,250.76990509033203,15.48666763305664,-0.000863686,0.006641975603997707,,0.001699600019492209,0.015578179620206356,,548.7706552422137,42049.91516022916,2,SO1,72.7377700805664,夏稻、冬小麦、蚕豆、玉米；大豆、冬油菜；茶、油桐、棕榈；杨梅、苹果,107.9444336,29.33849456
2647,31.042205810546875,9.67253303527832,292.40643310546875,16.684541702270508,0.0002990586799569428,0.008189190179109573,,-0.004528474,0.017320409417152405,,1276.2450803418658,41471.44377627384,2,SO1,39.709571838378906,夏稻、冬小麦、蚕豆、玉米；大豆、冬油菜；茶、油桐、棕榈；杨梅、苹果,107.951944,29.33868606
2648,25.724708557128906,7.974232196807861,159.50439453125,12.638818740844727,0.00023706950014457107,0.007928217761218548,,-0.005214862,0.03424777463078499,,531.4461195722441,42127.45452791658,2,SO1,43.50461196899414,夏稻、冬小麦、蚕豆、玉米；大豆、冬油菜；茶、油桐、棕榈；杨梅、苹果,107.9443252,29.33956038
2649,31.117116928100586,10.111766815185547,191.42971801757812,15.443414688110352,8.138146949931979e-05,0.005743551999330521,,0.001748549286276102,0.010247000493109226,,776.3259226944613,41841.205046913616,2,SO1,95.10105895996094,夏稻、冬小麦、蚕豆、玉米；大豆、冬油菜；茶、油桐、棕榈；杨梅、苹果,107.946746,29.33808961
2650,25.743053436279297,12.778553009033203,244.96607971191406,12.830081939697266,0.0003102486953139305,0.007133526261895895,,0.003551464295014739,0.02210623025894165,,830.8188569327158,41731.55209595485,2,SO1,103.2843246459961,夏稻、冬小麦、蚕豆、玉米；大豆、冬油菜；茶、油桐、棕榈；杨梅、苹果,107.9470222,29.33673215
2651,24.431781768798828,11.671279907226562,190.84938049316406,12.06589126586914,0.0006706953863613307,0.005525809712707996,,0.0001676979154581204,0.02168741449713707,,1000.105234947968,41561.72274815668,2,SO1,100.82855224609375,夏稻、冬小麦、蚕豆、玉米；大豆、冬油菜；茶、油桐、棕榈；杨梅、苹果,107.9486016,29.33603456
2652,23.86439323425293,11.303694725036621,345.84028911590576,11.298858642578125,-0.000132754,0.004736564587801695,,-0.006359281,0.018924353644251823,,103.8023047372894,23109.597931522014,7,SC2,18.078786849975586,芒草、野古草、金茅草丛,108.2261879,29.33339869
2653,14.508400917053223,9.624181747436523,185.8262176513672,6.133281707763672,0.00015563434862997383,0.0025210753083229065,,0.010075091384351254,0.009453984908759594,,75.54798584,22935.274132814233,7,SC2,14.072127342224121,芒草、野古草、金茅草丛,108.2276891,29.33242256
2654,6.835213661193848,4.339571475982666,171.3909149169922,3.5271670818328857,-0.000466355,0.000896356301382184,,-0.011202235,0.0201486237347126,,304.9467310990848,42190.413984305065,7,SO1,2.1068708896636963,夏稻、冬小麦、蚕豆、玉米；大豆、冬油菜；茶、油桐、棕榈；杨梅、苹果,107.9412221,29.33672194
2655,18.1258487701416,8.416572570800781,187.7412872314453,8.35275650024414,0.0002970907371491194,0.0038985128048807383,,0.014103648252785206,0.02552293986082077,,445.83861030904677,42048.55167036922,7,SO1,20.634193420410156,夏稻、冬小麦、蚕豆、玉米；大豆、冬油菜；茶、油桐、棕榈；杨梅、苹果,107.9424815,29.33606754
2656,7.785519123077393,6.135155200958252,146.88014221191406,3.8756649494171143,-0.000793195,0.003468211507424712,,0.005921042058616877,0.020315684378147125,,300.7612098120462,42184.8989920851,1,SO1,6.751057147979736,夏稻、冬小麦、蚕豆、玉米；大豆、冬油菜；茶、油桐、棕榈；杨梅、苹果,107.9410077,29.3363686
2657,3.8082497119903564,1.9381664991378784,71.50741577148438,2.487558126449585,-4.55E-05,0.0013561876257881522,,0.013897232711315155,0.024120816960930824,,345.6914000833784,42136.73195191918,7,SO1,2.1724398136138916,夏稻、冬小麦、蚕豆、玉米；大豆、冬油菜；茶、油桐、棕榈；杨梅、苹果,107.941356,29.33604761
2658,5.85125732421875,7.185792922973633,53.29037857055664,2.94791579246521,-0.000194949,0.004192623309791088,,0.0014549401821568608,0.027798909693956375,,305.4287495262467,42163.881488232204,7,SO1,7.132622241973877,夏稻、冬小麦、蚕豆、玉米；大豆、冬油菜；茶、油桐、棕榈；杨梅、苹果,107.9407507,29.33571781
2659,2.409193277359009,0.9573489427566528,347.9699993133545,1.1224582195281982,0.00024076388217508793,0.0004375168646220118,,0.036070652306079865,0.04742775857448578,,385.38983152865865,42081.76330028813,7,SO1,1.0515166521072388,夏稻、冬小麦、蚕豆、玉米；大豆、冬油菜；茶、油桐、棕榈；杨梅、苹果,107.9414362,29.33528495
2660,14.652091026306152,7.867675781,105.19647216796875,6.707983493804932,0.0007209465838968754,0.0033001296687871218,,0.004632885567843914,0.03993627056479454,,560.7622790632188,41863.66808621175,7,SO1,40.00026321411133,夏稻、冬小麦、蚕豆、玉米；大豆、冬油菜；茶、油桐、棕榈；杨梅、苹果,107.9422345,29.3328504
2661,17.174442291259766,5.532506942749023,150.8814239501953,7.776332855224609,0.0012000419665127993,0.004822170361876488,,0.003132001729682088,0.02348051778972149,,1048.409391633965,41457.83915520139,7,SO1,35.45048522949219,夏稻、冬小麦、蚕豆、玉米；大豆、冬油菜；茶、油桐、棕榈；杨梅、苹果,107.9481547,29.33387307
2662,2.88317608833313,1.9097992181777954,12.326498031616211,1.2519891262054443,0.00025625008856877685,0.0010547465644776821,,-0.009229945,0.024128438904881477,,298.94934088924856,42152.20649941581,7,SO1,1.88031005859375,夏稻、冬小麦、蚕豆、玉米；大豆、冬油菜；茶、油桐、棕榈；杨梅、苹果,107.9403567,29.33504021
2663,16.781246185302734,7.930326461791992,213.52040100097656,7.742371082305908,-0.00022731,0.0056027695536613464,,-0.003667586,0.043801773339509964,,607.2192165180504,41851.45932999629,7,SO1,22.5360164642334,夏稻、冬小麦、蚕豆、玉米；大豆、冬油菜；茶、油桐、棕榈；杨梅、苹果,107.9432922,29.33398756
2664,10.401762008666992,5.350876331329346,181.43075561523438,4.5634684562683105,-0.000553212,0.001546283601783216,,0.01819489523768425,0.03215832635760307,,476.29662110524396,41986.81568586542,7,SO1,10.732583999633789,夏稻、冬小麦、蚕豆、玉米；大豆、冬油菜；茶、油桐、棕榈；杨梅、苹果,107.9421864,29.3347313
2665,11.869184494018555,6.45490026473999,196.24290466308594,5.589184761047363,-0.000200087,0.0028121464420109987,,0.0006869478966109455,0.014302276074886322,,961.3714920203523,41551.0766484562,2,SO1,36.52507400512695,夏稻、冬小麦、蚕豆、玉米；大豆、冬油菜；茶、油桐、棕榈；杨梅、苹果,107.9474773,29.33448912
2666,32.181575775146484,11.951512336730957,248.5106430053711,15.825161933898926,-0.003059678,0.0056553734466433525,,-0.014517243,0.02562546357512474,,1265.842431903305,41248.21030680421,2,SO1,23.42502212524414,夏稻、冬小麦、蚕豆、玉米；大豆、冬油菜；茶、油桐、棕榈；杨梅、苹果,107.950263,29.33321011
2667,23.693010330200195,10.224432945251465,238.91131591796875,11.552763938903809,0.0008387966081500053,0.005740283988416195,,0.0036000085528939962,0.01842898689210415,,1035.8824926953228,41445.40397016116,2,SO1,33.70066833496094,夏稻、冬小麦、蚕豆、玉米；大豆、冬油菜；茶、油桐、棕榈；杨梅、苹果,107.9475916,29.33298145
2668,13.195602416992188,3.9306018352508545,190.21412658691406,5.865230083465576,-0.001693788,0.002626798814162612,,0.0013165585696697235,0.010829988867044449,,752.1554870037182,41706.0308026591,7,SO1,8.316205024719238,夏稻、冬小麦、蚕豆、玉米；大豆、冬油菜；茶、油桐、棕榈；杨梅、苹果,107.9445977,29.33333533
2669,17.955020904541016,7.010105609893799,100.84381103515625,8.082316398620605,-0.000636238,0.0030685802921652794,,0.0020394432358443737,0.03035787306725979,,990.9502792386679,41445.73053698363,7,SO1,29.144794464111328,夏稻、冬小麦、蚕豆、玉米；大豆、冬油菜；茶、油桐、棕榈；杨梅、苹果,107.9463668,29.33145694
2670,20.442867279052734,7.079250812530518,165.25741577148438,7.8050127029418945,0.0020439825020730495,0.0034362671431154013,,0.003206192282959819,0.009423092938959599,,545.9289326643675,41854.50575080393,7,SO1,16.673925399780273,夏稻、冬小麦、蚕豆、玉米；大豆、冬油菜；茶、油桐、棕榈；杨梅、苹果,107.9416472,29.33196179
2671,21.43273162841797,4.107075214385986,144.4835205078125,9.892282485961914,0.0007990473532117903,0.004591553471982479,,-0.001230683,0.009535162709653378,,654.4879914847678,41732.88216856954,7,SO1,19.092405319213867,夏稻、冬小麦、蚕豆、玉米；大豆、冬油菜；茶、油桐、棕榈；杨梅、苹果,107.9423847,29.33096723
2672,20.293869018554688,5.94845724105835,148.1311492919922,9.08680248260498,0.0013866559602320194,0.0048234607093036175,,-0.002271206,0.011609773151576519,,692.9996799163179,41691.68002616536,7,SO1,18.20266342163086,夏稻、冬小麦、蚕豆、玉米；大豆、冬油菜；茶、油桐、棕榈；杨梅、苹果,107.9426832,29.33069209
